Transaction 0:10 69 6.69, 10 44 6.11, 10 58 1.14, 14 90 17.37, 12 85 3.64, 12 109 7.37, 12 44 6.48, 12 34 6.54, 1 25 0.46, 1 115 0.28, 7 10 6.33, 15 171 3.06, 15 133 2.11, 15 21 4.93, 8 92 1.85, 8 150 3.93, 6 34 0.44, 6 36 0.2, 6 64 0.8, 17 40 4.43, 17 61 5.92, 17 32 5.72, 17 28 10.05, 17 19 4.59, 17 65 2.89, 17 146 8.17, 11 392 3.24, 11 24 7.92, 
Transaction 1:10 47 1.06, 10 97 1.49, 10 92 1.12, 10 48 0.96, 14 61 2.32, 18 257 2.31, 12 47 5.25, 12 27 2.42, 1 82 3.14, 15 158 3.01, 8 76 0.62, 6 25 1.47, 6 36 0.02, 17 48 2.07, 4 278 1.26, 2 410 4.12, 2 42 3.17, 5 86 4.13, 
Transaction 2:10 42 4.1, 10 37 5.82, 12 186 4.21, 12 36 5.48, 1 28 1.19, 7 22 3.87, 7 10 3.49, 13 100 0.1, 8 104 4.51, 6 50 0.24, 17 48 7.88, 17 75 6.28, 17 13 10.32, 4 95 6.69, 16 70 1.17, 2 81 14.9, 
Transaction 3:10 103 2.14, 18 95 7.97, 18 35 6.76, 13 67 0.3, 15 21 0.5, 17 27 5.26, 17 29 5.72, 17 27 8.98, 17 25 7.69, 4 82 4.42, 9 137 1.62, 5 342 3.86, 3 61 6.27, 3 27 4.07, 
Transaction 4:14 78 2.03, 18 85 0.74, 18 39 0.75, 13 523 0.99, 5 706 1.89, 
Transaction 5:10 20 1.68, 10 35 1.48, 10 27 0.98, 10 25 0.32, 10 37 0.45, 18 135 1.97, 15 399 4.21, 10 52 1.17, 10 39 0.01, 10 26 1.25, 10 27 1.26, 10 26 1.48, 10 10 0.31, 18 83 1.98, 18 110 0.42, 18 36 0.58, 18 94 0.46, 1 359 1.25, 15 611 5.05, 15 62 5.29, 6 102 0.28, 17 33 2.26, 17 14 2.64, 17 12 2.25, 17 46 1.73, 16 99 0.49, 16 507 0.8, 16 62 1.69, 13 86 1.05, 13 35 1.19, 15 30 3.25, 15 57 3.81, 15 29 4.11, 15 46 3.11, 8 98 1.49, 17 95 1.04, 17 31 1.27, 17 31 1.26, 4 56 1.82, 16 129 0.56, 11 578 1.62, 11 33 1.13, 5 50 3.3, 5 35 1.67, 5 20 2.41, 5 24 1.79, 5 20 1.11, 3 49 3.8, 
Transaction 6:10 30 2.17, 14 67 13.88, 10 47 2.62, 10 31 2.47, 10 26 8.95, 18 349 3.26, 18 33 2.43, 18 52 2.08, 1 180 0.81, 1 70 1.41, 1 67 1.54, 1 374 1.54, 13 168 2.69, 13 57 2.46, 13 105 2.84, 15 111 1.09, 15 98 0.06, 15 28 3.08, 15 90 1.98, 8 71 4.97, 17 118 3.08, 17 40 8.25, 9 733 2.38, 2 265 10.44, 3 213 3.94, 3 60 3.1, 
Transaction 7:10 47 1.81, 10 27 1.03, 10 28 0.81, 10 52 1.81, 10 8 1, 10 56 1.19, 18 85 0.66, 18 348 2.2, 12 131 0.24, 1 313 3.78, 18 97 0.68, 12 24 9.5, 7 214 2.45, 13 59 0.41, 15 183 4.37, 15 34 2.43, 15 93 3.79, 15 33 4.69, 15 50 2.55, 8 171 0.48, 8 44 1.71, 15 91 0.22, 16 672 0.91, 9 262 6.71, 2 254 0.14, 
Transaction 8:10 55 2.35, 10 88 1.21, 12 103 0.62, 12 32 3.38, 12 22 3.84, 7 73 0.94, 7 10 1.37, 13 83 0.84, 13 112 1.29, 15 103 5.29, 8 158 1.11, 6 28 1.56, 
Transaction 9:10 91 1.94, 10 35 0.84, 7 102 2.15, 7 15 0.94, 13 50 1.52, 15 256 5.48, 15 29 2.82, 8 79 2.64, 8 143 1.53, 8 55 1.65, 17 370 0.58, 16 209 1.22, 9 94 0.09, 5 424 2.29, 
Transaction 10:10 18 0.87, 10 117 0.03, 10 35 1.15, 14 116 3.48, 14 43 4.15, 18 74 1.66, 18 52 1.7, 12 73 0.96, 16 320 0.92, 11 460 1.92, 5 48 2.28, 5 71 3.05, 5 21 1.8, 3 389 1.85, 3 70 3.79, 3 96 4.6, 
Transaction 11:10 46 2.31, 18 101 1.99, 12 89 6.69, 1 163 0.64, 15 103 3.15, 10 46 0.91, 10 58 9.7, 18 114 5.79, 18 60 1.16, 7 149 5.66, 13 41 2.28, 15 16 2.99, 6 202 1.81, 6 23 1.28, 6 23 1.3, 6 19 0.67, 6 20 2.73, 6 27 0.73, 17 37 0.25, 17 30 4.92, 5 253 3.18, 5 10 0.44, 5 120 5.54, 5 22 3.27, 3 58 0.42, 
Transaction 12:10 24 1.14, 18 187 1.61, 12 66 2.89, 1 82 3.86, 13 136 1.96, 15 55 1.78, 15 156 0.8, 15 47 3.24, 15 106 2.17, 15 101 2.85, 8 29 1.88, 6 200 2.43, 6 66 0.94, 17 85 1.46, 2 575 3.78, 5 360 2.06, 
Transaction 13:10 77 1.2, 10 101 1.08, 15 29 4.37, 15 22 4.9, 15 26 2.36, 15 41 2.1, 8 121 1.8, 6 28 0.8, 17 77 3.43, 
Transaction 14:10 40 1.52, 10 31 1.66, 14 147 1.82, 18 64 1, 12 143 1.98, 7 95 1.36, 13 94 0.62, 15 111 1.89, 6 155 1.14, 6 41 1.59, 17 54 2.5, 7 229 0.86, 13 131 1.39, 10 108 1.16, 12 385 5.24, 12 52 2.36, 12 42 4.11, 15 303 2.65, 8 46 1.23, 6 332 1.22, 6 107 1.73, 17 127 2.16, 17 183 1.92, 6 82 0.33, 17 58 1.64, 17 108 1.12, 17 70 1.8, 10 112 1.6, 10 32 1.36, 12 119 5.84, 1 56 2.28, 15 230 0.06, 8 247 0.19, 8 98 0.98, 8 33 1.23, 6 61 2.05, 16 244 0.93, 11 481 0.6, 11 21 2.76, 5 78 2.84, 3 124 5.12, 
Transaction 15:14 63 6.66, 18 44 3.07, 12 48 9.96, 12 40 6.86, 1 31 0.62, 13 66 1.09, 15 77 2.61, 8 56 2.52, 8 106 2.68, 8 41 4.23, 8 50 1.01, 8 18 2.58, 8 62 0.87, 8 99 6.46, 6 60 0.48, 9 247 0.94, 2 350 5.46, 2 81 9.12, 5 203 5.02, 5 6 4.21, 5 10 2.36, 3 51 6.33, 
Transaction 16:10 38 1.58, 10 35 1.56, 10 25 1.77, 15 31 2.21, 15 79 1.14, 6 187 2.26, 6 56 1.04, 17 96 1.8, 17 33 0.94, 17 28 1.94, 9 477 7.03, 3 502 4.77, 3 32 4.21, 3 40 4.75, 
Transaction 17:10 22 2.68, 10 39 0.75, 10 50 8.13, 10 111 2.65, 14 27 10.57, 18 624 4.73, 12 33 6.45, 1 39 1.3, 1 28 1.77, 1 32 0.82, 12 29 1.68, 7 50 5.18, 7 10 5.48, 13 51 1.66, 15 60 2.85, 15 95 2.46, 17 31 4.29, 17 27 4.27, 17 87 3.67, 16 189 3.8, 2 165 11.59, 2 64 9.24, 2 389 7.81, 2 146 12.05, 2 151 1.25, 16 335 4.41, 16 78 1.36, 2 109 1.53, 11 26 9.95, 11 37 4.98, 11 55 1.46, 11 121 12.41, 5 119 1.07, 5 13 2.23, 5 18 5.28, 
Transaction 18:10 31 0.7, 18 149 1.17, 18 55 0.01, 1 171 2.09, 15 290 3.88, 15 30 1.46, 15 30 4.79, 17 177 1.16, 5 463 1.4, 3 79 6.32, 
Transaction 19:10 23 3.81, 10 24 7.24, 10 159 7.16, 10 28 2.58, 10 22 7.78, 18 232 2.41, 12 43 5.17, 12 24 3.32, 12 40 6.1, 1 186 0.97, 15 275 3.31, 8 103 0.08, 8 29 6.25, 8 42 0.67, 8 32 7.99, 8 43 4.19, 8 63 6.14, 6 61 1.45, 17 41 2.3, 16 605 6.55, 11 735 6.96, 
Transaction 20:10 46 1.17, 18 125 0.57, 18 45 0.8, 18 34 1.43, 18 57 1.45, 18 44 1.36, 18 47 1.09, 18 61 1.66, 18 62 0.07, 18 38 1.12, 18 53 2.27, 18 33 0.68, 15 152 1.83, 15 45 1.04, 8 49 0.97, 6 51 0.98, 6 135 0.58, 6 61 1.9, 17 28 0.03, 3 26 4.48, 
Transaction 21:10 49 6.14, 14 59 11.61, 18 92 9.21, 18 47 6, 7 220 3.71, 9 108 1.73, 3 273 6.44, 
Transaction 22:10 50 1.64, 8 168 1.25, 8 44 2.07, 16 269 1.68, 9 386 6.57, 2 471 3.41, 2 60 4.04, 11 50 2.28, 3 209 6.17, 
Transaction 23:10 30 1.81, 10 36 0.62, 10 35 0.9, 10 30 1.48, 10 32 1.65, 10 15 0.35, 10 46 1.19, 14 87 4.56, 18 94 1.43, 18 58 0.86, 18 45 0.97, 18 37 0.18, 18 65 1.08, 18 69 1.02, 18 38 0.57, 18 43 0.8, 18 55 0.59, 18 50 1.21, 12 44 5.77, 1 95 1.87, 1 71 3.1, 13 132 1.37, 15 63 2.73, 8 166 1.13, 6 85 1.78, 6 75 2.05, 6 92 0.03, 17 36 1.97, 4 61 0.24, 9 189 0.95, 9 267 8.83, 9 383 7.64, 2 173 3.54, 3 368 5.09, 
Transaction 24:10 17 8.51, 10 33 9.84, 14 49 8.39, 18 373 6.44, 12 145 2.44, 1 97 1.21, 16 273 2.81, 
Transaction 25:10 48 1.83, 18 146 0.42, 12 141 6.76, 12 40 2.03, 12 33 3.65, 12 53 4.92, 12 29 2.62, 12 34 4.57, 12 47 4.53, 12 39 2.9, 12 24 4.15, 1 31 1.44, 1 24 4.64, 1 25 2.79, 7 129 1.1, 15 74 2.94, 15 25 4.51, 8 66 1.15, 8 47 1.46, 6 134 0.62, 6 28 1.29, 15 70 4.6, 15 26 3.95, 15 94 1.19, 15 48 0.17, 6 112 0.89, 17 76 3.73, 5 559 0.71, 3 140 5.39, 
Transaction 26:10 43 0.93, 14 150 3.88, 7 220 0.7, 13 57 1.47, 13 31 1.72, 4 41 2.19, 16 25 0.72, 9 29 9.69, 9 26 2.6, 9 28 7.06, 9 13 7.09, 16 43 0.77, 16 35 1.13, 16 25 0.81, 9 28 6.15, 9 31 2.33, 9 27 5.23, 9 21 2.23, 9 26 3.94, 9 28 5.14, 9 23 6.39, 9 24 7.13, 9 17 5.08, 9 33 8.56, 2 42 3.3, 2 63 5.1, 2 84 3.02, 2 44 2.79, 
Transaction 27:10 36 1.5, 15 91 4.23, 15 75 0.15, 15 37 4.47, 15 49 0.01, 17 60 0.87, 17 26 1.59, 17 18 0.79, 17 33 2.11, 17 27 1.88, 13 64 1.15, 15 134 2.04, 15 26 3.42, 6 181 1.72, 6 54 1.45, 6 82 1.42, 6 53 1.8, 17 28 2.16, 17 25 2.31, 17 27 1.25, 17 33 2.54, 3 373 1.7, 3 26 1.44, 
Transaction 28:10 60 0.96, 18 94 1.42, 12 85 5.51, 1 63 2.7, 1 36 1.63, 1 30 0, 7 22 1.3, 13 59 1.03, 15 18 4.17, 15 43 2.43, 15 17 1.53, 15 28 3.38, 8 97 1.24, 8 70 1.35, 8 105 1.46, 8 33 0.46, 8 49 1.58, 8 103 1.24, 8 114 1.12, 17 49 0.71, 16 106 0.41, 16 25 0.53, 9 161 3.96, 2 84 2.17, 2 76 2.07, 11 29 1.06, 5 20 1.97, 5 81 2.28, 
Transaction 29:10 45 0.88, 18 53 0.96, 18 58 0.4, 1 261 2.14, 13 89 2.15, 4 104 0.66, 5 446 3.29, 
Transaction 30:10 19 1.31, 10 108 1.65, 14 78 1.23, 12 94 3.1, 7 74 0.99, 7 45 0.39, 8 193 1.09, 8 22 0.73, 8 66 1.25, 6 131 0.74, 17 124 1.18, 5 431 2.23, 5 18 1.04, 5 31 2.42, 
Transaction 31:6 131 1.48, 6 36 1.66, 6 64 2.12, 6 24 1.93, 17 26 4.7, 3 326 4.8, 3 44 3.87, 3 83 1.72, 3 122 5.55, 3 72 0.3, 3 28 3.9, 5 11 0.5, 3 41 0.46, 3 40 4.24, 
Transaction 32:10 53 6.5, 14 35 3.42, 18 95 1.29, 12 37 5.82, 1 78 1.63, 8 265 2.52, 8 46 2.49, 8 35 4.13, 6 22 0.56, 17 41 7.9, 17 50 5.16, 17 39 8.9, 17 47 3.71, 2 394 16.23, 11 47 2.03, 5 13 3.52, 3 43 6.48, 
Transaction 33:10 40 1.43, 10 40 0.96, 10 91 0, 18 164 1.29, 18 88 0.57, 18 47 0.81, 12 111 2.92, 1 63 3.11, 7 65 1.17, 4 101 2.44, 3 118 2.83, 13 239 0.97, 13 183 1.4, 7 49 1.34, 7 56 1.53, 7 25 0.77, 13 39 2.08, 15 93 0.44, 8 81 1.83, 6 72 0.43, 17 84 0.82, 11 1066 1.32, 5 19 2.38, 
Transaction 34:10 17 0.85, 10 31 1.14, 10 75 1.03, 10 31 0.58, 10 38 0.98, 10 34 1.44, 14 50 3.66, 18 46 0.46, 18 202 1.57, 18 38 1.9, 18 160 2.68, 18 52 0.17, 12 92 4.62, 12 34 2.34, 12 44 4.04, 12 46 3.2, 12 47 6.62, 1 87 2.02, 1 65 4, 13 216 1.04, 13 42 1.39, 15 164 4.54, 8 49 1.7, 8 25 2.1, 8 138 0.89, 8 103 1.13, 8 40 1.32, 6 31 0.74, 
Transaction 35:14 135 3.02, 12 241 2.79, 12 74 4.55, 1 93 2.36, 7 36 1.95, 13 59 1.34, 13 52 0.51, 13 38 1.01, 6 467 2.29, 6 37 1.17, 4 161 1.38, 4 68 2.67, 
Transaction 36:10 40 0.86, 18 215 1.66, 18 55 1.24, 13 180 0.6, 13 34 0.46, 15 28 3.79, 17 33 1.71, 17 13 1.2, 3 48 2.29, 3 22 2.6, 3 144 7.59, 
Transaction 37:10 189 0.36, 14 107 2.41, 14 35 2.83, 18 103 0.59, 7 142 1.68, 13 180 0.92, 13 46 1.59, 16 203 1.28, 5 350 2.43, 3 108 3.45, 
Transaction 38:10 31 5.61, 10 49 7.52, 10 67 3.86, 14 22 0.61, 18 50 2.69, 1 111 0.83, 1 64 0.87, 1 31 1.17, 1 26 1.37, 13 91 0.48, 13 28 2.4, 13 119 2.5, 13 38 1.82, 13 26 1.53, 15 24 2.8, 6 133 1.47, 17 29 3.23, 17 25 6.78, 17 27 3.62, 17 19 8.36, 17 30 6.27, 17 30 7.18, 17 22 3.67, 16 152 3.98, 9 101 1.9, 9 138 1.56, 3 636 7.35, 
Transaction 39:10 33 1.59, 10 36 1.14, 10 39 2.12, 10 38 0.83, 14 109 1.03, 12 163 3.38, 12 111 2.51, 13 149 1.07, 13 38 1.69, 13 96 0.06, 13 56 1.38, 8 130 1.3, 8 68 0.48, 8 40 1.19, 8 15 0.13, 6 55 1.56, 8 217 1.69, 6 127 1.49, 17 17 2.29, 17 59 1.25, 5 88 2.8, 3 113 0.32, 
Transaction 40:14 97 6.01, 14 42 2.93, 12 163 6.47, 12 47 3.42, 12 50 5.6, 12 51 5.57, 12 66 4.98, 1 67 3.07, 1 87 0.97, 1 184 1.11, 1 81 2.82, 1 49 1.16, 1 252 2.08, 7 33 0.76, 8 418 1.03, 8 229 0.63, 6 126 0.23, 6 52 2.15, 6 160 1.22, 6 75 0.95, 6 458 1.23, 
Transaction 41:18 124 1.01, 12 43 1.34, 1 83 1.34, 1 74 2.16, 1 63 2.58, 7 52 1.06, 13 162 0.6, 15 79 0.87, 15 84 3.15, 10 28 0.91, 18 460 1.22, 12 98 5.26, 12 56 3.31, 12 92 2.67, 12 53 5.72, 1 161 2.07, 7 35 2.6, 13 62 0.8, 15 115 4.81, 8 41 1.2, 17 190 1.08, 17 28 0.73, 16 188 0.44, 16 46 1.43, 2 419 2, 2 55 2.62, 5 75 4.1, 3 51 3.46, 
Transaction 42:10 49 7.34, 13 138 1.37, 13 37 2.44, 6 387 0.35, 6 27 1.28, 6 16 0.72, 17 47 5.59, 4 47 3.69, 9 108 2.22, 9 186 2.03, 5 370 3.38, 
Transaction 43:10 32 5.42, 10 48 5.84, 10 40 8.69, 10 46 10.75, 10 55 4.46, 10 40 7.29, 10 62 7.34, 10 52 9.75, 10 37 1.41, 10 50 8.04, 10 38 4.92, 10 44 1.33, 18 164 5.76, 9 368 1.5, 3 238 4.42, 
Transaction 44:10 41 8.61, 10 46 7.32, 10 26 6.94, 10 37 9.24, 18 118 6.22, 18 75 6.27, 18 31 3.91, 18 59 5.54, 18 124 7.17, 18 50 7.15, 18 64 1.65, 18 58 6.96, 1 85 1.69, 5 384 5.07, 5 57 0.18, 5 10 2.2, 3 56 3.33, 
Transaction 45:10 58 1.48, 18 113 2.24, 1 112 0.45, 13 175 1.54, 15 82 2.6, 15 18 2.08, 15 17 4.07, 15 59 2.02, 15 83 1.97, 15 54 3.12, 15 15 0.22, 15 17 0.48, 10 52 1.84, 10 40 0.14, 14 36 1.35, 14 19 3.1, 18 68 1.17, 13 51 0.98, 15 43 2.01, 8 271 1.25, 17 142 1.7, 17 45 0.37, 4 44 0.95, 3 384 2.09, 3 27 5.01, 3 123 4.7, 3 21 2.03, 
Transaction 46:10 34 4.01, 10 36 4.39, 10 39 8.03, 14 106 2.08, 18 104 3.18, 18 40 7.65, 18 45 2.46, 13 266 2.42, 15 33 1.66, 15 58 6.03, 15 315 1.51, 15 152 4.01, 15 28 0.9, 17 213 10.93, 4 102 6.81, 5 21 3.41, 5 28 2.3, 3 31 1.05, 3 39 1.69, 
Transaction 47:10 30 1.35, 10 59 0.55, 12 220 3.19, 12 22 2.74, 12 40 5.05, 1 54 3, 13 52 1.7, 13 145 0.77, 4 233 1.17, 16 234 0.86, 16 36 0.84, 16 72 2.04, 2 465 1.65, 11 24 1.11, 5 62 1.21, 5 12 1.04, 5 34 2.96, 
Transaction 48:10 36 7.11, 10 42 6.49, 10 61 4.17, 10 59 6.76, 10 62 7.38, 13 213 0.43, 13 101 2.07, 15 45 0.36, 8 79 3.45, 8 19 4.21, 17 266 6.04, 4 101 3.38, 4 248 4.52, 16 95 5.98, 16 300 0.89, 11 341 5.64, 5 145 5.14, 5 81 3.18, 
Transaction 49:14 104 1.92, 12 455 6.47, 12 48 5.44, 12 28 5.61, 12 45 5.26, 12 32 1.41, 12 53 4.74, 12 55 3.32, 12 24 6.38, 1 39 1.36, 7 52 8.97, 7 12 4.12, 13 49 1.65, 4 49 2.92, 4 63 2.55, 
Transaction 50:10 39 2.78, 10 46 6.74, 14 53 11.71, 18 44 7.58, 13 385 0.21, 15 16 3.28, 15 23 0.79, 15 53 0.77, 15 16 2.52, 15 17 3.58, 8 51 4.28, 17 108 5.09, 16 96 7.81, 13 104 0.52, 13 49 1.59, 8 88 3.79, 6 15 0.78, 17 29 5.15, 4 57 3.98, 17 18 3.12, 17 14 8.37, 17 22 9.62, 17 69 9.24, 17 26 1.99, 9 102 1.13, 9 15 0.64, 2 351 3.21, 3 341 3.52, 
Transaction 51:10 85 0.63, 14 22 4.48, 18 366 0.59, 1 188 1.74, 15 77 1.91, 15 28 3.48, 8 86 1.09, 6 88 1.51, 6 22 0.88, 6 14 2.4, 17 73 1.33, 17 162 1.34, 6 47 0.45, 
Transaction 52:10 42 1.08, 10 12 1.51, 10 42 1, 10 115 0.98, 10 42 0.46, 10 26 1.34, 10 33 0.81, 10 38 1.71, 10 40 0.39, 10 19 0.23, 18 93 0.2, 1 393 1.72, 13 110 0.26, 15 51 1.98, 17 230 0.6, 17 61 2.73, 17 37 1.9, 17 15 0.24, 17 23 0.55, 17 33 1.11, 17 13 1.56, 17 25 1.21, 16 302 0.36, 5 375 3.06, 5 35 6.15, 3 112 5.69, 
Transaction 53:10 30 0.86, 10 40 4.3, 10 33 2.06, 14 88 4.67, 1 231 0.53, 1 56 1.53, 13 170 1.57, 15 34 4.47, 8 55 5.67, 6 136 1.12, 17 151 6.69, 16 488 0.26, 16 51 3.7, 7 99 6.46, 7 172 5.52, 13 97 2.28, 16 413 8.78, 16 70 4.82, 16 77 4.72, 11 666 11.4, 11 46 8.38, 5 146 3.57, 3 42 5.26, 17 119 6.09, 3 163 5.85, 
Transaction 54:10 30 2.88, 10 45 5.11, 14 46 10.97, 14 93 4.9, 12 166 0.82, 12 44 1.35, 1 92 0.43, 15 402 1.36, 15 41 0.65, 15 50 3.93, 15 40 4.39, 15 102 4.66, 8 31 6.49, 8 22 5.14, 6 302 1.98, 17 47 4.76, 17 54 3.55, 17 23 4.74, 16 201 5.02, 9 289 2.02, 2 65 5.79, 5 41 1.76, 
Transaction 55:10 71 0.97, 10 67 1.28, 14 42 3.31, 18 209 1.57, 12 127 2.96, 1 59 1.25, 13 254 1.58, 15 88 1.48, 15 32 4.67, 15 78 4.62, 15 34 1.84, 15 189 3.63, 8 48 2.15, 6 228 0.63, 6 191 0.06, 
Transaction 56:10 50 1.58, 14 64 1.21, 18 41 1.67, 12 138 0.22, 12 53 2.3, 12 66 5.82, 12 58 6.96, 12 63 4.25, 12 70 8.07, 12 117 0.2, 12 70 0.3, 12 71 4.99, 12 61 3.17, 12 115 3.48, 13 280 0.16, 15 34 4.5, 15 45 1.94, 17 42 2.86, 11 528 1.21, 
Transaction 57:12 486 1.41, 1 132 1.28, 1 90 2.5, 1 88 2.77, 1 87 1.44, 7 48 2.04, 13 39 0.95, 13 104 1.1, 13 39 0.3, 13 59 1.49, 13 121 0.85, 13 43 1.04, 13 56 0.95, 13 55 1.01, 13 43 1.54, 14 35 0.83, 12 485 3.17, 1 67 2.54, 1 182 2.78, 1 74 3.19, 1 57 3.76, 7 53 1.72, 8 262 2.5, 6 59 1.25, 6 192 1.33, 
Transaction 58:18 179 0.73, 12 196 1.66, 7 118 2.4, 13 36 0.78, 7 69 1.32, 13 59 1.2, 13 21 1.65, 18 104 1.04, 18 176 1.88, 12 78 3.62, 12 37 4.89, 1 102 1.75, 1 62 2.34, 1 31 3.1, 1 85 1.46, 1 37 1.27, 13 36 1.92, 13 57 0.65, 13 234 1.03, 15 22 4.85, 15 20 3.76, 15 14 5.34, 8 78 1.58, 8 41 1.49, 8 80 1.31, 8 101 1.81, 8 65 0.54, 6 21 2.2, 17 101 0.08, 4 49 1.73, 9 227 4.78, 2 131 3.34, 
Transaction 59:10 43 4.24, 10 19 6.61, 10 23 5.4, 10 28 3.64, 10 42 5.54, 10 39 4.69, 10 136 3.09, 10 38 6.07, 10 55 2.78, 10 41 7.45, 10 12 6.87, 10 26 2.88, 14 121 6.96, 14 59 6.7, 18 30 3.54, 18 67 0.07, 1 345 0.63, 13 213 0.84, 8 84 3.36, 8 70 3.08, 8 23 2.8, 6 144 2.1, 6 39 1.03, 6 60 0.76, 6 253 1.82, 17 40 6.03, 17 25 2.91, 17 43 1.73, 17 33 8.14, 17 35 3.16, 17 30 9.46, 1 249 0.28, 1 81 0.65, 1 51 1.39, 7 111 4.72, 15 115 2.12, 15 42 0.15, 15 79 2.46, 8 77 4.81, 6 91 1.86, 17 97 5.14, 9 476 1.06, 
Transaction 60:10 37 6.92, 10 64 4.34, 10 35 2.9, 14 128 8.35, 12 122 5.53, 12 31 8.1, 12 47 3.07, 12 33 9.2, 15 115 2.66, 15 16 2.93, 15 25 1.67, 17 155 4.73, 16 212 5.38, 11 130 5.13, 
Transaction 61:10 36 4.11, 12 495 1.28, 12 65 5.48, 1 114 1.06, 15 181 2.15, 15 102 2.96, 8 44 4.27, 6 144 0.5, 15 355 2.27, 15 21 1.59, 15 220 1.96, 8 76 3.39, 8 34 1.37, 8 18 3, 6 74 0.95, 6 73 1.25, 
Transaction 62:10 26 0.57, 10 41 1.02, 10 63 0.54, 18 212 1.76, 12 71 1.18, 12 64 3.14, 1 139 1.3, 1 89 1.26, 1 35 3.12, 13 113 0.12, 13 331 0.82, 15 127 3.61, 15 38 0.59, 15 76 4.1, 8 89 0.69, 8 117 1.22, 17 140 1.46, 4 75 2.05, 2 581 1.9, 2 43 2.97, 11 31 1.04, 
Transaction 63:10 45 7.12, 14 150 4.53, 12 248 5.07, 12 51 9.52, 1 76 1.8, 7 32 2.78, 13 98 1.91, 13 66 0.27, 6 230 2.35, 6 87 1.27, 6 69 1.95, 4 158 4.18, 4 41 8.21, 16 45 3.72, 9 101 2.41, 9 111 1.92, 9 103 1.9, 2 65 4.3, 2 74 8.72, 2 50 20.54, 2 52 12.06, 2 54 4.33, 2 34 13.56, 2 112 8.62, 2 45 6.6, 2 62 6.58, 
Transaction 64:10 37 1.44, 10 33 1.77, 10 26 0.98, 18 144 1.62, 18 39 1.33, 7 42 2.51, 13 39 1.37, 15 19 2.29, 17 202 1.3, 9 447 6.16, 5 163 0.75, 5 28 3.12, 5 111 3.16, 5 25 3.43, 3 93 5.81, 
Transaction 65:10 160 1.52, 18 161 3.5, 18 237 0.86, 12 67 2.32, 7 109 1.14, 13 72 1.18, 13 37 1.91, 15 14 1.43, 8 41 1.47, 6 23 0.55, 
Transaction 66:10 36 4.21, 10 56 0.41, 14 35 3.39, 18 119 3.57, 18 53 6.16, 12 58 7.19, 12 109 6.03, 12 70 4.41, 1 107 1.33, 1 66 0.3, 1 67 0.84, 9 304 2.14, 2 137 18.13, 5 70 1.74, 5 21 2.87, 
Transaction 67:8 20 0.74, 17 92 1.88, 9 406 1.43, 2 1251 3.52, 2 177 2.49, 2 320 2.75, 2 53 5.48, 
Transaction 68:10 42 0.25, 18 185 1.3, 18 29 2.27, 18 57 1.86, 13 67 0.7, 13 135 1.42, 13 41 1.36, 13 64 0.42, 15 21 1.79, 10 58 5.42, 10 30 3.95, 18 65 3.05, 13 319 2.08, 13 42 1.53, 11 238 2.58, 5 8 5.33, 3 72 2.67, 
Transaction 69:14 225 5.25, 14 176 6.48, 4 108 2.7, 4 36 3.01, 
Transaction 70:18 270 0.02, 13 512 1.21, 9 217 4.59, 3 379 1.98, 
Transaction 71:10 30 1.57, 10 46 1.82, 12 325 2.91, 1 32 2.94, 1 36 2.46, 7 19 2.09, 7 11 0.93, 13 21 0.53, 16 131 1.2, 16 61 0.38, 16 99 1.47, 16 34 1.07, 9 103 1.97, 
Transaction 72:10 49 1.17, 10 33 0.7, 10 36 0.3, 10 56 1.01, 10 28 0.82, 18 145 1.81, 1 93 2.92, 1 124 2.6, 15 159 1.02, 15 34 1.92, 15 113 5.68, 8 91 1.01, 8 121 0.75, 17 181 1.2, 4 119 1.07, 9 187 4.96, 
Transaction 73:10 40 1.66, 10 71 0.97, 12 162 1.19, 12 71 2.83, 12 130 2.95, 1 147 2.58, 13 78 1.46, 13 26 0.31, 8 182 2.09, 6 62 1.54, 6 44 1.19, 17 25 1.27, 17 31 1.37, 6 66 1.72, 6 141 0.43, 6 150 0.86, 6 172 1.09, 17 140 1.68, 17 61 1.46, 5 233 2.39, 3 30 1.37, 
Transaction 74:10 28 4.7, 10 45 7.98, 10 39 4.54, 14 21 11.34, 18 55 1.84, 18 70 9.08, 18 47 4.4, 1 184 2.01, 1 27 1.19, 16 75 3.19, 13 180 0.53, 15 43 2.87, 15 13 1.64, 10 89 2.43, 10 158 1.84, 14 79 9.02, 18 329 5.96, 18 334 2.79, 7 12 5.27, 13 19 1.45, 13 58 1.61, 13 80 2.67, 15 92 1.98, 8 70 2.52, 8 210 1.27, 8 43 3.2, 8 45 1.45, 17 76 4.38, 17 43 5.37, 17 51 6.51, 5 68 1.73, 5 8 1.81, 
Transaction 75:10 33 0.29, 10 58 1.08, 10 40 1.1, 10 30 0.28, 10 36 0.81, 10 27 1.44, 13 505 1.4, 13 42 1.15, 17 286 0.6, 2 991 2.65, 2 35 4.46, 11 52 1.32, 5 19 5.02, 
Transaction 76:10 33 2.38, 10 23 1.54, 10 35 1.62, 10 31 0.97, 12 426 3.92, 1 61 1.57, 1 105 2.16, 13 202 0.72, 15 75 2.53, 8 40 1.47, 8 28 1.43, 17 136 0.43, 4 58 2.5, 16 109 1.61, 16 46 0.34, 16 120 1.48, 2 1090 4.67, 11 40 1.62, 11 24 0.54, 5 64 0.19, 5 33 1.08, 3 170 3.7, 2 406 1.66, 11 75 1.59, 11 46 0.77, 11 29 1.09, 11 50 1.89, 11 16 1.69, 5 65 0.21, 5 263 0.65, 5 95 2.94, 5 23 2.97, 5 12 3.59, 
Transaction 77:10 59 0.85, 14 85 10.4, 18 151 6.02, 13 125 1.41, 13 32 1.89, 15 19 2.5, 8 60 3.49, 6 25 1.04, 4 99 3.92, 
Transaction 78:10 40 6.52, 10 39 5.09, 14 92 6.38, 14 42 6.01, 18 63 8.58, 18 60 3.51, 18 58 0.99, 1 71 1.62, 7 11 5.94, 13 87 1.43, 15 52 2.46, 15 40 1.38, 15 36 1.79, 15 35 1.02, 15 23 1.53, 15 39 3.34, 8 63 4.13, 8 98 3.93, 8 52 1.73, 6 155 1.5, 6 17 1.62, 6 38 1.77, 6 62 0.78, 6 24 1.25, 17 17 6.47, 6 122 1.92, 6 201 1.78, 2 364 13.29, 5 150 1.72, 5 34 1.87, 
Transaction 79:10 26 1.65, 10 46 1.34, 10 92 0.83, 18 85 1.2, 12 106 3.42, 1 31 3.78, 2 177 1.3, 5 132 1.26, 4 205 1.29, 5 169 3.7, 3 39 4.19, 
Transaction 80:10 28 1.37, 18 122 0.85, 18 52 0.36, 13 499 1.98, 15 66 4.6, 15 40 2.52, 15 42 3.97, 6 218 2.46, 6 53 1.16, 17 28 1.24, 17 24 2.59, 17 28 1.95, 17 39 1.73, 17 29 1.52, 17 40 2.02, 17 26 2.2, 17 26 3.63, 17 96 2.95, 16 207 1.14, 3 475 5.35, 3 35 2.83, 
Transaction 81:14 152 2.08, 12 281 3.83, 12 65 3.27, 12 55 3.33, 7 244 1.66, 13 72 1.45, 15 165 1.39, 15 29 3.85, 8 51 1.89, 8 24 1.35, 8 32 2.08, 17 276 1.43, 17 101 2.72, 2 668 0.75, 5 75 2.9, 
Transaction 82:10 46 0.97, 10 52 0.18, 10 46 0.94, 10 50 1.8, 10 20 0.8, 14 196 4.64, 1 182 3.29, 1 67 2.31, 13 114 2.03, 13 34 0.95, 8 81 2.34, 6 32 1.22, 17 27 1.93, 16 122 0.7, 3 557 3.29, 
Transaction 83:10 30 5.47, 12 515 5.48, 1 304 1.46, 1 110 1.98, 1 87 0.81, 1 73 0.97, 1 99 0.05, 12 235 5.62, 12 52 9.94, 12 56 5.46, 12 28 7.6, 2 763 8.53, 2 51 8.53, 2 55 9.29, 2 153 11.78, 11 64 5.58, 5 18 0.53, 3 146 4.72, 
Transaction 84:14 92 20.24, 12 382 5.74, 1 39 1.68, 13 104 1.23, 13 52 1.45, 4 40 4.78, 4 51 3.65, 
Transaction 85:18 198 1.58, 1 358 1.63, 18 139 1.22, 18 52 0.89, 18 56 1.33, 7 231 0.87, 7 37 1.98, 13 144 0.62, 13 58 0.99, 8 109 0.25, 6 157 1.54, 17 34 1.97, 17 21 0.05, 17 30 2.48, 5 460 2.32, 3 20 1.7, 3 40 6.81, 3 19 1.69, 3 48 0.2, 3 30 1.23, 3 42 0.08, 3 52 6.04, 3 36 3.15, 
Transaction 86:10 21 1.59, 10 26 1.16, 10 73 0.99, 10 35 0.61, 15 120 2.59, 8 54 0.79, 6 159 2.11, 17 43 0.25, 17 22 2.58, 9 279 8.44, 9 24 7.02, 11 318 1.59, 
Transaction 87:10 32 1.53, 14 33 4.5, 18 173 1.5, 12 119 3.71, 12 56 3.65, 12 56 2.37, 12 44 2.75, 12 51 2.69, 1 44 2.69, 1 43 0.32, 1 121 2.69, 7 140 0.46, 15 108 4.19, 15 57 4.78, 15 167 2.4, 15 25 0.8, 8 107 1.26, 6 49 2.18, 6 101 2.89, 6 41 1.48, 6 80 1.08, 17 67 0.6, 6 87 2.51, 17 144 2.11, 
Transaction 88:10 45 1.36, 18 182 4.78, 12 33 8.33, 6 226 2.03, 6 34 1.3, 17 69 0.48, 2 261 12.72, 2 190 8.42, 5 83 0.49, 
Transaction 89:12 400 1, 12 66 5.52, 1 16 0.85, 7 26 6.57, 7 12 5.32, 7 8 5.99, 13 59 1.67, 13 30 0.17, 13 31 1.47, 15 15 5.13, 4 102 4.57, 4 39 4.52, 4 81 6.71, 16 26 4.22, 16 38 4.84, 16 51 5.41, 9 28 0.78, 2 83 0.24, 2 144 7.85, 3 167 3.78, 
Transaction 90:10 31 2.26, 10 23 5.5, 10 37 0.22, 10 58 8.83, 10 53 1.32, 14 68 7.39, 14 48 8.44, 1 109 1.33, 7 352 2.58, 13 89 2.82, 13 83 2.01, 16 259 4.38, 16 57 5.87, 2 282 10.83, 2 108 18.3, 11 292 6.52, 3 193 1.64, 
Transaction 91:10 34 2.67, 10 83 5.05, 10 79 5.8, 10 48 3.48, 10 28 4.53, 10 91 6.61, 10 55 7.71, 18 49 2.07, 12 231 4.24, 1 90 0.96, 1 102 0.98, 1 20 0.68, 13 68 1.02, 15 25 1.5, 8 77 7.75, 6 20 2.73, 6 24 1.51, 6 29 1.09, 17 52 5.07, 17 59 8.92, 17 42 3.33, 17 143 4.22, 16 259 1.28, 16 48 1.52, 11 61 7.21, 5 49 2.03, 5 12 3.61, 
Transaction 92:10 40 1.34, 10 44 0.55, 10 24 1.6, 10 21 0.58, 14 31 1.49, 18 349 1.52, 12 134 1.77, 18 56 3.28, 12 51 4.64, 1 74 0.43, 15 79 3.59, 8 49 1.44, 8 51 1.63, 8 64 3, 8 28 0.92, 8 23 2.17, 8 49 0.1, 8 48 1.43, 8 108 0.42, 11 530 1.11, 5 12 1.53, 
Transaction 93:10 70 0.07, 15 57 2.98, 15 55 5.79, 15 26 2.21, 15 35 2.16, 6 193 0.87, 6 21 1.67, 6 32 1.45, 6 33 1.39, 17 56 1.19, 17 25 1.72, 17 22 0.49, 4 50 1.59, 3 350 5.84, 
Transaction 94:10 41 6.75, 10 48 4.83, 10 45 8.82, 14 79 7.18, 12 90 6.02, 1 247 0.81, 1 38 1.27, 13 62 0.83, 13 34 2.66, 15 31 3.38, 8 58 1.31, 8 60 3.8, 8 62 6.43, 8 55 5.5, 8 62 3.41, 6 87 0.46, 6 35 1.62, 6 26 0.74, 17 97 9.23, 4 214 2.95, 16 268 6.87, 15 229 0.81, 15 33 2.68, 13 39 2.12, 8 142 1.69, 8 83 6.67, 8 47 2.24, 8 49 3.94, 6 18 1.29, 6 64 1.7, 16 299 6.08, 9 76 1.01, 2 104 17.08, 11 48 10.74, 5 61 3.97, 5 23 1.7, 
Transaction 95:10 30 0.82, 10 40 0.49, 13 49 1.4, 15 30 1.42, 13 41 1.73, 13 45 1.66, 17 303 0.8, 4 134 0.76, 4 51 1.51, 16 91 1.53, 7 81 1.18, 13 82 1.07, 15 59 4.12, 8 74 2.27, 6 22 1.57, 17 41 0.9, 17 27 1.65, 17 36 1.38, 17 62 2.86, 4 63 1.34, 4 72 0.24, 3 77 1.62, 3 27 2.8, 
Transaction 96:10 40 1.85, 18 408 5.91, 15 215 2, 8 61 3.3, 8 152 6.61, 6 59 2.14, 6 153 1.69, 16 389 0.85, 9 60 2.42, 3 232 1.7, 
Transaction 97:14 91 1.52, 12 166 6.03, 12 52 4.53, 12 45 3.04, 12 42 8.93, 13 139 0.98, 13 63 1.22, 13 139 0.27, 15 108 4.08, 15 336 1.09, 6 188 1.21, 
Transaction 98:14 156 12.25, 18 56 9.55, 18 65 2.38, 13 211 3.2, 6 115 0.49, 6 90 0.77, 6 53 0.25, 4 222 6.46, 
Transaction 99:10 27 0.48, 10 41 0.95, 10 25 1.1, 10 30 1.4, 18 263 0.87, 18 53 1.02, 18 76 1.52, 18 49 1.25, 18 63 0.83, 18 54 1.05, 18 69 2.24, 18 77 0.84, 1 305 5.03, 15 157 3.23, 15 53 2.86, 15 51 4.77, 8 14 1.91, 6 60 0.93, 3 60 1.83, 3 37 3.98, 3 51 2.26, 3 36 0.83, 
Transaction 100:10 77 0.57, 12 149 4.76, 12 54 3.96, 12 44 2.1, 15 234 0.26, 8 91 1.27, 8 38 1.35, 6 57 0.89, 17 15 1.6, 4 52 2.94, 16 114 1.27, 2 186 5.91, 11 78 1.48, 
Transaction 101:14 232 1.97, 14 53 3.23, 7 552 1.76, 7 25 0.08, 7 69 1.23, 7 49 1.21, 13 52 0.87, 13 49 1.44, 6 292 1.21, 4 84 1.55, 4 62 2.8, 4 37 2.59, 16 42 1.05, 16 66 0.1, 16 72 1.2, 16 52 1.43, 16 59 1.58, 2 130 3.67, 2 44 2.29, 2 33 4.84, 11 124 2.55, 
Transaction 102:10 39 6.17, 10 40 3.93, 18 127 8.57, 18 42 2.75, 18 39 4, 18 49 7.9, 15 267 3.2, 15 24 3.23, 15 51 2.69, 9 476 1.38, 5 170 4.48, 3 25 1.84, 3 48 7.43, 
Transaction 103:15 64 2.18, 15 17 0.48, 15 56 2.87, 6 112 0.59, 17 79 0.96, 17 31 2.6, 16 143 1.14, 16 68 1.07, 7 104 1.83, 13 63 0.13, 15 33 0.8, 6 80 1.92, 17 35 2.27, 17 22 2.48, 17 26 1.58, 17 23 1.77, 17 24 1.29, 17 21 3.34, 4 122 1.24, 4 36 1.7, 11 63 1.99, 5 119 2.52, 3 71 1.09, 
Transaction 104:10 65 1.4, 18 106 1.44, 18 82 0.62, 15 295 3.3, 15 26 1.55, 15 39 4.57, 15 19 2.12, 15 28 1.75, 15 25 5.48, 15 15 2.82, 15 25 0.26, 10 68 0.05, 10 46 2.16, 10 27 0.94, 10 45 1.2, 18 260 1.5, 13 506 1.41, 13 51 1.42, 8 146 1.76, 6 92 0.2, 17 35 1.5, 2 190 2.65, 5 78 3.04, 3 26 4.82, 3 135 4.2, 17 58 1.18, 17 24 1.64, 6 115 1.96, 17 28 2.09, 4 53 1.18, 4 69 0.92, 9 97 5.98, 5 233 4.04, 3 71 1.31, 3 43 3.98, 3 26 2.18, 3 37 4.91, 3 48 2.9, 3 38 2.86, 
Transaction 105:10 40 1.38, 12 335 4.91, 1 113 3.77, 7 29 1.07, 13 41 0.34, 13 96 0.73, 5 169 3.22, 
Transaction 106:10 38 0.46, 10 41 5.46, 18 306 3.95, 18 58 3.87, 18 48 2.58, 18 33 0.23, 7 99 6.93, 13 209 1.83, 17 280 4.41, 
Transaction 107:13 251 0.25, 13 28 1.41, 15 153 4, 8 74 2.72, 6 62 1.56, 4 272 0.02, 16 43 1.62, 9 73 6.8, 2 41 0.96, 2 33 3.06, 
Transaction 108:10 39 2.21, 10 44 0.83, 14 74 4.73, 18 103 2.04, 18 82 1.13, 18 113 1.74, 18 175 0.46, 12 202 1.41, 12 43 1.43, 12 34 3.87, 13 164 0.6, 13 49 0.42, 8 143 0.64, 8 53 2.36, 8 59 1.24, 6 33 1.95, 6 91 0.38, 6 30 1.28, 17 29 0.12, 4 74 0.97, 9 112 6.23, 2 81 4.47, 3 138 4.64, 
Transaction 109:10 208 0.46, 10 43 0.88, 10 93 1.64, 10 393 0.8, 8 188 1.37, 8 52 1.09, 8 40 1.42, 6 21 0.85, 6 89 0.98, 6 38 0.51, 6 26 1.39, 17 61 0.62, 17 180 0.69, 17 136 1.85, 2 328 2.72, 16 335 0.71, 9 119 7.84, 3 554 3.54, 
Transaction 110:10 40 1.03, 10 43 1.66, 10 18 0.88, 18 91 1.11, 18 42 0.86, 18 29 0.11, 18 66 0.39, 18 49 1.24, 13 290 1.11, 13 58 1.35, 13 56 1.16, 15 73 2.99, 6 268 1.15, 17 49 1.1, 6 92 1.87, 17 26 1.56, 17 20 1.86, 17 34 0.16, 17 37 1.84, 16 113 1.3, 2 380 3.98, 5 183 2.35, 5 45 2.51, 5 103 3.14, 5 54 2.97, 3 42 4.01, 3 110 2.34, 
Transaction 111:10 36 0.71, 10 66 0.33, 10 67 0.4, 18 117 1.56, 18 158 1.81, 12 60 4.34, 12 85 5.72, 1 157 3.23, 13 102 0.9, 13 48 1, 8 79 1.05, 6 57 0.96, 6 298 1.52, 4 61 2.38, 4 125 2.25, 9 238 8.88, 2 280 1.05, 2 59 1.4, 2 118 4.59, 3 137 5.01, 3 18 2.64, 
Transaction 112:10 87 2.24, 10 43 0.96, 18 122 0.96, 18 49 2.32, 1 178 2.63, 7 23 3, 13 52 2.46, 15 26 4.93, 8 60 2.14, 8 78 1.29, 8 54 1.25, 6 30 1.35, 8 56 0.27, 15 19 4.72, 17 115 0.26, 
Transaction 113:10 40 0.35, 10 57 0.07, 10 50 0.75, 10 37 0.68, 18 130 0.87, 18 53 1.28, 1 94 1.17, 15 165 1.73, 15 23 1.41, 15 100 2.62, 6 129 0.43, 6 18 0.12, 6 21 0.71, 6 53 1.31, 17 28 0.9, 3 72 2.8, 
Transaction 114:10 31 8.53, 10 26 7.06, 10 32 1.87, 18 126 5.46, 18 312 0.96, 18 119 1.78, 18 46 2.56, 18 81 4.29, 18 74 4.85, 1 215 0.65, 1 181 1.25, 13 187 2.04, 13 53 1.72, 15 59 1.81, 17 27 5.15, 4 108 1.72, 4 37 3.53, 5 323 3.13, 5 23 5.32, 5 32 6.08, 
Transaction 115:14 71 4.19, 18 55 1.79, 18 43 0.83, 18 62 1.73, 12 99 1.5, 12 37 6.24, 1 158 3.26, 15 308 3.48, 8 48 0.12, 17 63 1.18, 4 106 1.95, 7 172 2.55, 13 97 1.81, 13 98 1.88, 13 45 0.62, 5 675 3.08, 
Transaction 116:14 71 15.74, 18 108 5.19, 18 61 4.37, 18 49 0.53, 18 62 6.16, 1 378 1.52, 13 505 1.91, 13 60 0.24, 15 36 2.69, 15 33 4.35, 15 64 2.18, 15 41 2.85, 10 45 5.2, 10 30 5.1, 10 70 7.15, 10 42 4.14, 10 18 4.68, 10 54 7.3, 14 76 0.61, 18 46 1.34, 1 104 1.19, 7 149 4.49, 13 95 2.3, 13 42 1.91, 15 48 2.25, 15 77 3.07, 6 122 1.12, 6 60 0.53, 6 140 1.34, 17 21 4.06, 16 122 0.14, 9 178 0.87, 3 220 1.23, 3 51 4.53, 
Transaction 117:10 51 3.94, 14 158 5.1, 18 108 4.54, 18 79 4.42, 18 40 9, 1 72 1.04, 1 92 1.17, 1 47 1.15, 13 103 1.77, 6 166 1.91, 6 16 0.91, 6 26 0.86, 17 23 6.54, 6 115 0.23, 17 39 3.69, 17 26 4.39, 3 130 2.61, 9 506 2.31, 
Transaction 118:10 35 1.77, 13 114 0.99, 15 29 2.1, 17 17 7.37, 17 22 5.21, 13 253 1.29, 15 21 1.26, 15 31 3.31, 17 28 6.66, 4 63 2.02, 3 436 3.23, 3 39 4.71, 
Transaction 119:10 33 2.14, 10 30 0.18, 10 30 1.11, 10 38 1.43, 10 143 1.3, 10 34 1.3, 18 147 1.1, 13 355 0.82, 15 37 3.72, 6 105 1.7, 6 66 0.17, 17 166 1.99, 17 27 1.5, 17 17 1.45, 17 30 1.57, 17 21 2.98, 17 151 0.58, 17 28 2.41, 4 299 0.91, 4 63 0.34, 13 354 1.46, 13 76 1.32, 15 41 4.34, 6 187 0.22, 17 37 1.76, 3 276 3.25, 3 46 5.98, 3 77 3.06, 
Transaction 120:10 36 1.42, 18 80 1.15, 18 43 1.12, 18 40 0.29, 7 257 1.19, 13 419 1.82, 13 195 1.04, 15 69 0.21, 17 165 2.27, 16 111 2.23, 9 96 9.26, 5 443 1.81, 3 28 3.46, 3 34 2.01, 
Transaction 121:10 63 1.13, 14 163 3.63, 14 108 3.01, 14 120 6.64, 14 33 4.54, 13 75 1.42, 15 134 3.05, 6 65 1.69, 4 379 2.01, 4 47 1, 4 43 1.55, 4 50 0.18, 
Transaction 122:10 59 0.47, 10 144 1.28, 12 242 1.42, 12 43 7.37, 12 30 2.08, 12 60 4.97, 12 67 3.39, 12 34 5.15, 1 63 3.27, 13 90 0.84, 13 122 0.39, 9 117 5.75, 9 150 8.28, 9 25 1.95, 2 57 1.99, 11 120 1.76, 5 10 3.12, 5 41 1.21, 
Transaction 123:10 122 1.09, 13 139 1.11, 15 33 5.53, 15 36 2.41, 8 71 1.3, 8 40 1.38, 6 25 0.14, 6 41 2.22, 
Transaction 124:14 103 12.81, 12 108 7.05, 12 40 5.55, 12 38 2.86, 1 62 1.76, 7 47 8.36, 7 54 9.27, 13 47 2.05, 13 44 1.39, 15 49 3.14, 6 188 2.06, 4 241 5.55, 16 61 1.67, 16 32 5.73, 9 111 2.11, 9 47 0.73, 2 63 13.12, 11 48 4.05, 
Transaction 125:10 16 0.19, 14 26 2.46, 18 167 0.95, 18 61 1.75, 15 188 2.03, 8 63 0.33, 8 43 1, 17 123 2.37, 16 129 0.01, 7 14 1.45, 7 10 1.05, 15 118 1.97, 8 61 1.24, 8 55 0.79, 17 115 2, 3 220 4.13, 
Transaction 126:1 319 2.96, 15 69 3.62, 10 131 1.18, 10 138 1.96, 14 35 0.47, 18 136 1.72, 12 23 5.84, 12 52 4.72, 12 17 4.85, 1 134 2.33, 1 31 2.08, 1 33 1.32, 1 32 3.04, 1 22 4.62, 12 327 6.72, 12 49 5.04, 12 34 2.86, 12 24 2.18, 1 60 0.84, 13 134 1.2, 13 62 1.77, 15 111 3.79, 6 104 1.64, 16 252 0.27, 16 46 0.41, 2 158 2.17, 11 134 0.76, 
Transaction 127:10 27 1.31, 10 186 0.59, 18 327 1.29, 1 154 2.65, 18 239 1.36, 18 39 1.05, 18 49 1.19, 18 41 1.31, 1 621 3.16, 7 52 0.35, 13 149 1.19, 13 33 0.54, 15 43 2.62, 15 90 1.3, 17 265 1.16, 17 27 2.4, 3 39 0.87, 3 36 1.78, 3 47 4.7, 3 32 4.56, 3 53 2.85, 4 86 1.07, 16 161 0.96, 5 660 2.94, 5 55 2.77, 3 35 1.72, 3 84 4.18, 3 114 3.18, 3 45 4.87, 3 52 1.59, 3 51 5.73, 3 55 5.09, 
Transaction 128:7 741 1.95, 15 94 2.53, 8 29 0.81, 8 37 1.23, 8 42 0.94, 8 22 0.27, 8 49 1.68, 6 68 0.45, 9 655 3.75, 2 287 4, 11 193 1.22, 5 124 1.58, 
Transaction 129:10 25 4.72, 14 94 8.17, 18 141 7.94, 12 40 6.68, 7 225 5.36, 15 125 1.71, 15 45 2.46, 15 73 1.74, 15 48 2.62, 15 50 2.9, 15 84 1.41, 8 39 0.8, 8 54 2.77, 8 38 6.64, 6 66 0.78, 4 314 3.2, 9 663 2.14, 1 69 1.36, 1 85 1.21, 1 68 1.02, 1 83 0.97, 15 220 0.94, 15 36 3.69, 10 185 5.3, 14 128 17.75, 18 68 7.38, 12 116 12.65, 12 108 3.79, 12 91 7.1, 1 94 1.57, 7 79 8.13, 13 60 1.82, 15 47 3, 17 86 7.17, 17 33 6.78, 17 20 5.24, 17 38 5.39, 16 127 3.16, 16 121 0.23, 2 336 9.09, 
Transaction 130:10 74 0.96, 14 50 5.69, 18 141 0.76, 18 185 2.18, 1 306 2.97, 2 154 3.75, 5 161 3.71, 
Transaction 131:10 36 1.85, 10 43 1.26, 10 30 0.25, 10 34 1.28, 10 34 1.12, 10 23 0.65, 10 26 2.13, 1 435 3.15, 7 41 1.61, 7 91 1.96, 15 85 2.27, 8 210 1, 6 151 0.78, 6 308 1.69, 17 34 1.72, 17 45 0.89, 17 25 1.08, 17 32 0.99, 17 40 1.96, 17 31 2.24, 17 13 1.4, 15 198 5.8, 8 71 0.45, 6 103 0.98, 17 33 1.41, 5 435 1.68, 5 28 1.13, 3 56 2.5, 3 39 1.61, 3 38 2.04, 3 52 3.5, 3 44 2.87, 
Transaction 132:10 54 1.55, 18 88 5.19, 2 201 7.48, 11 347 5.45, 3 45 0.86, 3 60 10.69, 3 43 4.94, 
Transaction 133:10 44 8.93, 18 116 8.87, 18 36 3.08, 18 38 6.41, 18 67 7.68, 18 95 8.69, 18 50 5.29, 18 73 6.3, 18 57 5.41, 18 40 6.94, 1 193 1.4, 13 88 3.68, 13 82 2.11, 13 48 3.23, 15 25 0.7, 6 79 1.12, 6 73 1.7, 6 28 1.64, 17 60 4.06, 17 19 7.61, 4 59 4, 5 82 0.28, 3 26 5.58, 3 34 2.98, 3 25 4.3, 3 43 6.54, 
Transaction 134:10 59 1.52, 1 197 3.53, 13 79 0.82, 15 82 2.41, 8 52 1.77, 8 109 1.75, 8 99 1.53, 8 53 1.37, 8 49 0.74, 8 55 0.47, 8 51 2, 8 68 0.61, 6 24 1.24, 6 29 2.41, 6 27 2.05, 6 46 2.36, 17 155 1.55, 2 342 2.36, 5 49 2.56, 5 10 1.21, 
Transaction 135:10 40 7.76, 18 188 7.17, 1 144 1.64, 1 36 0.92, 7 62 4.75, 13 123 1.63, 15 100 2.98, 15 31 5.45, 15 96 6.07, 15 26 2.4, 15 21 0.96, 8 158 2.96, 8 104 1.05, 6 27 2.03, 6 25 1.1, 6 24 1.77, 17 51 4.66, 17 24 4.62, 17 31 5.22, 5 549 1.95, 3 72 2.13, 3 24 1.8, 
Transaction 136:10 35 4.49, 1 504 1.46, 7 9 4.28, 7 7 4.81, 2 672 12.83, 11 104 7.67, 
Transaction 137:10 42 0.84, 10 34 1.57, 10 27 1.56, 10 23 1.24, 14 81 1.76, 12 150 3.94, 15 192 1.65, 8 30 1.7, 6 85 0.91, 17 38 0.15, 17 31 1.12, 4 54 1.72, 16 99 1.95, 16 44 0.41, 16 1058 0.69, 5 517 3.04, 3 38 1.6, 3 46 3.2, 3 35 0.97, 
Transaction 138:10 52 1.07, 18 78 1.51, 18 66 0.98, 18 73 1.92, 1 191 4.51, 16 119 0.67, 1 142 2.89, 1 39 3.62, 1 33 2.03, 13 104 0.63, 6 234 1.58, 17 17 0.82, 17 38 1.63, 3 692 8.43, 3 32 5.46, 3 40 2.06, 5 13 2.54, 3 87 1.26, 3 47 2.51, 
Transaction 139:10 32 4.89, 14 45 12.14, 18 119 7.03, 18 46 3.34, 18 63 1.7, 13 329 2.22, 17 126 0.61, 17 28 6.52, 4 157 2.9, 3 432 3.59, 
Transaction 140:14 73 10.82, 12 92 3.59, 1 271 1.44, 7 82 4, 13 92 1.68, 6 207 1.03, 6 107 1.13, 6 85 2.76, 6 53 0.83, 6 78 1.9, 
Transaction 141:18 279 0.43, 18 161 1.6, 18 58 1.29, 12 48 4, 12 56 4.46, 12 49 3, 12 51 4.97, 1 126 0.68, 7 118 2.04, 7 46 1.73, 13 168 0.44, 13 167 1.8, 13 109 1.47, 13 57 1.5, 15 66 2.57, 15 107 0.67, 15 42 2.91, 15 35 4.31, 15 39 1.83, 8 74 0.7, 6 20 1.15, 6 46 0.76, 6 52 1.04, 6 59 1.51, 17 134 1.29, 4 182 0.73, 16 160 1.87, 9 101 3.11, 2 578 2.6, 2 82 4.69, 11 34 0.94, 
Transaction 142:10 50 1.23, 10 31 3.03, 18 92 0.8, 18 76 3.69, 18 63 2.33, 18 64 8.38, 18 63 1.35, 18 59 4.08, 18 56 5.59, 18 52 4.42, 18 49 6.53, 15 407 3.52, 15 26 4.63, 15 24 1.89, 17 21 1.88, 17 21 2.81, 15 76 0.77, 15 31 3.22, 6 260 0.3, 17 17 6.56, 4 38 4.12, 16 46 1.23, 3 182 2.32, 3 41 2.88, 3 64 6.86, 
Transaction 143:10 43 1.75, 18 68 1.14, 18 76 0.6, 18 42 1.76, 18 116 0.62, 1 270 0.36, 7 10 1.09, 18 66 2.09, 18 63 0.36, 18 57 1.61, 1 380 0.38, 13 108 0.66, 13 52 0.46, 13 50 0.61, 13 101 2.05, 13 40 0.81, 13 201 1.45, 4 193 2.7, 16 36 1.07, 13 262 2.05, 13 53 1.38, 15 56 3.96, 15 26 3.01, 13 64 1.33, 13 57 1.27, 13 31 0.65, 13 35 0.92, 13 46 1.02, 13 49 1.89, 15 150 5.33, 6 83 1.15, 17 29 1.72, 17 31 1.53, 17 34 1.47, 17 21 1.91, 17 30 0.08, 5 512 2.83, 5 16 2.73, 5 8 3.04, 5 51 2.46, 5 48 2.36, 3 104 3.68, 
Transaction 144:10 59 14.55, 14 33 8.87, 18 30 3.26, 18 67 2.32, 1 139 0.8, 1 24 1.12, 13 157 1.83, 13 62 1.59, 13 119 2.33, 13 170 2.03, 15 22 3.58, 15 18 1.6, 8 272 7.1, 6 56 1.32, 6 53 1.77, 6 20 2.67, 6 95 0.78, 17 62 2.93, 17 20 4.75, 5 661 4.44, 5 12 3.74, 5 12 3.17, 5 26 2.76, 3 38 4.35, 
Transaction 145:10 47 1.64, 12 201 3.57, 12 41 1.57, 12 28 6.33, 12 47 3.61, 1 63 0.96, 1 41 3.71, 7 14 0.02, 15 87 2.27, 8 156 1.3, 8 48 0.9, 6 18 0.08, 6 69 1.78, 15 242 2.09, 15 27 3.59, 15 15 2.79, 17 66 2.23, 2 308 3.15, 2 272 4.42, 2 289 3.96, 2 42 1.23, 2 134 3.64, 11 196 1.9, 5 81 2.57, 17 197 1.66, 17 21 1.26, 17 126 3.61, 4 145 2.57, 16 31 1.04, 11 184 1.58, 11 33 2.13, 
Transaction 146:10 144 1.4, 14 99 1.91, 12 283 3.23, 12 27 5.15, 1 50 1.81, 1 57 3.31, 1 34 1.27, 2 181 4.42, 11 22 1.32, 11 117 0.2, 11 20 0.86, 11 21 1.29, 11 49 1.21, 
Transaction 147:10 54 1.32, 10 32 1.86, 10 30 0.49, 18 130 0.51, 18 59 0.79, 18 64 2.17, 13 453 0.63, 15 180 2.57, 15 45 1.88, 15 68 4.13, 15 38 1.95, 15 44 4.01, 8 258 2.03, 6 43 2.24, 6 66 0.48, 6 55 1.68, 17 22 2.45, 17 22 2.08, 17 23 1.43, 17 33 0.19, 17 33 1.81, 3 641 3.44, 3 56 5.54, 3 43 2.54, 3 38 4.51, 3 25 1.96, 3 47 4.85, 
Transaction 148:14 159 8.69, 18 378 4.89, 1 434 1.52, 1 90 0.99, 1 57 0.95, 1 248 0.83, 1 96 1.16, 7 108 1.9, 13 46 1.56, 15 346 1.24, 6 214 0.91, 4 167 3.33, 4 53 6.29, 16 49 1.9, 16 62 2.85, 16 64 3.07, 9 92 1.26, 9 136 1.94, 2 54 8.1, 2 40 1.58, 11 76 2.6, 
Transaction 149:10 17 1.35, 10 29 1.32, 18 145 0.48, 18 51 1.57, 18 60 0.35, 1 367 1.73, 1 208 2.6, 1 96 2.24, 15 638 3.42, 15 42 1.89, 15 47 3.65, 6 68 2.39, 17 25 0.8, 17 26 0.14, 17 39 1.75, 17 34 2, 17 50 2.54, 11 638 1.4, 5 32 2.73, 5 120 0.5, 
Transaction 150:14 227 3.86, 18 212 1.23, 12 162 3.79, 12 31 8.48, 12 33 3.94, 12 43 2.79, 7 41 1.05, 15 105 2.5, 4 106 2.11, 4 49 1.5, 4 68 0.98, 4 40 2.32, 16 44 0.75, 16 39 0.88, 9 24 5.23, 9 19 8.7, 16 36 0.82, 16 33 1.61, 16 88 1.34, 16 41 1.69, 16 39 1.11, 16 45 0.85, 9 38 4.22, 2 78 1.27, 11 44 0.34, 
Transaction 151:10 42 1.04, 14 20 3.32, 16 388 0.74, 2 413 0.4, 5 263 3.04, 3 35 2.58, 3 38 0.42, 3 48 1.32, 
Transaction 152:14 60 12.15, 18 171 2.95, 12 366 6.85, 12 41 5.59, 12 40 5.59, 12 31 7.77, 7 48 8.05, 13 69 2.26, 13 51 1.38, 13 60 1.97, 4 158 0.94, 16 43 2.67, 16 47 3.14, 9 23 0.86, 9 29 0.84, 9 31 0.62, 9 33 0.77, 9 25 1.51, 9 28 1.64, 9 16 2.45, 9 13 2.06, 9 42 1.22, 9 23 1.56, 2 40 5.09, 2 56 14.76, 11 57 3.89, 11 54 7.88, 2 73 4.5, 2 69 3.64, 2 65 9.43, 2 69 9.78, 2 49 0.59, 
Transaction 153:10 29 1.08, 14 96 1.95, 14 71 1.95, 18 40 1.14, 13 221 1.29, 15 22 2.03, 15 43 2.45, 15 83 2.92, 15 171 5.52, 15 30 2.64, 8 72 1.28, 8 30 1.31, 6 58 1.42, 6 26 0.62, 17 56 2.45, 17 35 2.35, 17 39 1.88, 9 381 8.26, 9 481 7.45, 2 174 2.05, 3 184 5.12, 3 125 4.77, 3 277 4.28, 
Transaction 154:10 40 1.53, 10 43 1.95, 18 132 1.48, 12 39 5.25, 12 60 8.68, 1 26 2.55, 1 119 2.36, 13 78 0.13, 8 72 2.17, 8 67 1.61, 8 106 0.63, 8 47 1.71, 8 56 1.2, 8 83 0.5, 8 37 0.87, 8 103 2.66, 8 48 1.26, 6 35 1.44, 6 31 3.26, 6 35 2.22, 6 39 1.79, 17 79 1.23, 17 39 3.15, 2 184 3.46, 5 214 0.66, 5 35 2.58, 5 36 3.94, 5 7 2.84, 3 35 2.8, 
Transaction 155:10 52 1.83, 10 41 1.58, 10 33 0.06, 10 46 0.02, 10 59 0.75, 14 37 6.64, 14 30 3.74, 18 58 0.7, 18 36 1.41, 18 58 1.18, 13 450 1.69, 15 16 3.8, 8 201 0.09, 8 25 1.43, 8 156 1.63, 8 133 0.64, 8 107 1.65, 17 88 2.02, 17 26 0.97, 17 37 1.24, 17 24 0.63, 4 101 1.59, 3 168 1.14, 
Transaction 156:10 28 1.32, 10 49 0.16, 10 37 1.45, 10 45 1.1, 12 197 2.49, 1 95 2.13, 7 35 0.45, 2 332 3.77, 2 224 3.02, 11 49 0.84, 11 18 0.51, 5 48 1.95, 5 30 0.68, 5 18 0.18, 
Transaction 157:10 36 3.11, 14 117 13.2, 10 45 9.03, 10 60 5.95, 12 273 7.87, 12 24 3.72, 12 43 3.67, 12 47 4.32, 12 36 5.38, 12 37 1.93, 1 39 1.31, 1 34 0.75, 13 89 0.15, 13 89 1.32, 16 273 1.75, 2 189 8.58, 11 20 7.99, 5 143 4.53, 5 10 2.91, 
Transaction 158:10 26 1.64, 4 123 0.87, 4 176 2.2, 2 226 5.69, 2 126 0.22, 5 141 0.08, 5 64 1.57, 5 23 3.67, 3 125 1.39, 17 36 1.08, 17 169 0.36, 16 301 0.62, 7 127 0.97, 13 101 1.21, 13 68 1.64, 8 124 1.5, 8 44 2.32, 8 51 1.84, 6 52 1.07, 6 25 2.42, 16 324 0.66, 16 77 0.35, 2 295 1.45, 2 85 6.17, 2 59 2.72, 2 59 2.89, 5 36 0.31, 5 15 1.9, 
Transaction 159:12 258 8.39, 12 77 0.17, 12 42 3.24, 12 56 4.48, 12 68 8.77, 13 235 3.17, 13 60 1.99, 15 81 3.21, 15 33 0.39, 15 51 0.56, 13 30 0.82, 13 53 0.15, 15 43 3.21, 15 27 0.38, 8 36 5.62, 8 42 6.09, 8 28 4.22, 6 53 0.45, 17 65 5.57, 17 18 0.31, 17 27 2.14, 5 114 3.87, 5 30 1.76, 3 76 1.01, 
Transaction 160:10 73 1.4, 14 29 10.45, 18 311 4.93, 14 70 7.36, 18 92 8.62, 12 144 5.86, 1 37 0.67, 1 71 1.05, 12 29 2.01, 1 23 0.92, 13 128 2.2, 13 91 2.69, 13 136 0.88, 15 147 2.24, 15 31 2.97, 15 18 3.61, 10 46 1.98, 10 37 3.67, 10 49 4.03, 10 113 2.76, 10 49 7.16, 10 43 5.18, 10 63 6.12, 10 98 0.42, 18 80 5.09, 12 151 5.35, 1 25 0.97, 7 9 5.45, 7 13 3.71, 16 234 2.42, 16 40 6.1, 11 344 4.97, 5 18 1.85, 3 88 7.18, 3 54 6.21, 
Transaction 161:10 34 4.99, 12 314 7.48, 13 247 1.68, 5 785 2.17, 5 26 3.44, 
Transaction 162:18 375 0.83, 12 98 5.37, 12 46 4.37, 12 18 5.93, 7 133 1.93, 11 406 0.97, 11 55 0.94, 5 48 3.08, 3 78 3.32, 
Transaction 163:10 42 4.19, 18 167 0.4, 18 56 8.39, 18 52 5.02, 18 45 2.11, 18 38 0.34, 18 37 1.84, 18 43 6.61, 18 43 2.52, 18 61 4.19, 1 180 1.68, 13 162 1.43, 15 208 1.18, 15 52 0.35, 6 101 2.24, 17 49 5.38, 17 25 5.93, 4 69 3.96, 9 127 2.63, 9 408 1.5, 5 277 3.37, 3 60 5.29, 
Transaction 164:10 27 3.81, 10 36 4.73, 10 40 6.01, 18 165 7.94, 18 29 3.21, 12 201 4.55, 12 50 5.27, 1 82 0.89, 1 76 0.6, 13 211 1.55, 15 76 3.16, 15 80 1.42, 15 42 1.64, 6 103 0.18, 5 65 5.05, 3 157 4.22, 3 34 6.48, 3 51 6.43, 
Transaction 165:10 36 0.63, 13 84 0.53, 15 40 0.14, 8 37 0.8, 6 53 0.56, 6 49 2.56, 16 297 1.03, 16 55 1, 2 957 2.32, 
Transaction 166:10 27 1.05, 18 94 1.59, 18 74 0.46, 1 215 3.89, 13 157 1.25, 15 147 2.96, 15 99 3.19, 6 73 1.09, 6 140 0.61, 6 50 1.24, 17 42 1.23, 17 33 2.39, 17 16 0.83, 9 442 8.58, 3 200 4.24, 
Transaction 167:10 60 1.75, 14 29 2.83, 18 45 2.14, 18 49 1.93, 1 186 3.06, 13 143 0.26, 15 25 2.1, 15 68 2.39, 15 22 2.75, 17 23 1.33, 17 32 1.9, 17 27 2.54, 17 29 1.5, 4 39 1.48, 2 186 0.09, 5 149 1.33, 5 8 3.85, 5 51 1.83, 5 32 2.18, 3 35 3.49, 
Transaction 168:14 136 5.55, 14 16 4.78, 14 31 2.61, 14 22 1.27, 14 34 3.52, 12 422 6.05, 1 48 4.82, 1 92 3.48, 7 13 0.27, 13 51 0.99, 13 39 1.27, 13 72 1.8, 13 52 1.67, 7 13 1.98, 13 50 0.16, 15 129 3.73, 6 187 0.91, 6 25 1.06, 6 12 0.89, 6 98 2.39, 6 90 2.52, 6 21 0.62, 6 28 1.79, 4 61 0.87, 4 48 3.35, 4 79 2.72, 16 41 1.68, 16 31 1.21, 7 15 0.82, 7 10 2.56, 7 10 1.32, 13 41 1.71, 13 124 1.78, 13 31 1.09, 6 301 1.76, 6 25 0.64, 6 23 1.52, 6 54 1.59, 6 64 1.1, 6 34 1.31, 4 164 1.84, 16 18 0.55, 16 95 0.97, 16 44 1.07, 16 52 0.58, 16 42 0.94, 9 29 1.54, 2 75 2.05, 11 60 1.3, 11 13 1.27, 
Transaction 169:14 210 4.17, 14 23 3.47, 18 166 0.95, 14 91 5.81, 14 21 3.76, 12 222 3.29, 1 41 2.93, 7 12 1.06, 13 48 1.36, 13 93 2.16, 15 48 4.46, 
Transaction 170:10 122 1.03, 10 34 1.1, 10 44 0.84, 10 44 0.09, 14 160 3.23, 14 129 4.21, 18 50 1.83, 1 524 2.33, 1 101 2.79, 1 136 1.35, 1 42 2.75, 1 91 0.46, 13 245 0.56, 13 62 0.97, 15 44 3.2, 15 31 2.68, 8 29 0.51, 8 35 0.64, 8 115 1.9, 8 34 1.14, 6 76 1.81, 6 40 0.56, 17 165 2.44, 16 117 0.38, 16 106 0.24, 16 70 1.53, 2 803 4.21, 2 130 4.4, 11 78 0.82, 5 59 0.43, 5 58 1.48, 5 38 3.11, 5 26 1.54, 
Transaction 171:10 49 3.6, 14 26 1.19, 18 59 3.01, 12 48 3.88, 1 81 0.81, 7 47 0.86, 13 64 3.94, 13 50 0.3, 15 20 3.77, 15 28 2.1, 15 106 1.86, 15 27 3.28, 8 35 4.43, 8 54 4.02, 8 53 7.1, 6 35 2.84, 6 21 1.7, 6 18 1.06, 
Transaction 172:14 71 12.58, 14 46 7.05, 12 130 7, 1 71 1.09, 1 68 0.16, 12 38 4.64, 1 59 0.44, 1 126 1.3, 15 145 1.31, 15 67 2.08, 15 22 2.39, 8 99 1.98, 8 28 5.29, 8 83 5.15, 8 40 7.57, 8 41 3.02, 6 155 1.7, 17 28 5.53, 17 50 8.15, 17 28 10.91, 9 489 1.12, 5 749 2.96, 5 28 5.18, 
Transaction 173:10 20 1.96, 10 52 1.35, 10 45 0.48, 10 34 0.83, 18 144 1.41, 18 125 0.84, 7 202 1.24, 15 106 4.05, 15 69 6.84, 15 57 3.99, 15 106 4.98, 15 17 6.25, 15 58 4.08, 15 37 1.85, 15 83 3.12, 6 179 0.37, 17 25 1.76, 17 33 1.6, 17 44 2.74, 17 33 0.39, 6 77 1.18, 6 82 2.06, 6 53 2.06, 17 26 2.44, 17 15 3.25, 4 85 1.65, 16 327 0.59, 9 217 8.14, 16 358 0.7, 1 568 3.07, 1 122 4.67, 7 91 0.86, 13 206 0.4, 16 161 0.77, 5 494 2.78, 3 79 4.17, 17 23 1.46, 17 41 2.36, 17 32 1.9, 4 46 1.86, 9 735 6.22, 2 224 2.98, 
Transaction 174:18 148 0.1, 18 83 4.75, 18 49 5.1, 18 34 6.52, 1 232 0.67, 1 80 0.74, 1 63 1.26, 13 142 0.5, 15 58 4.17, 15 66 4.38, 8 70 7.77, 6 60 1.72, 17 26 7.51, 4 84 3.36, 9 1803 0.93, 5 272 4.41, 3 71 5.79, 3 101 3.68, 
Transaction 175:10 39 1.22, 15 291 5.2, 8 32 1.26, 8 30 0.87, 8 38 1.73, 8 43 1.38, 17 284 2.22, 5 89 3.02, 
Transaction 176:10 29 0.89, 10 34 1.75, 10 22 0.02, 10 157 1.09, 10 29 1.92, 10 31 1.92, 10 42 1.18, 14 75 1.24, 14 62 4.2, 15 140 3.32, 15 33 4.06, 8 42 0.45, 4 154 1.39, 16 188 0.9, 16 72 1.86, 16 36 1.08, 2 220 2.88, 
Transaction 177:10 38 5.53, 10 54 4.17, 18 89 3.46, 18 73 4.56, 18 67 6.3, 18 152 6.93, 18 69 2.79, 18 55 6.5, 18 30 3.02, 18 54 3.31, 18 54 4.2, 18 55 4.88, 1 63 0.85, 13 71 1.29, 15 26 4.05, 17 49 3.41, 17 38 9.03, 17 20 8.81, 17 30 7.3, 17 31 6.13, 17 22 1.28, 17 32 6.76, 17 28 6.76, 17 32 6.35, 17 30 3.49, 17 32 3.15, 17 28 6.11, 17 28 4.58, 17 26 11.3, 17 27 7.81, 17 18 5.34, 17 26 7.08, 17 28 1.39, 17 35 8.11, 16 211 4.63, 5 212 3.09, 
Transaction 178:10 40 1.56, 10 116 0.98, 13 257 0.51, 15 34 3.92, 15 68 2.9, 8 30 0.49, 8 45 1.3, 6 51 0.51, 6 118 1.14, 5 172 2.47, 
Transaction 179:10 44 3.62, 10 22 7.03, 18 95 1.45, 12 87 2.69, 1 140 1.13, 1 172 0.76, 1 103 0.11, 13 174 0.46, 13 97 1.89, 15 55 3.8, 8 200 4.7, 6 77 1.64, 17 62 2.68, 17 37 5.81, 17 98 4.33, 17 35 8.24, 5 219 4.62, 3 288 3.83, 
Transaction 180:10 129 3.37, 1 274 0.92, 13 198 1.6, 17 259 0.95, 9 581 0.68, 5 232 3.82, 
Transaction 181:10 41 0.4, 18 237 1.39, 12 283 3.49, 1 38 3.61, 2 474 0.12, 11 28 2.04, 3 76 3.64, 
Transaction 182:10 65 0.48, 10 21 0.17, 10 30 1.1, 14 55 1.78, 18 86 1.66, 12 35 6.62, 1 121 2.41, 1 92 2.13, 7 286 1.08, 7 105 1.04, 7 48 1.81, 18 36 1.93, 18 36 1.6, 12 79 3.58, 12 64 4.94, 12 59 4.55, 2 548 5.62, 11 120 1.75, 5 22 2.83, 
Transaction 183:10 57 0.55, 18 142 1.33, 18 79 0.33, 12 82 4.47, 1 68 3.74, 13 105 1.07, 13 67 0.89, 13 57 2.67, 8 64 1.37, 8 28 1.32, 6 59 1.45, 17 66 1.41, 17 9 1.34, 4 325 1.26, 2 453 3.31, 11 20 1.14, 
Transaction 184:10 46 0.22, 10 46 0.6, 10 40 1.38, 18 75 2.11, 18 213 0.15, 12 36 1.11, 12 25 4.67, 1 25 3.73, 7 24 1.46, 2 98 5.3, 2 55 1.31, 5 25 1.94, 3 106 7.76, 
Transaction 185:10 42 3.76, 10 44 0.77, 10 47 4.22, 10 44 5.1, 10 40 3.11, 18 123 4.38, 1 126 2, 1 30 1.63, 1 68 1.03, 1 91 1.53, 7 15 6.73, 13 48 3.22, 13 128 2.63, 13 19 2, 13 51 2.91, 8 121 6.48, 8 62 4.31, 8 38 3.22, 6 70 1.24, 17 29 6.18, 17 23 2.35, 17 19 1.85, 17 31 4.61, 4 120 3.6, 11 646 1.23, 5 13 0.24, 3 91 4.34, 
Transaction 186:10 53 6.43, 14 36 2.64, 18 116 2.37, 18 77 1.02, 11 700 5.5, 3 95 3.28, 
Transaction 187:10 34 5.28, 12 418 5.14, 12 21 7.69, 7 109 2.69, 7 52 5.78, 4 179 1.73, 4 73 3.01, 13 51 0.71, 8 79 1.51, 6 85 1.76, 4 139 2.88, 16 35 5.52, 16 35 4.02, 16 53 6.93, 16 56 4.99, 16 51 3.8, 16 61 3.1, 16 65 5.63, 16 58 1.73, 9 68 0.66, 1 100 2.21, 1 79 0.98, 1 198 1.11, 7 43 5.15, 7 29 6.21, 7 36 7.79, 1 54 0.67, 7 37 8.83, 7 31 6.7, 13 56 2.58, 13 65 2.81, 4 374 5.47, 16 39 5.2, 9 141 0.43, 9 52 0.21, 9 105 0.77, 2 53 11.57, 
Transaction 188:10 70 0.66, 10 36 0.92, 10 35 0.52, 1 452 2.3, 1 125 1.37, 13 83 0.24, 6 260 1.05, 17 161 0.2, 17 31 1.64, 4 59 2.03, 5 317 0.08, 5 26 2.14, 5 18 2.64, 5 32 2.82, 
Transaction 189:10 45 0.92, 14 129 5.35, 18 136 1.45, 12 236 2.21, 12 126 2.48, 13 211 1.37, 15 179 2.44, 8 34 0.92, 6 62 1.51, 17 29 1.85, 17 42 1.58, 4 56 1.4, 16 159 1.27, 16 44 1.31, 2 471 1.49, 2 87 3.06, 2 69 4.48, 11 18 0.57, 3 185 3.3, 
Transaction 190:10 42 1.24, 18 128 1.92, 1 128 1.12, 1 48 3.42, 15 137 0.18, 8 179 2.03, 17 59 1.67, 4 104 1.08, 16 269 1.61, 16 243 1.11, 2 295 2.35, 2 71 1.13, 3 157 3.15, 3 33 0.19, 
Transaction 191:10 33 1.15, 12 255 2.21, 12 52 0.97, 15 234 4.14, 15 41 6.03, 15 36 1.84, 15 90 2.93, 15 73 3.43, 15 69 2.38, 15 44 3.54, 8 78 0.99, 8 43 0.71, 6 160 2.41, 6 51 1.65, 6 131 1.27, 4 161 2.05, 4 107 1.43, 16 63 1.58, 15 133 4.45, 6 571 0.68, 6 55 2.25, 6 57 1.88, 16 458 0.5, 5 64 4.63, 5 232 1.92, 3 75 2.55, 
Transaction 192:10 45 7.36, 10 39 7.66, 10 39 4.16, 10 28 1.53, 10 30 4.64, 10 41 7.29, 10 36 3.6, 10 37 3.45, 10 28 3.08, 15 43 2.5, 15 101 3.32, 15 74 2.31, 15 52 1.72, 8 141 8.09, 6 54 0.61, 17 22 7.75, 3 31 3.41, 
Transaction 193:10 23 2.67, 14 119 15.08, 14 193 9.66, 14 41 14.35, 14 58 2.25, 18 102 4.96, 18 52 4.07, 13 325 1.57, 15 52 1.91, 15 42 3.86, 15 62 1.23, 15 25 1.63, 6 214 1.09, 6 118 1.45, 6 76 0.71, 6 74 1.41, 17 81 1.54, 17 32 6.65, 17 22 4.01, 17 32 10.23, 3 619 1.65, 3 45 4.93, 
Transaction 194:10 26 1.18, 10 37 0.37, 10 26 0.19, 10 28 1.34, 10 41 1.42, 18 134 1.23, 18 65 0.62, 1 436 3.13, 18 93 1.17, 18 54 1.71, 18 57 1.57, 1 338 3.16, 13 245 1.76, 15 50 3.72, 8 73 1.24, 8 157 1.25, 6 182 2.24, 6 30 1.63, 6 130 2.76, 6 57 0.54, 6 39 1.39, 17 31 1.48, 17 36 1.25, 8 251 1, 6 58 2.64, 6 97 2.28, 6 127 0.93, 17 41 0.02, 17 33 2.47, 17 26 0.63, 15 32 3.19, 15 24 0.06, 15 46 2.95, 6 315 1.49, 6 128 1.41, 6 171 0.29, 6 66 1.43, 6 73 1.87, 17 29 2.29, 2 433 4.14, 5 265 2.68, 5 91 4.8, 3 61 4.34, 3 49 3.07, 3 52 5.38, 
Transaction 195:14 110 1.6, 18 65 0.96, 18 117 1.18, 18 55 1.43, 12 111 6.91, 13 204 1.28, 15 104 2.88, 15 50 1.43, 8 27 1.51, 8 40 1.69, 6 41 2.65, 6 84 1.82, 17 24 2.25, 4 140 0.62, 2 394 4.49, 2 50 2.67, 5 39 4.46, 3 99 4.51, 
Transaction 196:10 15 1, 10 71 1.38, 14 50 6.22, 14 22 5.67, 14 27 2.16, 18 31 1.42, 18 126 1.52, 12 180 6, 13 227 0.96, 15 22 2.58, 15 44 2.89, 15 25 1.21, 15 19 0.61, 15 74 4.45, 8 60 1.78, 6 24 1.58, 17 30 0.77, 2 452 1.74, 2 97 1.33, 
Transaction 197:10 29 0.91, 10 54 1.37, 18 70 0.43, 13 309 1.65, 15 44 6.23, 15 28 1.68, 15 43 3.5, 15 31 2.83, 6 264 0.88, 17 88 0.52, 
Transaction 198:10 76 0.84, 10 90 2.53, 12 216 1.27, 1 33 1.42, 7 23 1.77, 15 56 3.5, 15 40 0.34, 6 72 1.65, 17 36 0.85, 9 361 2.33, 2 474 2.31, 2 305 0.21, 2 221 2.11, 5 177 2.49, 5 10 1.25, 5 13 3.83, 
Transaction 199:10 41 2.9, 14 34 7.35, 12 80 3.62, 12 56 3.64, 1 125 0.44, 7 119 1.34, 7 39 4.48, 8 228 3.62, 8 35 3.65, 4 267 5.65, 4 37 5.45, 16 71 4.59, 16 22 3.08, 16 113 2.5, 16 37 3.55, 16 114 5.81, 9 82 1.31, 9 108 2.43, 2 36 5.43, 2 54 15.5, 2 28 11.39, 2 67 1.56, 2 74 4.02, 2 55 8.78, 2 71 8.55, 11 16 2.41, 5 85 1.59, 
Transaction 200:14 188 4.58, 14 47 1.67, 18 194 1.75, 12 62 4.69, 1 81 2.3, 1 89 1.38, 9 276 4.18, 2 104 4.67, 
Transaction 201:10 24 2.78, 10 41 8.68, 10 47 5.6, 15 38 5.38, 10 32 7.06, 18 110 2.53, 1 142 0.23, 1 102 0.61, 7 11 3.3, 7 22 6.46, 13 146 0.4, 15 43 3.71, 15 31 3.21, 15 29 2.03, 15 31 1.89, 15 17 2.89, 15 30 3.23, 15 30 0.01, 8 55 2.75, 6 28 1.96, 17 55 3.51, 16 213 10.84, 9 39 2.23, 2 507 5.14, 2 114 10.4, 3 334 1.65, 3 54 5.17, 3 28 3.89, 
Transaction 202:10 27 0.72, 10 75 0.69, 10 70 0.45, 10 34 0.57, 10 19 0.7, 10 33 0.37, 18 242 1.11, 18 40 1.43, 18 126 0.85, 18 45 1.23, 7 252 1.35, 13 140 0.67, 13 51 0.2, 15 53 3.09, 8 51 1.2, 6 146 0.99, 17 37 1.71, 17 31 1.53, 17 38 1.95, 17 85 2.16, 17 52 1.04, 17 29 1.03, 6 71 0.49, 17 36 1.75, 17 24 1.08, 17 28 1.11, 9 1031 7.51, 2 519 3.7, 5 466 2.94, 3 71 4.36, 
Transaction 203:10 86 0.36, 10 28 0.82, 1 208 0.01, 1 106 3.07, 1 82 3.65, 1 53 2.35, 1 145 2.26, 1 77 2.54, 1 193 2.43, 7 224 2.47, 7 54 0.99, 1 234 4.18, 13 120 1.07, 15 130 2.97, 8 56 1.69, 
Transaction 204:10 50 0.09, 10 54 1.31, 10 34 1.5, 15 30 5.02, 6 89 1.58, 6 60 2.11, 17 85 1.69, 17 35 0.88, 17 18 1.68, 3 78 2.54, 
Transaction 205:10 29 6.67, 13 72 2.5, 13 49 1.95, 13 32 0.39, 4 68 7.94, 2 756 18.85, 9 392 0.84, 2 252 13.91, 
Transaction 206:10 67 0.16, 14 76 3.34, 13 194 0.54, 13 92 1.16, 15 52 3.46, 8 107 1.54, 2 336 5.02, 9 251 5.56, 2 123 3.74, 11 83 1.02, 2 137 3.61, 5 60 3.24, 5 91 1.31, 
Transaction 207:10 41 3.71, 10 47 2.34, 18 149 8.48, 1 77 1.13, 1 36 1.06, 1 78 1.1, 7 14 7.08, 15 143 2.67, 8 113 3.18, 8 84 3.1, 6 52 0.67, 6 13 0.45, 6 18 2.1, 17 48 9.43, 5 1161 2.46, 17 125 1.5, 8 103 8.55, 8 53 4.97, 
Transaction 208:10 48 3.73, 10 31 6.09, 10 93 4.02, 15 77 3.14, 15 25 4.25, 17 263 3.72, 17 44 0.52, 17 25 2.79, 16 184 5.96, 2 304 9.81, 3 238 6.42, 3 64 3.65, 3 48 2.88, 3 54 5.51, 
Transaction 209:10 45 1.34, 14 98 6.39, 18 273 1.45, 13 294 1.1, 13 72 1.52, 15 146 1.81, 15 180 3.16, 17 23 2.34, 15 112 2.74, 6 314 1.97, 6 97 1.85, 6 72 1.98, 6 111 0.16, 6 51 0.75, 6 94 0.96, 6 44 1.37, 17 263 2.57, 16 88 0.05, 16 64 0.81, 16 202 1.61, 1 198 3.55, 7 36 0.81, 15 162 1.41, 8 66 1.42, 8 28 1.8, 6 103 2.04, 6 141 0.46, 17 29 2.6, 17 21 1.71, 17 34 1.85, 17 18 2.83, 9 381 4.6, 2 452 4.45, 5 59 2.23, 11 82 1.49, 11 39 0.78, 11 74 0.71, 5 148 4.15, 5 27 0.06, 5 63 0.57, 5 59 1.3, 5 26 1.1, 3 426 4.58, 
Transaction 210:10 28 6.17, 14 82 1.62, 18 40 8.84, 18 47 2.15, 18 117 1.44, 18 107 3.72, 18 217 8.65, 1 299 0.38, 1 68 1.43, 7 78 3.33, 7 42 4.15, 13 199 1.36, 14 37 13.16, 14 77 11.76, 13 98 2.68, 15 118 3.82, 15 88 2.01, 8 28 4.67, 6 164 1.31, 6 48 1.14, 16 433 1.7, 5 287 3.15, 5 90 1.64, 3 132 5.62, 
Transaction 211:10 29 0.17, 10 33 0.12, 10 46 1.14, 18 84 1.48, 18 69 1.02, 18 32 0.58, 18 60 1.16, 13 195 0.74, 15 40 2.46, 15 109 2.89, 15 138 3.78, 15 40 3.36, 15 37 3.2, 15 61 1.78, 8 118 1.81, 6 108 0.65, 6 223 0.91, 6 67 1.75, 6 29 1.8, 6 71 0.92, 6 76 1.99, 6 82 1.15, 6 45 0.34, 6 63 1.57, 17 94 1.06, 17 83 1.05, 4 46 1.19, 4 97 1.51, 4 52 1.97, 4 70 0.81, 9 197 2.54, 5 187 3.16, 3 33 6.5, 
Transaction 212:10 75 4.86, 14 30 9.91, 12 106 7.89, 1 121 2.11, 7 160 1.71, 7 37 7.4, 1 328 0.34, 4 158 7.58, 16 116 4.09, 2 493 13, 11 399 2.01, 11 21 12.11, 3 201 4.92, 
Transaction 213:10 26 4.97, 10 34 1.26, 10 36 5.66, 10 58 6.52, 18 121 1.37, 18 66 5.59, 18 52 5.62, 18 181 2.15, 12 103 5.86, 12 29 8.19, 12 9 2.49, 12 54 5.63, 12 83 8.11, 1 65 1.44, 13 71 0.64, 13 45 1.87, 15 30 2.76, 5 211 0.04, 5 20 6.8, 
Transaction 214:10 53 1.53, 10 29 1.62, 10 43 1.8, 10 38 1.21, 10 37 1.3, 10 42 1.18, 10 44 1.31, 10 44 1.11, 18 84 1.24, 18 45 0.91, 18 74 1.35, 1 279 0.47, 2 279 3.49, 
Transaction 215:10 35 1.86, 10 72 0.41, 10 26 0.35, 10 27 1.71, 10 94 1.57, 18 253 1.39, 18 56 0.71, 18 58 0.62, 18 72 1.09, 13 162 1.38, 15 18 3.57, 6 78 1.83, 6 123 1.14, 6 56 1.74, 17 18 2.28, 3 37 5.48, 3 32 3.34, 17 18 1.92, 4 239 2.9, 5 407 3.96, 5 29 1.42, 3 50 3.19, 3 50 4.53, 
Transaction 216:14 526 11.78, 14 25 13.65, 12 111 4.89, 1 82 1.14, 1 53 0.81, 1 111 1.59, 1 34 0.69, 13 138 0.21, 8 73 5.24, 8 107 6.43, 6 318 1.11, 6 28 1.77, 6 6 1.71, 6 56 1.35, 6 51 0.64, 4 131 3.78, 4 38 2.67, 16 38 4.72, 16 77 4.53, 9 31 2.71, 9 44 1.65, 9 23 3.58, 9 38 0.88, 2 79 4.15, 9 51 2.5, 2 91 9.52, 2 112 13.69, 2 66 2.28, 2 116 7.69, 2 144 1.4, 
Transaction 217:10 63 4.94, 10 68 3.22, 13 158 0.69, 6 333 1.39, 16 424 1.85, 16 41 3, 5 1134 3.02, 5 15 5.72, 5 68 1.8, 
Transaction 218:14 372 1.45, 14 28 2.72, 1 341 0.42, 7 64 0.6, 13 82 0.81, 13 19 1.16, 13 49 1.57, 13 76 1.47, 4 34 2.25, 16 46 1.87, 9 83 8.53, 9 83 6.16, 9 68 8.09, 2 43 5.99, 2 53 2.07, 2 43 5.55, 2 43 3.72, 2 68 0.94, 2 98 5.35, 2 43 2.13, 2 27 3.48, 2 64 4.43, 
Transaction 219:10 39 5.17, 10 44 11.57, 13 86 0.92, 15 51 3.81, 15 198 3.1, 15 137 1.28, 15 47 0.06, 15 31 2.86, 15 95 3.2, 15 30 2.72, 15 43 2.08, 15 39 0.03, 6 53 0.3, 6 90 0.49, 6 123 2.3, 
Transaction 220:10 118 0.15, 10 32 0.97, 10 42 2.01, 10 45 1.1, 18 233 1.21, 12 34 4.16, 12 40 2.53, 12 44 3.84, 12 49 5.53, 12 50 4.42, 1 31 2.06, 7 24 1.42, 6 245 1.71, 6 19 2.07, 17 149 2.33, 17 20 1.94, 17 37 0.12, 17 103 1.34, 17 30 2.6, 16 67 1.55, 2 164 0.16, 2 335 2.82, 2 132 5.29, 11 16 0.74, 5 12 2.34, 
Transaction 221:10 47 2.16, 10 21 1.6, 10 28 0.08, 18 116 0.81, 18 108 1.37, 18 171 1.61, 18 57 0.96, 18 46 0.82, 1 255 2.82, 1 150 0.8, 13 338 1.18, 13 115 0.65, 13 25 1.02, 13 269 1.22, 15 39 2.7, 15 46 2.98, 15 39 0.57, 10 89 0.73, 10 28 1.08, 10 60 0.61, 13 674 1.62, 13 50 2.49, 15 91 2.48, 15 33 2.35, 15 28 3.92, 10 58 1.75, 10 31 0.96, 10 27 0.94, 10 23 1.12, 10 119 0.62, 10 19 0.21, 10 31 1.42, 14 166 1.74, 14 71 3.48, 18 206 1.81, 18 38 1.19, 18 27 0.94, 18 27 1.66, 1 375 2.15, 7 210 1.74, 13 43 2.02, 13 42 0.79, 13 73 1, 15 89 2.29, 15 142 3.09, 6 217 0.98, 6 66 0.89, 6 148 0.66, 6 87 1.37, 17 43 0.67, 17 37 1.81, 17 32 2.16, 17 34 1.42, 17 37 1.41, 4 56 0.57, 4 61 0.8, 5 456 2.29, 3 35 2.05, 
Transaction 222:14 147 10.11, 13 116 3.9, 13 30 2.65, 15 100 2.43, 8 29 9.79, 6 83 0.37, 6 73 0.43, 17 146 0.65, 2 462 15.84, 2 215 10.31, 2 60 10.84, 11 200 8.42, 5 41 5.09, 5 21 1.64, 5 58 3.77, 17 188 5.07, 17 70 1.94, 16 283 4.08, 16 59 2.16, 11 244 10.14, 11 22 2.71, 11 60 7.37, 3 341 1.27, 
Transaction 223:10 100 1.29, 10 76 1.07, 12 204 5.08, 12 49 2.96, 1 170 1.72, 1 110 3.82, 13 142 1.84, 15 77 0.03, 15 126 2.7, 15 57 2.26, 8 102 1.98, 8 26 0.53, 8 28 0.43, 8 32 1.23, 8 37 0.34, 6 153 0.77, 6 76 1.8, 6 46 2.73, 6 59 2.02, 6 139 0.6, 17 20 2.17, 
Transaction 224:14 84 7.8, 14 28 4.27, 14 132 9.39, 13 145 2.74, 13 43 0.75, 13 96 2.94, 13 153 2.81, 15 136 3.64, 15 32 0.06, 17 197 4.83, 17 28 5.26, 17 26 4.47, 17 28 3.27, 17 31 1.52, 17 24 4.4, 3 161 4.11, 
Transaction 225:17 180 0.27, 4 244 1.82, 16 34 1.73, 2 274 0.52, 2 59 1.69, 11 124 1.98, 11 21 0.53, 2 64 1.98, 2 62 0.01, 2 180 2.9, 11 34 1.71, 16 110 1.11, 16 163 1.24, 5 172 4.73, 
Transaction 226:10 41 1.57, 14 36 3.48, 18 202 1.74, 18 107 0.14, 12 50 3.9, 12 32 3.6, 12 37 3.81, 12 44 5.56, 12 35 2.12, 12 21 3.87, 1 98 1.79, 7 136 2.71, 7 42 0.99, 7 45 1.02, 13 76 0.82, 15 115 1.65, 15 28 1.97, 15 90 3.45, 4 271 2.77, 16 165 1.32, 11 263 1.62, 11 17 0.51, 3 131 3.39, 
Transaction 227:14 60 3.54, 14 37 5.66, 18 62 0.76, 12 211 2.2, 12 57 6.23, 12 29 3.17, 12 86 3.27, 12 40 2.07, 1 53 0.41, 1 53 4.32, 8 347 1.34, 8 108 1.72, 6 26 0.83, 6 20 1.99, 8 44 1.67, 6 100 2.24, 17 177 0.39, 17 56 1.71, 4 113 2.11, 16 379 1.01, 2 200 3.49, 2 148 2.51, 5 100 2.16, 3 95 5.96, 3 47 3.26, 
Transaction 228:10 49 5.11, 10 45 8.96, 14 45 6.41, 18 103 2.32, 1 87 1.58, 13 179 0.1, 13 44 0.75, 13 60 0.6, 16 269 6.49, 16 218 5.11, 9 109 0.95, 1 45 1.18, 15 72 2.79, 17 27 1.6, 17 28 6.37, 17 39 4.89, 17 56 2.28, 4 55 2.47, 16 36 6.78, 5 357 2.13, 3 54 5.27, 3 109 8.57, 
Transaction 229:10 80 4.2, 10 34 6.1, 10 32 4.41, 10 38 6.85, 10 71 9.2, 10 30 0.13, 12 86 8.11, 13 217 1.21, 13 63 0.55, 2 521 3.13, 11 50 8.94, 5 44 4.1, 3 100 3.37, 
Transaction 230:14 142 3.4, 15 164 3.45, 15 67 3.23, 15 35 2.01, 15 39 2.35, 15 29 3.21, 8 48 1.18, 8 88 2.97, 8 29 1.01, 5 484 2.18, 
Transaction 231:10 20 1.62, 18 214 1.14, 18 52 2.09, 18 52 0.52, 18 79 1.34, 18 73 1.68, 14 59 3.27, 18 49 1.65, 15 612 2.65, 15 105 2.36, 15 41 3.12, 15 46 2.21, 15 30 4.31, 15 72 2.68, 15 42 3.03, 17 266 1.9, 4 23 2.09, 9 474 0.74, 2 518 4.92, 3 317 2.74, 3 43 2.95, 3 74 4.46, 
Transaction 232:10 42 0.64, 10 40 1.61, 18 107 1.3, 12 205 2.87, 12 44 4.19, 12 26 5.49, 12 47 2.78, 12 44 5.82, 12 49 7.6, 12 46 4.7, 12 28 5.14, 12 39 6.62, 1 27 3.73, 1 42 2.82, 15 158 2.67, 8 63 2.16, 6 17 2.56, 6 45 1.03, 6 24 1.07, 17 31 1.58, 16 88 0.6, 16 36 1.28, 1 93 3.28, 1 31 2.67, 1 34 2.02, 1 39 2.84, 7 62 0.75, 13 71 2.38, 13 150 0.11, 15 11 2.84, 15 50 3.13, 15 32 2.3, 8 54 1.17, 8 42 1.44, 8 85 1.72, 8 62 0.75, 6 20 2.52, 17 49 0.31, 17 107 2.3, 4 150 1.89, 16 22 1.04, 16 147 0.91, 2 121 2.55, 11 102 0.61, 
Transaction 233:10 73 0.2, 14 144 1.24, 1 265 0.8, 1 96 2.71, 13 178 1.16, 15 170 2.56, 15 37 2.99, 15 54 1.51, 8 90 2.36, 8 24 1.34, 6 105 0.86, 6 189 1.95, 6 78 2.02, 5 136 2.97, 
Transaction 234:10 42 1.52, 10 69 1.25, 10 50 0.76, 10 121 0.54, 10 32 0.58, 12 289 4.75, 1 72 0.07, 15 263 3.01, 15 45 1.78, 8 30 1.83, 6 134 1.91, 17 219 1.67, 17 30 1.71, 8 186 1.15, 6 81 0.92, 6 58 0.98, 6 74 0.53, 17 169 2.1, 2 326 1.71, 11 100 1.18, 11 57 2.07, 11 67 1.33, 2 443 2.41, 2 31 3.3, 2 31 5.69, 5 91 4.26, 
Transaction 235:10 81 1, 18 188 0.36, 12 55 4.11, 12 58 4.47, 1 102 3.66, 1 25 0.8, 2 263 7.39, 11 23 0.91, 
Transaction 236:12 285 2.59, 12 122 4.14, 1 70 1.79, 1 70 2.12, 1 145 2.95, 1 74 4.75, 1 76 2.83, 1 57 0.73, 16 220 0.27, 9 216 6.7, 11 372 1.17, 11 20 1.38, 5 108 1.95, 5 35 1.57, 5 54 3.36, 5 71 2.06, 
Transaction 237:10 19 2.82, 12 256 4.94, 12 42 11.32, 1 214 0.05, 7 38 4.86, 13 50 1.69, 8 86 0.22, 8 42 3.28, 8 37 6.86, 6 63 1, 6 335 1.56, 4 155 1.52, 16 137 7, 16 119 4.67, 16 58 0.06, 2 212 3.98, 2 148 11.85, 2 38 13.2, 2 57 7.62, 11 40 2.27, 
Transaction 238:14 101 7.34, 14 40 4.07, 14 47 11.56, 12 93 8.52, 12 56 0.79, 12 53 1.27, 1 78 0.96, 1 59 1, 7 198 5.43, 13 57 3.28, 6 214 1.24, 6 64 1.89, 6 77 1.17, 6 92 0.98, 6 60 1.09, 6 65 0.67, 4 140 0.3, 4 50 5.48, 4 58 2.84, 4 47 5.02, 4 58 2.3, 16 66 5.81, 16 43 4.4, 16 42 3.44, 7 36 3.18, 13 57 1.3, 13 62 2, 6 223 0.13, 6 86 0.96, 6 71 1.31, 6 144 1.25, 6 196 1.46, 4 217 4.05, 3 88 5.36, 14 289 7.95, 12 106 3.06, 1 93 0.38, 7 41 6.74, 13 50 0.91, 13 46 2.5, 13 67 4.41, 15 21 4.04, 
Transaction 239:14 163 12.88, 18 39 4.12, 12 196 1.87, 12 45 0.79, 12 57 4.45, 7 182 3.9, 4 386 0.47, 4 17 2.46, 16 91 0.06, 7 75 2.85, 13 126 2.87, 15 146 1.75, 6 63 1.39, 6 49 1.34, 6 353 1.38, 6 89 1.26, 6 59 0.69, 6 54 1.83, 6 86 0.98, 4 77 4.42, 4 53 3.76, 4 69 3.35, 4 68 0.4, 4 25 3.73, 16 59 2.44, 16 72 6.68, 16 58 4.9, 16 55 1.91, 9 89 0.96, 9 120 2.58, 9 208 2.06, 2 48 10.02, 2 51 5.02, 2 62 8.4, 
Transaction 240:10 39 2.14, 18 85 2.21, 18 58 4.1, 18 55 2.35, 18 43 3.31, 2 348 16.39, 3 58 3.68, 3 131 3.65, 3 101 3.94, 3 28 7.97, 
Transaction 241:10 61 0.91, 14 90 3.09, 12 160 2.92, 1 163 1.35, 1 234 2.64, 1 123 1.55, 7 223 1.96, 9 770 5.44, 2 72 3.56, 5 61 1.02, 5 37 2.4, 3 48 2.43, 
Transaction 242:14 110 2.22, 14 28 3.43, 12 60 5.75, 12 25 3.5, 1 71 2.23, 7 39 0.71, 7 5 1.29, 13 41 1.36, 13 54 1.1, 6 452 1.55, 6 61 2.05, 6 27 2.01, 4 213 2.07, 4 69 2.1, 4 47 2.45, 4 50 0.52, 16 31 1.8, 16 42 1.41, 9 27 7.81, 9 25 9.79, 9 27 3.99, 9 12 4.52, 9 38 7.17, 9 33 10.62, 9 19 9.9, 9 17 1.11, 9 24 5.06, 9 14 5.95, 2 46 1.08, 
Transaction 243:14 200 1.36, 12 178 3.45, 7 42 5.51, 13 56 0.98, 13 54 1.07, 15 17 2, 15 136 2.1, 16 127 6.04, 16 47 2.74, 9 27 2.1, 2 58 9.49, 2 178 6.69, 2 142 7.66, 11 29 8.34, 2 155 9.82, 2 90 14.32, 2 66 8.65, 
Transaction 244:10 78 7.24, 10 42 5.26, 14 26 11.54, 13 77 1.36, 15 44 0.96, 4 176 7.05, 16 49 3.94, 16 150 5.35, 16 46 3, 9 144 0.72, 2 186 14.35, 2 231 4.93, 11 110 5, 3 70 4.34, 
Transaction 245:10 47 0.34, 12 266 7.06, 1 29 2.94, 1 65 1.94, 7 14 1.18, 13 139 1.17, 13 50 2.05, 13 41 0.68, 13 38 0.59, 13 38 1.6, 15 45 2.2, 6 92 1, 4 205 2.42, 16 31 1.99, 16 38 1.11, 2 101 3.6, 2 66 2.68, 2 287 1.72, 3 84 3.58, 
Transaction 246:10 49 8.74, 10 44 1.97, 18 71 6.8, 18 45 9.75, 18 36 2.74, 13 256 2.65, 15 27 3.45, 15 11 4.43, 15 16 2.37, 15 27 3.37, 15 24 4.02, 15 27 2.3, 15 19 2.73, 15 33 3.33, 15 17 2.36, 8 61 1.13, 6 138 1.63, 4 80 4.87, 2 177 5.64, 4 163 4.94, 16 80 3.77, 16 31 2.78, 9 92 2.05, 9 84 1.26, 2 81 13.66, 5 82 1.17, 5 11 0.68, 5 5 4.09, 5 45 3.35, 3 39 4.96, 5 10 3.68, 3 91 5.28, 3 24 5.32, 3 40 0.47, 3 32 2.35, 
Transaction 247:10 40 5.49, 10 42 7.05, 10 90 3.54, 10 49 9.59, 10 61 2.74, 10 48 2, 14 71 5.74, 12 586 7.53, 12 31 4.78, 1 147 1.5, 7 5 3.39, 7 29 3.18, 13 43 1.53, 13 70 0.4, 15 134 3.17, 15 28 1.2, 8 243 3.94, 6 261 0.35, 17 103 4.2, 16 189 2.6, 5 322 5.14, 5 308 2.64, 5 18 3.93, 
Transaction 248:10 43 5.41, 13 142 1.57, 7 25 5.53, 13 39 1.84, 15 15 0.17, 8 78 4.42, 17 70 2.56, 17 36 5.59, 9 291 1.95, 2 512 3.89, 3 476 0.14, 3 57 4.19, 
Transaction 249:10 48 3.5, 10 53 8.15, 18 90 2.15, 18 53 4.51, 18 96 4.76, 18 48 7.66, 18 43 6.87, 18 53 5.38, 18 65 0.68, 18 54 5.27, 18 40 3.91, 18 44 6.75, 1 70 1.23, 7 122 3.14, 13 49 3.26, 15 61 4, 15 25 2.33, 17 25 3, 4 54 4.02, 4 45 0.94, 16 154 0.19, 16 38 8.62, 2 168 13.59, 5 142 4.19, 5 9 3.17, 5 24 2.49, 3 42 2.16, 
Transaction 250:10 58 1.35, 10 77 0.14, 10 14 1.39, 10 56 1.04, 10 55 1.59, 14 44 0.43, 12 103 3.2, 12 51 2.89, 12 64 2.67, 1 136 1.34, 1 390 3.35, 7 51 1.97, 15 229 3.43, 6 108 1.79, 6 62 0.64, 6 90 0.99, 6 66 1.42, 17 29 1.72, 17 17 2.26, 13 194 1.64, 15 171 3.09, 15 38 4.78, 15 129 1.8, 8 53 1.99, 17 158 0.18, 17 31 1.04, 5 1206 0.82, 3 63 3.22, 
Transaction 251:10 39 0.45, 10 51 0.53, 18 159 0.62, 12 49 2.56, 12 29 3.56, 12 26 4.04, 12 111 1.64, 12 41 4.08, 7 166 1.05, 7 43 0.35, 7 48 1.76, 15 162 3.25, 15 70 5.76, 15 43 0.49, 15 36 2.82, 8 36 1.33, 6 47 1.74, 17 145 0.98, 17 278 2.21, 17 44 0.75, 3 115 5.52, 
Transaction 252:10 33 1, 10 45 0.66, 10 54 0.05, 14 35 3.61, 18 383 1.25, 12 159 2.2, 1 67 2.81, 13 90 0.53, 15 119 0.83, 15 30 2.58, 8 46 0.31, 8 59 1.02, 8 113 1.29, 8 53 1.18, 8 54 0.09, 8 58 2.21, 8 33 2.95, 8 76 1.72, 8 44 1.85, 8 36 2.11, 8 65 0.68, 6 33 1.59, 17 59 2.7, 9 397 5.27, 9 21 6.7, 9 39 13.77, 5 210 2.62, 5 11 3.12, 5 10 1, 3 124 6.92, 3 37 5.13, 
Transaction 253:10 39 1, 14 116 4.49, 14 28 3.96, 14 457 3.33, 14 140 2.18, 12 141 7.65, 12 49 5.73, 12 51 1.22, 12 32 5.83, 12 41 2.73, 1 43 2.79, 13 93 0.44, 13 110 1.33, 13 30 0.64, 4 253 2.19, 4 45 2.61, 
Transaction 254:10 40 0.97, 10 30 0.68, 18 210 0.91, 12 60 2.43, 1 58 3.91, 1 182 3.22, 1 50 0.34, 1 71 1.64, 7 110 0.66, 13 95 1.08, 15 53 1.34, 15 41 1.87, 8 18 1.5, 8 27 2.29, 6 141 1.7, 8 19 0.4, 17 179 1.78, 4 236 2.11, 16 107 0.85, 2 446 0.94, 2 53 1.99, 2 119 1.88, 5 222 0.71, 5 15 0.45, 
Transaction 255:14 64 3.68, 12 118 2.6, 12 32 6.38, 12 33 0.97, 12 33 8.35, 12 45 3.35, 7 66 3.84, 7 99 3.14, 13 69 2.28, 13 42 1.19, 15 31 2.16, 4 139 4.4, 16 41 4.28, 16 43 4.39, 9 25 0.68, 9 35 1.9, 9 35 0.71, 9 30 1.77, 9 21 1.59, 9 32 1.31, 2 53 19.63, 
Transaction 256:18 138 1.07, 18 85 0.08, 15 127 2.73, 8 43 1.41, 16 494 1.29, 16 69 0.54, 16 28 1.72, 15 385 0.66, 4 170 1.73, 9 183 6.96, 2 148 1.49, 5 248 2.89, 
Transaction 257:18 143 1.73, 18 62 11.69, 18 31 2.67, 18 49 1.78, 15 220 1.16, 8 200 3.34, 6 31 1.84, 17 70 7.84, 3 54 6.5, 3 14 2.56, 3 38 5.77, 
Transaction 258:10 91 7.11, 1 211 0.75, 1 28 0.65, 7 11 3.85, 13 45 1.24, 13 42 0.41, 13 42 1.4, 13 120 2.23, 8 74 4.09, 8 49 4.74, 8 61 3.02, 8 37 3.28, 8 101 3.33, 8 62 7.65, 15 116 3.34, 8 185 3.24, 8 51 4.64, 6 104 2.04, 6 26 1.65, 17 129 5.39, 17 90 4.8, 17 145 1.43, 6 54 1.29, 6 22 0.89, 2 380 6.75, 2 91 5.52, 2 54 3.46, 11 30 5.03, 11 32 1.65, 5 11 6.62, 5 39 4.86, 
Transaction 259:10 179 1.49, 14 139 2.22, 14 28 3.03, 14 20 1.04, 14 17 1.58, 12 162 2.32, 12 33 4.16, 12 21 1.66, 12 52 2.19, 12 19 1.5, 12 44 2.74, 1 28 3.05, 7 10 1.91, 7 7 1.3, 13 63 0.24, 13 47 2.6, 13 52 1.41, 14 213 3.02, 14 31 1.76, 14 42 0.05, 12 119 4.83, 12 40 4.56, 1 23 1.84, 7 10 1.59, 13 17 0.82, 4 147 1.22, 4 53 0.49, 4 43 1.99, 4 54 0.63, 4 45 1.49, 4 41 1.19, 16 41 0.21, 16 16 1.16, 11 52 1.41, 11 35 0.52, 
Transaction 260:14 70 1.08, 14 47 3.46, 14 43 4.32, 14 244 1.48, 14 54 0.02, 14 32 0.18, 14 39 3.84, 14 28 2.72, 14 49 3.8, 18 174 0.79, 12 72 3.06, 12 52 4.37, 1 118 3.81, 7 76 2.45, 13 34 1.77, 6 298 1.88, 6 48 0.63, 
Transaction 261:10 51 1.1, 12 162 0.79, 12 47 5.31, 12 80 7.2, 1 52 0.57, 13 183 1.21, 13 154 0.69, 13 89 0.46, 15 121 3.42, 15 88 1.72, 8 103 1.1, 8 31 0.02, 8 62 2.22, 8 47 1.04, 8 33 0.54, 8 86 1.92, 6 58 0.83, 6 67 1.39, 17 141 0.76, 15 251 3.04, 15 99 2.73, 15 38 3.88, 15 36 2.58, 15 24 1.54, 15 46 2.87, 8 130 1.27, 8 42 1.94, 8 43 1.26, 8 41 0.87, 6 61 0.19, 6 134 1.6, 6 42 1.29, 5 174 4.48, 5 51 3.29, 5 9 2.62, 5 36 2.92, 
Transaction 262:10 22 0.11, 14 69 4.09, 14 47 3.09, 18 56 1.24, 18 63 2.24, 12 119 3.8, 12 59 4.23, 12 42 2.5, 12 30 3.01, 12 41 2.89, 1 72 1.96, 9 23 6.52, 2 49 4.42, 
Transaction 263:10 30 4.01, 18 142 8.61, 18 59 6.14, 18 69 0.21, 1 193 1.03, 9 642 0.27, 16 138 1.91, 9 203 1.24, 1 390 0.47, 1 150 1.68, 13 139 1.3, 13 105 0.83, 15 47 3.56, 15 40 1.95, 6 149 1.25, 17 34 9.58, 17 66 10.52, 17 40 8.23, 3 34 3.06, 3 57 6.3, 3 22 3.58, 
Transaction 264:10 20 2.59, 10 37 2.46, 14 124 6.48, 10 30 8.13, 10 37 2.5, 18 131 4.22, 1 217 0.75, 13 334 1.33, 15 44 1.29, 15 83 2.86, 15 44 3.92, 6 94 2.02, 6 47 1.82, 17 31 6.7, 17 6 7.12, 17 26 4.66, 17 25 7.77, 17 56 4.6, 17 25 2.82, 17 23 7.31, 15 64 2.06, 15 39 2.37, 15 33 1.3, 15 60 2.89, 8 93 1.06, 8 43 3.32, 6 82 1.73, 17 241 0.52, 17 17 1.35, 3 680 4.55, 3 53 3.04, 
Transaction 265:14 72 5.13, 14 37 4.67, 18 272 2, 18 175 0.82, 18 38 1.86, 12 45 6.94, 1 88 1.52, 2 329 4.17, 11 65 1.31, 5 49 1.82, 
Transaction 266:12 178 3.59, 7 245 4.8, 13 90 0.9, 6 242 1.45, 11 640 0.16, 11 72 12.9, 5 34 3.28, 
Transaction 267:10 43 1.23, 14 67 4.42, 12 217 5.63, 13 146 1.08, 13 44 2.16, 15 6 3.47, 15 19 2.88, 15 40 1.16, 15 48 2.14, 15 29 4.84, 15 27 2.35, 15 44 1.79, 15 25 5.6, 8 42 0.61, 6 139 2.12, 6 31 1.32, 17 69 2.98, 2 339 3.74, 5 353 2.68, 3 54 0.36, 
Transaction 268:14 174 9.02, 14 81 7.03, 12 171 3.37, 1 57 1.32, 1 132 0.79, 7 35 3.85, 7 25 2.49, 15 98 2.17, 6 284 0.43, 6 36 1.44, 6 35 1.63, 6 42 1.03, 6 43 0.06, 6 72 0.6, 4 294 5.37, 4 35 0.75, 16 96 5.79, 11 87 5.1, 11 51 7.91, 11 74 4.19, 11 20 0.71, 
Transaction 269:10 25 3.99, 10 34 6.32, 10 51 5.22, 10 42 7.48, 10 37 5.18, 14 28 10.32, 7 85 1.32, 13 123 1.57, 16 444 0.02, 17 247 3.56, 16 128 2.7, 16 46 6.77, 9 207 1.02, 1 31 0.26, 15 177 3.38, 8 34 6.37, 8 60 4.64, 17 102 4.82, 4 70 3.49, 9 404 1.17, 1 35 0.88, 1 17 0.76, 13 147 4.14, 15 272 3.33, 15 28 4.29, 6 303 1.12, 17 74 5.71, 17 32 3.28, 16 173 3.09, 5 215 2.78, 
Transaction 270:10 43 0.09, 10 22 1.87, 10 35 0.32, 10 36 0.54, 10 26 1.65, 10 30 1.97, 18 206 1.07, 18 67 0.88, 18 47 0.99, 18 54 1.8, 1 214 0.79, 13 98 0.31, 13 182 1.7, 15 47 2.15, 15 27 3.99, 15 71 2.9, 8 40 0.41, 8 70 1.15, 6 45 1.27, 6 144 1.82, 6 75 3.59, 17 30 1.45, 17 35 2.06, 17 51 0.73, 17 68 2.11, 17 32 1.66, 17 29 0.86, 17 21 1.3, 17 35 1.17, 5 546 4.17, 3 42 5.31, 
Transaction 271:10 172 4.85, 14 56 7.76, 12 280 3.17, 12 49 7.61, 12 41 1.44, 12 32 7.5, 12 39 9.08, 1 90 0.39, 13 85 0.93, 15 23 0.86, 8 49 5.77, 6 28 2.12, 6 51 0, 6 45 1.44, 6 47 0.55, 6 28 0.87, 6 58 1.45, 16 369 5.22, 1 133 0.21, 1 37 0.25, 1 12 1.26, 7 11 4.38, 7 13 5.04, 4 106 6.94, 5 14 3.9, 5 14 6.84, 5 10 4.92, 5 14 3.08, 
Transaction 272:10 29 6.89, 14 32 4.09, 14 33 6.62, 14 33 16.41, 13 192 1.2, 13 81 0.83, 13 113 1.24, 15 151 1.98, 15 30 5.33, 15 26 2.53, 15 33 3.7, 15 20 2.73, 15 40 3.21, 15 34 0.42, 8 132 1.43, 8 55 2.8, 8 103 3.25, 8 52 6.63, 8 56 1.77, 17 124 7.15, 17 26 3.86, 4 102 0.24, 2 579 15.17, 11 34 7.79, 11 65 1.67, 11 20 4.32, 11 30 8.01, 5 20 4.87, 
Transaction 273:10 26 1.59, 10 43 1.42, 14 193 2.8, 14 146 4.9, 18 288 0.69, 12 60 7.83, 12 67 3.96, 12 45 4.28, 1 292 2.09, 9 328 5.78, 9 136 2.83, 9 157 11.27, 1 62 3.33, 15 484 2.54, 6 615 1.79, 17 250 2.58, 17 25 1.36, 4 39 1.6, 3 151 5.48, 
Transaction 274:10 26 1.6, 14 164 3.51, 12 305 1.84, 7 187 1.53, 15 183 2.36, 15 144 4.03, 8 38 0.62, 8 73 1.19, 6 67 2.36, 17 198 1.51, 9 293 8.85, 2 424 4.41, 5 48 0.31, 
Transaction 275:10 60 5.26, 10 55 1.26, 10 53 5.85, 10 35 7.58, 1 216 0.99, 13 113 3.28, 4 757 1.52, 5 11 2.93, 3 27 4.83, 
Transaction 276:10 44 2.66, 10 47 0.62, 14 253 8.06, 14 55 7.26, 12 168 6.7, 1 136 0.05, 1 100 1.57, 1 25 1.51, 13 94 2.18, 15 118 1.4, 6 113 0.48, 16 263 1.72, 5 330 3.5, 5 43 5.41, 5 9 3.93, 3 231 3.46, 
Transaction 277:14 128 15.47, 12 155 5.02, 1 40 0.07, 1 29 0.03, 1 40 1.46, 7 16 2.54, 7 37 11.19, 13 53 1.34, 13 60 1.16, 13 57 1.23, 15 17 2.39, 4 166 4.76, 4 61 2.09, 16 27 0.86, 9 30 1.26, 9 33 1.65, 2 75 18.46, 2 57 16.2, 11 38 6.48, 
Transaction 278:10 47 1.35, 10 48 0.99, 10 15 0.89, 14 24 4.15, 18 55 0.13, 12 43 0.48, 1 35 1.55, 7 10 1.43, 13 65 1.04, 13 97 0.6, 13 64 1.01, 13 52 1.53, 8 103 1.56, 6 32 1.99, 6 30 1.27, 17 122 2.55, 4 96 1.28, 9 214 6.89, 
Transaction 279:14 216 12.03, 12 223 4.44, 1 45 0.68, 1 50 1.18, 15 135 1.49, 15 37 1.14, 17 22 6.22, 5 773 1.68, 3 165 4.4, 
Transaction 280:10 31 0.67, 10 34 1.45, 18 119 2.54, 18 44 1.57, 18 57 0.92, 18 45 1.14, 13 410 1.69, 13 75 1.31, 13 42 0.97, 15 16 2.23, 15 44 2.99, 8 39 0.96, 6 51 2.3, 6 98 0.75, 6 63 1.63, 6 140 0.61, 
Transaction 281:10 65 0.77, 13 430 1.26, 15 51 3.49, 8 78 1.27, 8 35 1.4, 6 205 1.26, 6 34 1.74, 6 42 1.48, 
Transaction 282:10 39 6.14, 12 236 0.09, 12 40 0.94, 12 29 4.64, 1 25 0.34, 1 36 1.23, 7 17 4.81, 13 150 2.6, 13 50 2.26, 13 39 0.82, 15 86 2.86, 8 38 3.99, 8 97 3.42, 6 205 0.84, 6 73 1.83, 17 28 9.89, 17 36 7.04, 17 17 4.64, 17 86 9.68, 17 59 10.03, 16 61 4.08, 9 82 1.38, 2 148 13.34, 2 80 14.15, 2 65 13.56, 
Transaction 283:14 123 3.59, 1 156 1.37, 7 76 1.93, 13 95 1.28, 13 53 1.07, 15 22 4.58, 8 50 0.03, 8 144 1.33, 6 61 0.46, 4 112 1.93, 16 47 0.76, 16 49 0.61, 16 57 0.38, 9 60 1.02, 9 24 4.4, 1 22 2.74, 1 51 1.44, 1 38 2.8, 1 22 1.45, 1 38 2.11, 1 22 2.04, 1 23 3.41, 1 20 0.71, 1 71 3.42, 1 18 0.81, 1 27 0.4, 7 13 1.03, 1 539 2.3, 7 18 0.75, 7 29 1.62, 13 56 0.9, 15 46 2.2, 6 213 2.4, 6 15 1.75, 6 22 2.14, 6 50 2.56, 4 187 2.16, 4 40 0.92, 4 40 1.56, 16 47 1.6, 16 55 0.33, 9 52 6.29, 9 52 3.52, 9 41 0.34, 2 60 4.13, 2 101 2.28, 
Transaction 284:18 152 5.33, 12 45 7.16, 12 48 4.25, 12 63 4.58, 1 123 0.88, 13 230 1.57, 13 28 0.88, 16 107 3.58, 16 54 4.94, 2 355 5.27, 2 50 18.99, 2 152 13.29, 
Transaction 285:10 56 4.07, 18 95 1.9, 13 134 0.5, 15 73 3.2, 6 243 2.05, 6 67 1.55, 6 78 0.53, 17 32 7.28, 11 317 5.85, 5 23 3.19, 4 111 7.13, 16 170 3.29, 9 346 2.02, 9 137 1.05, 2 47 3.26, 11 19 8.49, 5 49 4.67, 3 61 3.61, 
Transaction 286:10 45 2.81, 10 55 1.44, 10 33 4.78, 10 57 0.66, 10 44 3.65, 10 40 4.27, 10 37 6.39, 18 85 0.26, 18 160 4.3, 18 57 5.84, 18 60 3.57, 18 54 7.37, 18 45 6.86, 18 74 2.23, 18 75 2.83, 18 112 1.37, 18 75 7.64, 7 99 6.25, 13 210 2.93, 15 50 2.84, 15 30 1.49, 15 52 1.12, 15 121 2.7, 6 129 1.13, 6 20 1.45, 6 31 1.6, 6 28 1.1, 17 46 4.65, 17 25 7.18, 17 23 5.3, 17 30 10.02, 17 20 2.38, 17 20 1.44, 4 50 3.04, 4 52 0.2, 5 88 5.37, 3 38 4.46, 
Transaction 287:14 150 5.57, 18 55 0.82, 12 626 1.65, 1 126 1.74, 9 142 4.83, 9 82 4.29, 9 83 9.03, 9 202 8.65, 9 88 1.8, 2 48 3.22, 
Transaction 288:10 32 2.69, 10 87 4.46, 5 885 2.8, 5 87 3.86, 3 44 4.43, 
Transaction 289:8 33 1.46, 6 80 2.23, 6 13 1.71, 6 37 1.23, 6 48 1.98, 17 35 2.34, 17 38 1.63, 16 314 0.4, 16 28 1.73, 2 311 2.24, 
Transaction 290:10 65 0.83, 14 120 4.81, 18 135 1.1, 18 168 1.66, 18 20 0.52, 18 40 1.41, 18 279 2.09, 18 126 0.97, 12 111 4.45, 12 71 3.7, 12 54 4.66, 12 71 3.27, 1 145 2.35, 13 184 1.66, 13 50 1.48, 13 52 0.59, 15 68 4.51, 15 45 2.55, 8 29 0.94, 8 28 1.08, 6 112 1.15, 6 122 1.8, 6 148 2.11, 6 63 1.06, 6 157 0.98, 17 52 1.71, 16 87 1.38, 9 121 4.93, 2 95 0.93, 11 220 0.85, 5 77 1.58, 
Transaction 291:18 149 0.94, 12 210 5.83, 1 43 3.69, 13 67 1.36, 15 33 1.24, 8 188 1.08, 
Transaction 292:10 37 1.68, 10 91 1.03, 10 28 1.17, 10 37 1.64, 10 33 1.1, 10 36 0.66, 10 36 0.73, 14 178 4.15, 12 113 2.27, 12 74 5.11, 1 52 4.37, 1 68 4.11, 1 359 1.16, 7 222 1.59, 1 86 2.22, 8 412 1.23, 16 487 0.56, 16 131 1.73, 
Transaction 293:14 117 14.3, 14 32 5.03, 12 280 2.11, 12 29 3.75, 12 37 3.12, 12 36 9.11, 12 44 8.46, 12 40 3.13, 1 43 1.77, 1 82 0.94, 7 48 2.84, 13 73 3.39, 4 200 6.51, 16 35 4.21, 16 27 7.55, 16 39 3.79, 7 6 3.62, 7 15 9.31, 7 12 6.97, 7 11 0.69, 1 267 1.16, 7 12 8.24, 13 56 1.99, 13 61 1.8, 13 31 0.45, 6 128 0.92, 4 64 2.62, 16 30 7.76, 16 32 2.05, 16 23 0.87, 2 171 11.04, 2 77 8.38, 2 69 11.91, 2 45 6.05, 
Transaction 294:14 220 1.68, 14 30 2.01, 18 53 2.23, 13 86 1.34, 13 40 1.19, 15 51 1.85, 15 60 1.97, 15 17 0.18, 15 43 3.09, 17 78 2.47, 1 348 4.17, 15 263 1.07, 15 142 2.74, 17 149 1.83, 15 39 2.6, 15 53 2.98, 8 35 1.07, 17 177 1.01, 17 26 1.49, 17 35 2.77, 17 28 1.61, 17 37 1.85, 17 30 1.47, 3 62 1.78, 3 44 2.66, 3 50 6.27, 3 71 5.18, 3 45 4.65, 3 81 4, 3 41 3.98, 3 63 2.4, 3 37 6.51, 
Transaction 295:10 36 0.7, 13 112 0.46, 13 158 1.12, 13 241 0.8, 13 43 1.49, 15 32 2.14, 17 23 3.21, 17 50 1.02, 4 86 2.57, 16 288 0.01, 16 47 1.56, 5 277 0.02, 5 45 4.28, 3 52 4.71, 
Transaction 296:10 109 4.61, 10 79 7.48, 10 36 2.08, 10 30 1.02, 10 37 4.96, 10 33 4.84, 10 27 3.16, 10 42 6.72, 18 72 5.34, 13 659 1.39, 15 37 1.25, 8 103 4.04, 8 68 4, 8 56 3.49, 6 80 2.7, 6 51 1.18, 6 63 0.73, 17 16 2.09, 17 43 6.15, 17 23 12.89, 17 33 6.93, 17 28 4.08, 4 201 2.04, 4 48 7.57, 5 709 2.17, 5 48 0.8, 3 43 4.53, 3 23 2.75, 3 41 1.15, 
Transaction 297:10 70 1.64, 10 26 1.19, 14 79 2.7, 18 71 1.8, 12 101 5.7, 12 94 1.44, 12 43 2.76, 1 220 2.66, 7 179 2.82, 16 335 0.9, 16 71 1.79, 2 142 0.78, 2 118 3.68, 2 60 4.81, 5 195 2.75, 
Transaction 298:10 53 1.77, 10 39 1.34, 10 58 1.42, 18 66 1.85, 18 55 1.1, 18 47 0.52, 7 213 2.01, 13 148 1.01, 15 54 2.9, 15 47 2.51, 15 26 0.82, 15 27 3.09, 15 25 2.59, 15 33 4.21, 8 118 2.43, 17 150 1.21, 16 89 0.91, 4 146 1.07, 5 503 2.64, 3 39 1.21, 3 44 2.76, 3 46 1.23, 3 14 4.11, 3 31 4.57, 
Transaction 299:10 117 4.33, 10 96 1.79, 10 48 5.59, 14 71 14.8, 14 25 9.11, 1 282 0.81, 1 81 0.94, 7 38 6.48, 7 153 6.07, 13 43 2.45, 13 35 2.98, 8 89 3.36, 8 47 5.24, 17 97 6.49, 
Transaction 300:10 123 1.15, 10 40 1.6, 12 107 4.03, 12 35 4.17, 1 32 2.39, 8 221 2.34, 8 59 0.13, 16 386 1.32, 9 58 5.93, 
Transaction 301:10 55 3.76, 12 162 6.69, 1 56 0.57, 1 99 1.07, 1 64 0.95, 1 54 0.79, 7 20 5.74, 16 107 5.09, 9 59 1.74, 9 219 2.46, 9 240 1.08, 9 620 2.14, 11 87 4.34, 5 26 2.97, 5 22 2.66, 
Transaction 302:10 44 10.04, 10 36 3.09, 10 172 7.62, 10 31 0.7, 10 25 0.71, 18 87 2.98, 12 63 6.49, 12 42 0.17, 1 55 0.94, 1 89 1.43, 1 362 1.12, 1 74 1.87, 1 156 0.42, 1 99 0.09, 1 71 1.28, 15 320 2.45, 15 49 2.08, 15 126 0.58, 8 61 1.94, 6 56 1.12, 6 125 1.32, 6 118 0.48, 17 105 7.82, 17 51 6.65, 8 85 2.55, 8 34 5.23, 8 32 6.19, 6 56 1.08, 2 953 5.14, 11 489 6.58, 5 173 3.7, 3 154 0.39, 
Transaction 303:10 53 1.03, 10 44 1.44, 10 30 1.4, 10 46 1.89, 18 95 1.49, 18 35 0.16, 18 60 1.47, 18 45 1.44, 1 99 3.15, 5 132 4.32, 5 10 2.91, 3 19 6.23, 
Transaction 304:14 79 2.86, 18 47 0.85, 14 85 3.87, 12 412 1.8, 12 48 1.91, 1 64 1.41, 1 64 3.09, 7 48 1.5, 4 84 1.53, 4 55 1.27, 9 150 3.52, 9 88 6.51, 9 69 2.82, 9 271 4.12, 9 134 4.5, 2 52 3.49, 2 51 4.39, 2 50 4.4, 
Transaction 305:14 265 3.74, 14 28 3.91, 14 26 2.96, 12 216 1.06, 7 57 2.48, 7 19 0.94, 13 54 1.25, 13 78 1.07, 8 102 1.74, 6 82 1.94, 6 29 0.77, 6 47 0.02, 4 157 1.76, 16 29 1.08, 16 37 0.61, 16 36 0.55, 16 21 1.94, 9 30 4.77, 9 27 6.86, 9 24 10.06, 9 28 11.03, 9 17 7.83, 2 41 2.58, 
Transaction 306:10 38 0.13, 14 59 1.79, 18 77 1.22, 18 53 0.22, 18 150 1.48, 18 57 0.77, 18 33 1.56, 18 66 1.07, 18 40 1.58, 18 44 0.88, 18 46 1.45, 1 328 2.29, 16 324 0.15, 2 550 2.68, 5 73 1.74, 
Transaction 307:14 72 5.54, 14 29 12.25, 12 550 8.83, 12 45 6.66, 12 46 5.58, 12 39 8.37, 12 22 5.57, 1 45 0.76, 6 337 2.13, 6 168 0.68, 6 36 0.01, 4 113 7.13, 4 60 5.11, 4 61 1.92, 4 58 4.12, 4 57 3.07, 4 65 4.39, 4 39 4.06, 4 40 3.75, 16 24 2.04, 16 39 0.98, 9 15 0.51, 9 29 0.21, 9 27 0.88, 2 144 4.96, 2 49 5.41, 2 61 9.83, 2 52 12.22, 11 96 6.17, 4 204 4.51, 4 58 3.53, 16 36 1.4, 16 38 1.05, 16 35 3.48, 16 42 3.47, 16 50 3.5, 16 38 3.03, 9 28 0.49, 9 26 0.76, 2 82 10.45, 11 87 6.39, 11 54 0.11, 11 97 9.79, 11 21 7.13, 11 27 6.99, 5 80 5.43, 
Transaction 308:10 34 7.59, 10 30 2.09, 14 48 4.22, 14 101 9.27, 10 112 3.46, 10 40 7.15, 10 34 5.52, 10 33 4.33, 10 30 3.97, 10 10 13.09, 10 33 5.98, 18 294 4.37, 13 689 1.17, 13 217 1.55, 13 35 1.67, 10 209 2.72, 18 110 5.14, 18 51 5.3, 18 88 0.59, 18 76 6.54, 9 1205 1.5, 2 349 10.3, 11 40 4.24, 5 71 4.65, 5 133 5.51, 3 211 2.91, 
Transaction 309:15 50 1.13, 8 49 3.86, 8 29 1.74, 8 36 6.61, 8 87 3.91, 16 232 3.37, 9 172 2.36, 9 264 1.2, 5 705 3.25, 5 20 5.11, 
Transaction 310:10 39 3.98, 18 137 4.66, 7 282 0.78, 9 384 1.62, 3 506 5.71, 
Transaction 311:10 29 1.84, 10 34 0.44, 10 37 1.4, 18 74 1.29, 12 345 0.28, 12 61 3.13, 1 50 4.26, 7 191 0.53, 15 109 2.19, 15 39 4, 15 38 1.46, 15 44 2.5, 10 34 0.98, 12 194 3.53, 8 369 1.38, 6 39 0.5, 17 76 0.99, 17 64 1.79, 6 78 0.89, 17 76 2.27, 2 255 2.94, 11 25 0.55, 5 88 2.33, 3 26 5.37, 
Transaction 312:10 23 4.42, 10 31 2.14, 14 62 0.91, 18 42 5.24, 12 48 7.39, 1 101 0.34, 1 91 1.14, 15 184 0.73, 6 262 0.32, 6 64 0.1, 4 250 3.66, 3 320 3.86, 3 30 4.17, 
Transaction 313:18 124 7.26, 13 140 0.53, 13 41 2.14, 13 37 0.93, 13 193 1.84, 13 62 2.39, 13 48 2.26, 5 768 1.1, 3 49 2.53, 
Transaction 314:10 53 5.99, 10 32 6.37, 10 54 5.72, 12 218 9.04, 12 60 3.99, 12 38 4.35, 1 24 1.16, 13 65 2.01, 13 52 1.99, 15 30 1.64, 4 257 3.26, 2 397 10.65, 9 164 1.79, 9 358 1.15, 2 75 7.13, 11 101 10.52, 3 147 3.47, 
Transaction 315:10 52 0.37, 10 35 1, 14 114 0.66, 18 42 0.99, 18 115 0.69, 18 58 1.41, 18 54 1.77, 18 51 1.19, 18 241 1.37, 1 157 2.36, 13 178 1.6, 13 40 1.36, 15 27 2.99, 17 163 1.86, 17 15 3.06, 17 32 1.01, 17 27 0.71, 16 148 1.08, 5 313 2.02, 3 25 1.57, 
Transaction 316:10 33 1.4, 10 76 1.64, 18 179 0.23, 18 49 1.25, 18 55 0.71, 18 41 1.2, 9 498 4.52, 11 170 0.84, 
Transaction 317:12 170 4.79, 12 67 3.17, 12 19 6.88, 7 244 1.73, 12 351 3.61, 12 66 2.71, 12 44 3.58, 1 42 2.14, 1 113 3.37, 1 136 3.42, 1 74 1.65, 1 147 3.69, 1 91 1.43, 1 134 2.36, 1 122 1.71, 18 60 0.59, 7 245 1.95, 7 50 1.09, 7 72 1.44, 13 222 0.77, 15 57 1.37, 15 57 5.08, 15 55 2.36, 15 41 3.11, 15 33 4.49, 15 83 2.98, 8 51 0.03, 6 45 0.73, 6 60 0.59, 17 45 2.3, 1 536 3.59, 13 163 0.59, 15 47 3.93, 15 87 1.29, 10 29 1.35, 14 40 3.54, 14 77 0.41, 18 107 1.07, 12 149 0.87, 12 34 3.77, 12 40 3.31, 1 62 1.73, 1 56 1.78, 7 59 0.77, 15 144 2.95, 15 26 1.41, 8 57 1.24, 8 38 3.32, 6 93 1.55, 6 53 0.32, 6 109 1.99, 17 251 1.46, 4 325 1.75, 16 69 0.85, 9 442 0.83, 9 274 3.07, 1 302 1.53, 1 81 2.6, 15 229 4.1, 6 116 1.1, 6 53 1.54, 6 107 1.17, 
Transaction 318:10 21 10.81, 14 33 14.81, 18 101 3.94, 18 52 2.25, 1 193 0.81, 1 287 1.29, 13 408 2.34, 13 51 3.68, 13 52 0.1, 13 83 1.71, 15 34 3.93, 15 88 3.68, 15 276 0.85, 15 25 2.6, 15 39 2.25, 8 77 4.41, 17 194 11, 17 17 6.67, 17 34 3.7, 4 263 2.32, 2 431 8.44, 2 46 2.77, 2 115 0.07, 5 208 3.83, 5 30 3.85, 3 94 7.52, 3 32 5.7, 
Transaction 319:10 84 0.58, 14 79 3.17, 14 38 3.72, 14 40 2.48, 14 74 2.9, 14 56 1.54, 12 115 2.64, 12 77 3.56, 12 20 2.98, 1 122 2.06, 12 133 6.7, 1 143 4.37, 7 119 1.09, 13 92 0.28, 15 65 2.26, 6 89 0.66, 6 82 1.55, 6 50 1.01, 6 77 1.83, 4 182 1.55, 4 56 2.64, 4 44 0.99, 16 141 0.41, 16 26 0.81, 16 51 1.69, 9 112 7.49, 9 151 9.62, 9 75 7.11, 9 80 7.34, 9 159 5.07, 9 104 8.22, 9 80 2.35, 9 105 11.59, 2 50 3.16, 2 43 4.81, 11 19 0.99, 
Transaction 320:10 40 7.49, 10 47 3.61, 10 29 5.53, 10 36 3.67, 10 38 0.76, 10 29 6.43, 10 71 5.19, 10 47 4.64, 10 30 6.1, 10 46 4.89, 10 37 4.39, 10 44 4.16, 10 42 4.15, 18 264 3.43, 18 53 0.91, 18 67 6.46, 18 55 6.64, 18 67 3.96, 18 59 5.15, 18 50 5.58, 15 694 1.87, 15 41 5.05, 6 64 0.08, 17 108 2.49, 17 33 2.37, 13 303 1.66, 15 139 0.89, 8 28 5.01, 8 73 2.58, 6 91 1.27, 6 46 1.15, 6 121 1.97, 17 29 5.05, 17 133 9.58, 17 24 8.14, 17 33 7.83, 17 76 6.14, 3 147 4.95, 3 43 4.97, 3 48 5.93, 3 34 1.8, 
Transaction 321:10 19 8.19, 10 26 6.27, 10 37 3.86, 10 21 2.3, 10 40 5.7, 18 143 4.52, 13 374 2.02, 13 89 0.06, 13 85 1.24, 4 47 7.56, 5 84 3.46, 3 78 4.72, 3 52 1.63, 3 44 1.77, 
Transaction 322:10 30 2.43, 18 99 1.53, 1 176 2.4, 13 52 0.29, 15 94 1.72, 15 59 2.19, 15 41 3.14, 10 35 1.18, 10 38 1.89, 10 31 1.18, 10 36 1.87, 10 12 1.77, 18 399 1.36, 9 321 4.82, 3 147 3.95, 3 49 3.83, 
Transaction 323:10 34 0.7, 15 28 2.05, 17 185 0.2, 6 82 3.02, 17 49 1.57, 17 16 0.95, 17 23 1.87, 17 27 0.48, 17 19 1.16, 17 24 2.21, 13 168 1.52, 15 24 1.03, 6 109 2.13, 17 72 1.24, 17 28 2.24, 17 33 0.38, 17 28 1.33, 9 371 3.06, 9 19 3.02, 11 130 1.12, 3 93 0.98, 3 34 4.51, 3 35 4.77, 
Transaction 324:10 35 0.75, 10 37 0.53, 18 82 1.18, 18 42 1.34, 18 41 1.82, 1 143 3.03, 13 126 0.7, 13 80 0.75, 13 36 2.23, 6 110 2.16, 6 24 1.71, 6 35 1.18, 6 27 0.17, 6 32 0.44, 6 34 0.59, 6 17 0.83, 6 58 1.25, 17 120 0.86, 17 24 2.66, 17 29 2.5, 17 24 0.87, 4 83 1.61, 3 312 4.21, 3 40 2.89, 
Transaction 325:14 65 12.36, 14 39 11.92, 14 36 7.51, 12 106 4.15, 12 56 7.4, 1 114 1.51, 1 60 1.16, 1 48 1.06, 13 68 0.71, 15 142 2.59, 8 64 4.15, 8 49 6.77, 6 50 1.57, 6 50 1.32, 6 43 0.86, 6 41 0, 6 40 0.95, 4 165 4.79, 16 36 2.54, 16 36 3.29, 16 18 3.82, 2 121 17.49, 2 25 14.08, 2 48 5.75, 2 52 8.34, 2 61 13.21, 2 73 9, 2 116 15.94, 2 73 16.47, 2 30 11.11, 2 155 6.97, 11 54 0.83, 
Transaction 326:10 79 2.52, 18 80 4.01, 18 69 7.27, 12 52 5.23, 1 100 1.12, 1 59 1.34, 7 113 3.87, 13 79 2.28, 16 146 6.16, 16 49 5.87, 9 347 0.87, 3 614 1.89, 3 123 6.09, 
Transaction 327:10 58 9.18, 10 50 4.82, 10 34 2.74, 14 101 13.79, 1 266 1.54, 13 151 1.79, 13 24 1.92, 15 52 3.13, 15 13 3.63, 15 37 2.37, 8 49 1.52, 8 85 4.32, 6 75 0.92, 16 169 1.26, 16 90 5.55, 16 41 6.85, 16 121 5.54, 16 118 6, 9 88 0.86, 2 184 0.12, 2 131 8.76, 2 82 10.22, 2 163 3.78, 9 120 1.79, 5 241 2.6, 5 20 4.67, 5 62 2.03, 11 50 4.45, 11 26 4.58, 5 27 4.32, 5 10 0.39, 5 12 2.72, 
Transaction 328:10 45 1.55, 14 31 2.69, 18 56 1.53, 12 43 2, 1 98 1.03, 15 95 2.35, 8 47 1.07, 8 66 1.7, 15 11 4.38, 15 61 1.5, 6 76 1.83, 4 177 1.48, 11 227 1.3, 
Transaction 329:10 55 3.46, 10 53 7.04, 18 156 4.58, 15 317 0.84, 15 16 2.19, 15 16 3.04, 15 50 2.93, 15 24 3.64, 15 29 2.8, 8 88 6.86, 17 49 5.27, 17 23 4.35, 17 9 9.49, 17 48 4.96, 9 256 1.42, 3 516 7.12, 3 96 5, 3 42 4.68, 
Transaction 330:10 33 0.75, 10 39 0.7, 14 13 2.28, 18 164 1.71, 15 314 0.11, 15 34 3.57, 15 15 2.45, 6 242 1.96, 17 25 2.85, 17 15 1.37, 17 14 1.56, 17 25 1.45, 9 113 6, 3 237 2.27, 
Transaction 331:10 63 0.82, 10 36 0.85, 10 64 0.22, 10 35 0.95, 10 57 1.56, 10 31 0.79, 18 168 0.9, 12 123 4.85, 1 215 2.76, 7 91 0.47, 15 136 2, 8 113 1.6, 8 44 0.91, 8 62 1.42, 8 36 0.56, 17 33 1.29, 17 29 2.28, 17 22 0.62, 13 220 0.52, 15 57 1.43, 6 194 1.45, 6 82 1.05, 6 149 0.54, 6 170 2.15, 17 108 1.68, 17 36 1.76, 
Transaction 332:14 70 3.94, 12 200 3.74, 12 43 0.8, 12 27 3.33, 12 47 4.08, 1 35 3.44, 7 62 1.05, 13 37 1.04, 15 50 1.88, 6 131 1.12, 6 28 0.9, 4 550 1.94, 16 56 0.95, 9 24 9.09, 9 24 8.42, 9 28 0.67, 7 44 0.38, 13 66 1.89, 13 41 1.35, 15 70 3.3, 6 111 1.92, 6 24 2.62, 4 67 3.36, 4 46 0.11, 4 51 0.02, 4 32 2.57, 16 28 1.61, 9 24 5.93, 9 22 8.04, 9 15 8.13, 9 27 11.48, 2 44 0.31, 
Transaction 333:10 16 7.99, 18 113 5.82, 18 70 9.19, 12 42 3.01, 1 198 0.58, 13 240 2.1, 13 59 2.2, 15 140 3.64, 6 122 1.47, 6 166 1.02, 6 76 0.55, 6 60 2.63, 6 55 0.25, 6 74 0.63, 17 53 2.41, 13 358 0.88, 8 123 2.06, 8 31 6.51, 8 57 1.71, 8 54 2.78, 8 65 5.1, 8 20 1.71, 6 74 1.47, 17 452 3.7, 16 227 6.39, 2 855 8.3, 2 59 6.56, 2 37 12.38, 11 1034 7.1, 
Transaction 334:10 39 2.18, 10 46 0.99, 14 66 2.99, 18 55 1.51, 18 39 0.58, 18 47 2.59, 1 110 2.49, 16 197 0.88, 18 213 0.93, 18 59 1.06, 18 32 1.5, 18 39 1.15, 18 57 0.57, 18 58 0.53, 7 114 1.39, 13 75 0.97, 6 253 1.99, 6 25 1.94, 17 46 2, 17 24 1.92, 17 34 1.22, 6 20 1.52, 17 84 2.98, 17 21 1.92, 17 27 0.93, 4 158 1.54, 9 182 3.7, 9 36 8.03, 2 109 1.67, 2 432 2.17, 2 147 1.51, 3 170 5.52, 5 72 3.49, 3 93 4.49, 3 82 2.74, 3 26 2.97, 3 76 1.93, 
Transaction 335:10 79 0.71, 10 46 2.32, 18 117 1.57, 1 190 1.96, 13 101 2, 13 74 1.93, 13 148 2.19, 15 77 3.17, 15 61 5.07, 15 46 3.43, 10 35 1.61, 10 47 2.44, 10 28 1.48, 10 24 0.36, 10 42 0.97, 18 231 0.55, 18 55 1.35, 18 39 0.1, 13 323 1.71, 13 61 1.29, 15 116 5.91, 15 45 1.78, 15 38 1.67, 8 153 1.18, 6 165 3.15, 17 40 2.6, 17 99 2.59, 4 85 1.96, 4 90 1.41, 4 130 1.37, 5 649 2.19, 3 37 1.69, 3 50 2.2, 
Transaction 336:14 57 14.03, 14 420 1.24, 12 177 7.44, 12 86 1.61, 12 40 2.75, 12 28 4.57, 1 61 0.69, 9 57 1.11, 
Transaction 337:10 40 1.03, 18 98 2.5, 18 61 2.08, 1 300 3.79, 13 137 0.84, 8 155 0.65, 6 58 2.22, 6 61 1.67, 6 43 0.01, 17 24 0.49, 17 76 0.58, 17 19 2.03, 17 16 1.13, 17 26 1.46, 4 75 2.01, 4 62 1.73, 3 169 1.55, 3 21 3.59, 
Transaction 338:10 36 4.32, 10 52 8.45, 18 107 6.03, 18 70 2.74, 18 59 5.8, 18 82 2.35, 18 59 3.26, 14 57 4.14, 18 50 3.84, 18 55 0.78, 18 88 2.85, 18 37 2.77, 15 331 0.68, 15 24 1.19, 8 95 4.79, 17 161 2.29, 17 20 0, 4 154 4.13, 5 563 4.42, 3 52 7, 
Transaction 339:14 77 0.26, 14 90 5.86, 14 38 17.03, 14 45 20.7, 7 312 4.33, 7 98 1.98, 7 41 3.75, 7 58 3.89, 7 47 4.79, 13 122 2.09, 13 61 1.49, 4 107 3.25, 16 63 1.52, 9 59 4.11, 9 108 1.5, 2 53 4.2, 2 63 12.63, 2 34 1.66, 2 51 8.53, 2 53 10.37, 2 56 3.46, 2 65 12.64, 2 54 9.63, 2 51 11.01, 2 80 5.95, 2 47 4.87, 11 45 7.24, 11 27 3.72, 
Transaction 340:10 19 1.89, 15 59 2.95, 8 67 2.45, 8 36 1.95, 6 398 1.31, 13 244 1.02, 16 215 0.7, 16 677 1.01, 16 135 1.1, 16 126 1.93, 
Transaction 341:14 70 1.42, 8 338 0.02, 8 47 0.67, 8 41 1.12, 8 64 0.21, 8 59 1.56, 6 21 1.32, 6 29 1.23, 6 148 1.59, 6 21 1.83, 16 114 1.38, 11 366 1.42, 5 34 2.16, 
Transaction 342:12 488 6.33, 7 156 3, 16 550 4.58, 9 128 1.11, 
Transaction 343:14 217 4.34, 14 35 4.31, 14 27 0.29, 14 45 3.61, 12 111 4.81, 1 32 5.01, 1 25 2.66, 7 15 2.23, 7 27 1.09, 13 67 1.42, 15 38 2.95, 15 27 1.76, 8 34 1.67, 4 75 0.5, 4 32 1.13, 16 42 0.64, 16 71 1.7, 9 53 5.92, 2 46 5.17, 2 71 3.86, 
Transaction 344:14 124 3.16, 1 277 0.35, 1 115 1.64, 13 97 1.96, 15 126 1.57, 8 34 3.65, 8 21 3.4, 17 88 9.18, 16 133 3, 16 140 3.43, 2 177 15.85, 5 220 2.77, 5 15 3.9, 
Transaction 345:10 34 0.7, 14 398 4.01, 14 62 5.11, 14 31 2.96, 12 242 2.7, 1 81 3.76, 1 101 1.9, 15 303 3.62, 8 27 1.13, 6 138 2.06, 6 73 0.2, 2 820 2.68, 
Transaction 346:10 33 3.19, 18 145 8.68, 18 56 5.2, 1 126 0.31, 7 86 2.74, 13 98 2.13, 13 64 2.22, 13 228 2.54, 13 148 1.44, 18 111 5.45, 18 51 5.63, 18 48 3.42, 18 62 5.72, 18 45 3.89, 18 129 5.63, 18 44 5.59, 18 59 5.29, 18 52 4.27, 1 102 0.61, 15 259 1.87, 6 84 0.9, 6 86 0.77, 17 38 6.26, 17 28 5.57, 17 30 0.01, 13 764 1.72, 13 16 1.1, 13 104 2.91, 15 82 3.07, 6 174 1.81, 6 55 0.66, 6 54 1.48, 6 44 1.71, 17 41 7.5, 16 224 4.18, 11 387 10.58, 5 90 1.32, 5 53 4.32, 5 49 5.42, 
Transaction 347:10 37 0.43, 18 123 1.14, 12 50 2.75, 12 137 3.77, 1 214 2.76, 1 117 3.73, 1 71 3.52, 7 53 2.49, 13 180 1.38, 15 116 3.48, 8 18 1.12, 8 25 0.46, 8 17 1.22, 6 95 1.69, 5 233 2.08, 
Transaction 348:10 28 1.22, 10 52 1.54, 18 219 1.65, 12 105 4.77, 1 62 0.27, 7 41 1.51, 15 46 1.73, 8 75 0.99, 6 241 1.8, 2 506 3.74, 5 32 3.23, 3 171 0.96, 
Transaction 349:10 26 0.67, 14 105 4.68, 12 266 4.7, 1 203 1.89, 1 69 2.65, 1 265 2, 1 73 2.07, 1 129 3.22, 7 151 1.88, 15 277 3.01, 8 128 1.75, 6 195 1.77, 17 24 0.76, 16 136 0.99, 16 129 0.88, 11 445 1.36, 3 167 4.89, 
Transaction 350:1 310 1.44, 1 37 1.56, 13 61 0.89, 8 150 5.32, 6 31 1.89, 6 63 0.88, 6 54 0.97, 8 282 6.14, 
Transaction 351:10 42 0.89, 10 42 0.33, 15 46 1.01, 8 52 1.8, 17 45 2.13, 2 287 2.44, 11 198 1.02, 5 55 2.51, 
Transaction 352:10 50 0.99, 15 46 4.22, 15 37 3.62, 13 56 0.82, 15 45 4.12, 17 128 1.12, 17 48 0.75, 6 42 1.06, 6 54 1.26, 17 30 1.83, 4 52 1.49, 9 82 4.68, 9 61 6.82, 11 219 0.21, 11 123 0.35, 5 22 3.35, 5 62 1.27, 3 45 3.09, 
Transaction 353:10 39 7.17, 18 91 0.88, 1 86 0.93, 18 84 5.89, 18 67 5.13, 15 97 2.17, 17 21 6.7, 15 53 1.79, 15 41 2.08, 15 33 4.1, 8 47 5.96, 6 148 1.77, 17 29 7.3, 17 26 4.5, 9 158 0.53, 11 444 7.2, 5 42 3.81, 5 58 4.13, 5 9 5.98, 
Transaction 354:10 35 0.28, 10 16 0.71, 10 29 0.67, 10 39 0.71, 18 209 1.17, 18 44 1.57, 18 107 1.74, 18 90 1.55, 12 39 3.16, 14 364 2.21, 12 138 2.58, 12 26 4.67, 12 52 4.36, 1 44 1.83, 1 84 3.75, 15 171 2.2, 15 47 3.78, 15 74 3.57, 15 34 5.38, 8 32 0.97, 8 37 1.75, 8 81 1.51, 6 64 0.56, 1 341 1.59, 1 68 3.55, 13 190 0.89, 15 97 3.4, 17 24 0.96, 17 70 0.42, 16 332 0.99, 16 125 0.78, 16 422 0.54, 9 138 9.31, 2 37 3.39, 
Transaction 355:10 34 0.34, 10 15 1.22, 18 200 1.68, 12 37 6.37, 7 300 1.1, 15 97 4.27, 15 39 2.52, 15 37 3.23, 15 56 3.34, 8 50 1.12, 8 37 1.27, 6 135 1.54, 6 67 0.31, 6 79 1.3, 6 72 1.32, 16 410 1.61, 16 52 0.76, 2 142 2.57, 5 55 1.08, 4 61 1.19, 4 35 2.59, 
Transaction 356:10 15 1.64, 10 52 0.57, 14 68 0.83, 14 41 2.8, 14 23 4.86, 12 150 4.43, 13 401 1.13, 13 49 0.36, 15 219 1.42, 8 29 1.23, 8 48 1.73, 8 127 1.53, 8 28 1.58, 8 27 0.81, 8 33 1.35, 8 35 0.77, 6 47 1.61, 16 369 0.88, 9 117 8.29, 2 168 1.87, 11 157 0.21, 5 50 2.02, 5 47 2.09, 11 69 0.96, 5 70 3.03, 5 59 1, 
Transaction 357:10 33 1.34, 10 32 0.89, 12 140 4.95, 12 72 4.05, 12 59 5.05, 12 63 3.8, 12 34 4.53, 1 110 2.62, 1 254 2.11, 1 85 3, 1 80 3.35, 7 155 1.36, 8 235 1.85, 6 75 1.25, 16 189 1.64, 16 55 1.7, 9 1121 5.35, 13 263 1.02, 13 47 1.68, 15 132 2.91, 8 47 0.98, 6 139 2.86, 6 66 0.9, 16 222 1.46, 5 605 3.47, 
Transaction 358:10 39 7.31, 10 40 3.43, 14 34 3.12, 12 145 6.11, 12 129 2.51, 12 71 10.95, 12 42 6.35, 1 83 1.38, 7 93 5.68, 7 98 2.23, 13 131 1.13, 13 47 1.33, 6 168 1.15, 17 65 0.94, 17 44 5.18, 17 58 0.92, 17 37 8.15, 17 94 3.54, 3 196 5.36, 
Transaction 359:10 30 1.11, 10 27 1.17, 14 123 3, 14 37 1.9, 18 85 1.18, 18 64 3.02, 18 52 1.16, 12 88 4.62, 1 69 1.59, 7 110 2.36, 15 65 2.43, 8 35 2.2, 8 36 1.13, 6 192 1.3, 2 397 2.84, 5 173 2.16, 
Transaction 360:18 336 0.79, 18 88 1.09, 12 86 2.6, 12 63 4.18, 12 92 4.73, 12 51 2.28, 12 57 4.06, 13 152 0.74, 13 72 1.53, 13 41 0.43, 8 78 1.54, 17 128 1.16, 17 27 1.19, 4 435 1.56, 16 66 0.88, 16 58 1.09, 9 363 5.91, 9 515 2.43, 2 50 2.49, 2 54 2.82, 11 86 1.86, 
Transaction 361:10 71 3.79, 10 36 3.47, 14 43 6.2, 18 283 8.81, 12 53 5.02, 1 69 0.79, 2 257 11.57, 11 149 9.82, 
Transaction 362:14 66 1.78, 12 89 2.18, 12 57 2.05, 12 47 1.14, 12 46 4.86, 12 34 2.73, 1 74 1.28, 7 14 1.75, 13 44 0.91, 6 107 2.08, 6 16 0.98, 6 80 1.67, 6 19 1.4, 
Transaction 363:12 500 5.13, 12 32 3.9, 7 134 1.85, 7 24 0.63, 15 79 3.2, 6 104 2.05, 6 26 0.73, 
Transaction 364:10 46 0.41, 10 41 0.02, 10 39 2.05, 18 124 1.19, 9 678 3.43, 2 596 3.09, 5 223 1.21, 5 35 2.48, 3 44 2.93, 3 25 3.95, 
Transaction 365:10 25 5.19, 10 57 9.22, 10 25 5.91, 10 37 6.93, 10 69 6.85, 15 76 2.17, 8 111 3.43, 15 113 2.35, 8 47 3.88, 8 43 3.98, 6 168 1.43, 16 208 4.78, 16 199 4.96, 16 311 2.8, 2 424 12.02, 11 15 10.91, 5 53 3.36, 
Transaction 366:10 37 1.34, 14 35 6.49, 18 85 0.73, 18 32 1.46, 13 252 1.56, 15 37 3.28, 15 86 3.27, 15 49 4.09, 15 93 5.86, 10 63 0.97, 18 86 1.87, 13 239 1.07, 15 44 2.62, 6 183 0.85, 17 30 2.14, 17 37 0.97, 17 25 3.05, 17 19 1.91, 17 14 1.16, 17 21 2.9, 17 26 1.65, 17 33 2.09, 4 223 2.26, 3 72 2.7, 3 33 4.57, 3 52 2.33, 
Transaction 367:12 176 5.24, 1 25 2.34, 1 35 3.19, 1 20 0.71, 1 64 1.2, 7 17 3.58, 7 27 2.19, 13 115 1.02, 13 41 0.54, 16 293 0.96, 16 48 0.59, 9 22 2.03, 11 228 1.8, 
Transaction 368:10 23 0.82, 10 23 0.92, 18 144 1.77, 12 72 4.13, 12 254 3.45, 12 52 3.73, 12 48 3.31, 12 61 2.1, 1 140 1.86, 7 119 1.23, 13 225 2.49, 15 26 1.86, 15 141 2.98, 15 79 2.57, 8 121 1.13, 8 29 2.38, 8 37 1.3, 8 32 0.61, 6 131 1.62, 17 24 0.11, 16 249 1.7, 16 218 1.37, 9 915 5.58, 5 577 3.99, 
Transaction 369:10 26 1.14, 14 32 4.82, 12 345 5.63, 12 39 7.6, 1 181 1.61, 1 36 3.17, 7 14 0.76, 7 7 1.42, 13 27 0.26, 13 39 1.52, 15 141 2.09, 15 23 2.94, 15 68 0.72, 15 24 1.22, 8 54 0.38, 17 67 1.1, 15 129 4.58, 15 15 2.28, 8 243 1.36, 6 30 2.27, 17 25 0.56, 2 412 3.12, 11 64 0.09, 5 130 3.22, 3 34 3.89, 
Transaction 370:10 37 1.37, 18 106 1.03, 18 43 1.82, 18 62 0.9, 18 47 1.08, 18 55 1.4, 18 49 1.32, 1 188 2.89, 13 443 1.25, 15 91 2.9, 15 42 1.74, 15 52 2.6, 15 27 3.2, 8 100 1.13, 8 37 1.66, 6 147 1.74, 6 32 0.43, 17 143 2.76, 17 28 2.55, 17 20 1.06, 17 18 3.9, 17 25 2.1, 17 16 2.94, 17 38 0.82, 17 28 1.71, 17 28 1.21, 17 20 2.47, 17 39 0.86, 17 33 0.62, 17 267 2.58, 17 22 2.15, 17 36 0.12, 17 29 2.05, 3 497 3.63, 3 40 3.73, 3 29 1.67, 
Transaction 371:14 104 4.17, 18 222 4.95, 1 169 1.45, 1 87 1.17, 1 80 0.42, 7 180 3.23, 13 57 0.89, 13 148 1.24, 13 101 1.81, 13 66 2.24, 13 81 1.87, 15 119 2.7, 15 100 3.23, 8 42 2.37, 8 109 1.01, 8 109 2.44, 6 230 0.72, 6 77 1.3, 17 57 2.04, 17 74 2.24, 13 95 1.15, 13 86 2.62, 13 189 2.37, 15 82 0.68, 15 156 1.86, 8 41 3.02, 8 33 3.72, 8 32 5.53, 
Transaction 372:10 211 0.44, 10 29 1.05, 14 61 1.78, 12 141 3.62, 12 46 0.98, 12 56 1.02, 1 166 2.72, 7 59 1.18, 13 121 0.74, 13 47 0.16, 15 259 0.51, 15 110 3.39, 15 38 3.33, 8 87 1.9, 6 116 1.5, 6 126 0.87, 15 216 5.05, 8 140 1.14, 6 183 2.14, 6 62 0.76, 6 29 2.1, 6 57 0.65, 4 286 1.74, 4 67 2.23, 4 66 1.47, 4 37 1.74, 4 37 1.97, 4 32 2.22, 16 44 1.28, 16 68 1.03, 16 49 0.95, 9 125 4.85, 9 123 1.82, 2 84 1.95, 2 27 1.19, 2 40 4.36, 11 32 1.48, 11 15 1.51, 
Transaction 373:15 134 3.44, 8 31 0.76, 6 85 1.35, 8 32 0.3, 8 15 1.19, 6 83 0.74, 17 91 0.76, 17 175 1.71, 17 121 1.68, 17 23 0.85, 16 190 0.42, 1 396 2.63, 1 101 0.6, 1 85 2.82, 1 110 1.4, 1 83 2.01, 1 78 1.79, 13 80 0.96, 15 143 5.33, 15 40 0.57, 15 38 4.96, 6 125 1.03, 6 74 1.08, 4 177 0.46, 16 60 1.64, 16 133 0.43, 2 265 3.83, 11 75 1.65, 3 169 3.03, 
Transaction 374:10 53 1.53, 14 119 1.19, 18 82 0.85, 12 46 3.29, 1 29 1.78, 7 11 0.12, 7 11 2.54, 15 122 1.7, 8 119 1.2, 8 41 0.14, 8 69 0.78, 8 42 1.24, 8 51 1.27, 8 145 1.08, 8 158 0.79, 17 159 2.03, 17 107 2.01, 17 27 1.52, 6 55 0.91, 17 118 2.02, 17 35 1.94, 16 206 0.63, 16 206 1.55, 1 59 0.15, 1 27 3.83, 7 40 1.45, 13 87 1.21, 13 36 0.95, 15 217 3.36, 8 65 1.41, 6 31 0.81, 6 31 1.11, 17 21 1.86, 
Transaction 375:10 91 0.91, 10 59 1.29, 14 189 0.34, 13 163 0.94, 13 125 1.16, 15 56 3.71, 8 38 1.87, 8 55 1.43, 8 33 1.47, 8 153 0.4, 6 77 1.37, 17 24 2.57, 4 189 1.29, 2 336 2.67, 11 114 0.62, 11 27 1.95, 
Transaction 376:10 96 1.05, 14 77 2.02, 18 33 0.9, 12 84 1.85, 12 23 4.64, 12 46 4.52, 8 292 0.75, 8 42 1.16, 6 63 1.9, 17 60 0.3, 4 34 1.59, 16 208 1.96, 16 45 1.82, 9 25 8.46, 1 62 4.34, 7 49 0.03, 13 70 1.49, 15 27 2.94, 8 79 1.48, 8 57 0.48, 17 56 2.23, 17 27 1.31, 2 207 2.88, 2 90 4.29, 11 96 1.33, 5 88 3.15, 
Transaction 377:10 58 1.29, 10 20 0.81, 18 170 0.88, 1 266 3.39, 1 40 3.05, 7 33 0.67, 13 46 1.02, 15 20 3.69, 17 40 1.84, 8 124 1.8, 8 144 1.26, 6 228 0.65, 6 33 1.85, 6 17 1.73, 17 24 2.19, 17 13 3.67, 16 250 0.25, 5 361 3.68, 3 37 6.77, 3 34 5.93, 
Transaction 378:10 35 0.66, 10 46 1.69, 10 36 1.48, 10 42 1.69, 10 43 0.37, 10 17 1.23, 14 117 0.34, 12 108 7.65, 1 151 2.01, 15 276 1.19, 15 98 2.67, 8 30 0.01, 8 92 2.01, 6 96 0.74, 17 24 0.45, 17 52 1.88, 4 181 2.51, 4 66 3.39, 5 53 1.49, 
Transaction 379:14 65 4.07, 12 100 3.82, 12 15 1.78, 12 29 5.97, 1 133 3.33, 7 61 0.91, 13 48 0.59, 4 345 1.54, 4 59 1.92, 16 104 1.6, 7 52 2.45, 7 39 2.1, 13 62 1.52, 13 69 0.54, 4 258 2.25, 4 41 2.26, 4 43 0.79, 4 47 1.48, 16 60 0.66, 16 57 0.5, 9 209 5.1, 9 167 10.53, 9 101 3.18, 2 34 2.36, 2 67 1.61, 11 177 2.35, 
Transaction 380:10 70 0.78, 18 106 1.6, 1 194 1.81, 1 151 0.38, 13 108 0.97, 15 45 2.27, 17 31 1.91, 17 24 1.93, 17 21 2.17, 17 74 1.65, 17 40 0.9, 17 25 1.99, 17 26 2.24, 17 21 1.39, 17 28 1.56, 6 49 0.88, 6 176 2.07, 17 99 1.35, 16 192 1.97, 9 235 9.83, 5 112 1.91, 5 64 1.11, 5 21 2.21, 
Transaction 381:10 32 4.25, 10 97 6.35, 10 35 3.6, 10 50 8.42, 10 32 7.51, 12 346 1.96, 13 287 2.93, 6 258 0.79, 5 863 3.55, 
Transaction 382:10 38 12, 10 34 3.31, 18 68 5.26, 1 134 0.9, 13 128 3.22, 15 58 1.26, 15 44 0.87, 10 57 0.89, 14 66 3.52, 12 155 4.32, 12 29 9.44, 1 32 1.39, 1 24 0.32, 13 174 2.27, 15 57 2.49, 15 21 4.72, 15 20 1.81, 15 31 0.9, 8 129 0.86, 8 33 3.73, 8 37 4.08, 6 26 2.73, 6 70 0.04, 6 36 2.39, 17 28 3.38, 16 166 5.36, 11 31 8.57, 2 271 7.01, 5 104 3.16, 5 59 2.74, 
Transaction 383:10 27 1.91, 10 30 0.52, 10 59 0.86, 10 42 0.8, 15 97 0.83, 6 157 1.15, 17 17 1.91, 17 23 1.87, 17 18 1.77, 17 33 1.84, 9 227 2.19, 9 524 5.44, 3 848 1.89, 
Transaction 384:10 56 0.73, 10 46 1.22, 18 102 0.89, 12 233 3.8, 1 220 2.78, 13 40 0.83, 8 73 0.33, 8 28 1.77, 17 49 0.04, 16 162 0.43, 16 36 0.24, 16 95 0.35, 2 353 2.85, 
Transaction 385:15 130 3.68, 15 53 0.82, 15 39 4.64, 8 158 1.73, 6 177 1.08, 17 88 2.13, 17 25 1.79, 17 35 1.91, 6 182 0.5, 6 170 1.43, 17 90 1.03, 3 46 2, 
Transaction 386:10 49 6.22, 18 101 4.97, 1 93 1.29, 1 63 0.66, 1 31 1.35, 15 92 2.71, 15 46 2.08, 6 88 2.55, 17 52 8.31, 17 31 2.89, 17 26 10.89, 17 63 3.51, 3 38 0.08, 
Transaction 387:14 98 6.56, 14 44 5.32, 18 57 0.77, 18 193 1.26, 12 52 3.99, 1 133 0.6, 1 39 3.96, 7 54 2.3, 13 42 1.02, 7 101 0.88, 13 23 0.67, 15 218 1.8, 15 52 0.31, 15 81 2.43, 15 158 1.67, 15 41 4.09, 15 39 4.28, 15 37 4.46, 15 44 3.18, 15 40 3.05, 15 37 1.49, 15 41 0.97, 15 34 3.08, 15 86 2.03, 8 118 2.4, 6 182 0.81, 4 85 1.56, 16 306 0.06, 16 38 1.3, 2 401 2.21, 2 74 2.82, 5 185 1.6, 5 42 1.49, 
Transaction 388:10 47 1.91, 10 32 1, 10 40 0.91, 14 42 0.53, 14 172 3.76, 14 34 3.84, 18 58 1.94, 18 93 2.22, 1 228 5.04, 1 391 0.97, 1 287 2.49, 1 79 1.96, 1 92 3.07, 1 131 0.71, 7 98 1.51, 7 122 0.77, 1 268 1.13, 13 325 1.78, 13 41 2.22, 13 55 1.55, 13 60 0.85, 15 13 0.55, 6 229 2.14, 6 55 1.91, 6 45 0.63, 4 206 2.24, 3 446 1.9, 3 38 4.51, 3 50 3, 3 43 5.26, 
Transaction 389:14 94 6.99, 14 39 6.37, 14 40 10.91, 13 148 0.86, 13 46 2.55, 15 44 1.12, 8 344 0.2, 6 71 1.36, 4 174 4.31, 4 67 4.99, 4 39 5.68, 4 57 5.82, 4 56 8.04, 16 50 6.96, 16 55 4.9, 9 92 1.21, 1 57 0.96, 1 72 1.46, 1 117 0.83, 1 82 0.49, 7 47 6.64, 7 28 5.39, 7 59 1.47, 7 55 7.48, 13 57 2.03, 8 225 2.19, 8 26 4.84, 6 93 0.91, 6 56 1.3, 6 126 0.86, 6 48 1.91, 6 104 1.65, 6 295 0.7, 
Transaction 390:10 39 2.17, 14 46 2.14, 18 138 0.74, 18 48 0.21, 18 40 0.72, 1 155 2.53, 13 169 0.89, 13 68 1.44, 15 47 0.44, 8 102 1.88, 15 44 1.69, 15 31 4.71, 6 174 2.11, 17 104 1.28, 9 595 6.52, 2 339 2.85, 2 192 4.73, 5 126 2.74, 5 23 3.75, 5 131 2.12, 3 89 0.39, 3 39 6.69, 
Transaction 391:10 79 1.41, 10 29 1.31, 18 175 0.78, 15 378 4.48, 15 45 1.01, 15 39 2.78, 10 64 0.65, 14 80 4.48, 14 41 0.16, 18 50 0.83, 18 60 1.45, 1 141 2.82, 1 230 2.52, 1 137 1.82, 13 554 1.49, 13 136 0.4, 15 39 2.97, 15 33 1.63, 15 46 2.35, 15 73 2.38, 6 231 1.07, 6 58 1.95, 17 22 1.98, 17 22 0.16, 9 480 4.9, 5 855 1.19, 5 16 3.69, 5 63 2.71, 17 129 1.82, 4 51 1.63, 4 53 1.67, 16 295 0.41, 9 415 9.24, 2 469 5.79, 11 135 0.62, 5 140 2.48, 5 32 2.47, 3 56 3.23, 3 53 4.94, 3 89 3.34, 3 43 5.67, 3 48 4.23, 
Transaction 392:10 102 2.86, 10 32 4.85, 10 24 2.72, 12 216 8.91, 12 95 8.31, 1 26 0.49, 1 91 1.1, 
Transaction 393:10 53 4.13, 10 58 5.8, 10 36 4.63, 10 35 4.38, 10 42 4.48, 10 48 7.69, 10 49 8.17, 10 36 6.48, 10 38 1.56, 10 48 3.95, 10 47 0.13, 18 59 6.82, 18 71 2.88, 18 47 6.62, 1 247 1.72, 13 168 2.85, 13 45 1.16, 13 101 3.26, 17 142 7.6, 17 15 6.84, 17 38 7.26, 9 188 1.72, 5 200 3.79, 3 164 3.35, 
Transaction 394:14 104 3.24, 14 28 3.77, 12 417 3.04, 12 50 5.94, 1 18 0.25, 7 14 1.65, 13 56 0.96, 6 78 0.2, 6 21 1.75, 4 131 2.27, 16 67 0.75, 9 70 4.41, 2 58 5.62, 2 83 4.47, 2 34 2.47, 2 70 3.63, 2 79 4.08, 
Transaction 395:12 217 0.22, 1 84 2.69, 13 148 1.3, 6 145 2.31, 16 498 1.47, 16 34 0.25, 11 123 0.69, 11 31 1.81, 
Transaction 396:14 118 4.29, 14 31 3.49, 14 39 0.89, 12 98 1.89, 12 66 5.83, 1 60 3.11, 1 36 3.99, 7 16 0.24, 7 14 1.62, 13 33 0.98, 6 266 0.98, 6 27 1.18, 6 22 0.29, 4 433 1.62, 16 94 1.07, 16 91 1.53, 9 24 4.16, 9 25 6.86, 1 60 2.91, 1 35 0.29, 1 28 1.96, 9 52 6.4, 9 21 6.52, 9 32 0.45, 9 26 4.17, 9 31 3.41, 9 20 7.21, 9 29 12.04, 9 43 4.3, 9 42 5.35, 2 64 5.28, 4 345 1.45, 16 39 1.65, 9 28 7.94, 2 113 2.61, 11 34 0.49, 11 29 0.6, 
Transaction 397:10 43 1.01, 18 135 0.77, 18 77 0.17, 17 299 0.22, 17 22 0.32, 3 469 5.49, 
Transaction 398:10 85 1.95, 18 155 1.57, 12 283 2.72, 12 38 0.07, 1 77 2.46, 1 34 2.84, 12 43 5.12, 12 35 3.83, 7 45 0.5, 7 127 0.17, 7 9 1.31, 7 9 1.83, 13 41 1.39, 15 84 1.5, 2 298 4.64, 3 277 6.13, 
Transaction 399:10 36 1.08, 10 58 0.48, 10 54 1.03, 18 94 1.22, 18 16 1.68, 14 132 3.99, 18 142 1.98, 1 139 2.4, 1 60 2.36, 13 122 0.24, 15 82 3.35, 15 18 6.47, 17 244 1.9, 17 34 2.96, 8 83 2.06, 6 105 2.7, 6 46 1.23, 6 26 1.94, 6 57 2.04, 17 122 2.15, 9 210 3.93, 9 230 5.9, 5 259 2.65, 5 39 2.47, 3 26 2.72, 
Transaction 400:14 72 3.05, 14 42 2.53, 12 231 4.35, 12 48 2.56, 12 41 4.76, 1 58 0.72, 7 31 0.45, 16 58 0.88, 16 59 0.48, 9 74 8.86, 2 80 5.76, 2 58 2.95, 9 134 8.74, 9 140 6.26, 9 80 8.31, 9 36 3.98, 9 126 8.55, 2 112 4.54, 2 59 4.61, 
Transaction 401:18 276 0.89, 1 207 2.34, 15 188 2.36, 15 22 3.61, 8 92 1.18, 6 29 1.15, 6 47 1.63, 17 91 2.61, 4 79 1.1, 16 75 1.43, 18 133 1.47, 18 130 1.26, 12 124 5.53, 12 37 5.52, 1 108 3.42, 13 45 1.46, 15 25 4.37, 13 38 0.78, 15 15 2.68, 8 57 0.83, 8 59 0.99, 6 30 0.46, 17 39 0.63, 2 280 2.61, 11 89 1.81, 5 10 2.01, 5 231 1.39, 
Transaction 402:10 194 1.07, 10 35 1.15, 10 41 1.3, 18 184 1.18, 12 106 2.54, 12 50 4.73, 18 166 1.8, 12 233 0.94, 1 18 1.51, 13 98 0.77, 13 61 0.94, 4 47 0.92, 16 221 1.03, 7 110 1.43, 12 143 4.85, 7 69 1.8, 13 51 2.13, 13 81 1.41, 13 61 1.83, 15 33 2.32, 15 73 1.14, 8 117 0.99, 8 123 1.09, 6 22 1.14, 2 312 2.2, 2 78 1.16, 2 53 0.58, 5 161 2.07, 3 112 2.73, 
Transaction 403:10 71 1.13, 10 42 1.03, 18 163 0.75, 12 86 1.33, 1 111 2.02, 13 134 0.97, 15 77 2.2, 15 60 3.32, 6 126 0.82, 16 403 0.88, 17 625 2.01, 17 103 1.46, 15 163 2.91, 15 90 2.54, 8 91 0.38, 6 71 0.58, 6 198 1.85, 6 57 1.63, 2 395 2, 2 73 5.74, 2 113 4.02, 2 70 3.06, 2 76 0.85, 2 122 1.36, 5 219 3.45, 5 31 3.32, 
Transaction 404:10 47 5.21, 10 55 4.26, 18 78 3.67, 18 74 4.5, 18 54 1.09, 18 45 5.28, 18 59 2.83, 18 36 8.4, 18 60 2.77, 18 50 5.59, 13 105 3.16, 13 57 0.1, 15 70 2.71, 15 28 1.55, 6 69 1.55, 6 58 0.56, 6 19 1.61, 6 83 0.78, 17 28 7.42, 17 18 6.36, 17 38 7.63, 17 24 6.2, 4 49 4.35, 16 75 7.27, 1 79 0.73, 7 117 9.16, 13 193 2.25, 13 41 3.09, 15 88 2.61, 6 90 0.36, 17 24 5.69, 16 123 2.8, 2 248 9.78, 3 486 1.93, 
Transaction 405:14 88 8.01, 18 214 4.26, 18 39 3.31, 13 271 1.49, 13 52 1.71, 15 36 2.48, 15 18 2.02, 15 61 2.42, 15 28 3.1, 2 233 4.99, 2 70 7.4, 5 70 3.3, 3 39 8.23, 
Transaction 406:10 22 1.62, 14 48 0.89, 14 30 3.77, 14 31 0.43, 18 218 0.97, 12 39 6.55, 12 30 4.55, 13 109 1.01, 15 54 4.54, 8 98 1.64, 6 55 1.8, 6 48 1.48, 6 60 1.22, 6 55 1.92, 6 28 0.78, 6 11 1.18, 6 44 1.12, 17 93 1.27, 4 232 0.59, 9 213 5.9, 9 24 7.13, 11 222 1.53, 
Transaction 407:10 44 7.11, 14 204 7.8, 14 34 14.23, 7 147 5.17, 13 59 1.03, 13 126 2.1, 15 40 1.81, 
Transaction 408:14 351 7.37, 12 677 5.42, 12 32 6.79, 1 77 0.45, 1 38 0.67, 7 14 3.21, 4 225 3.47, 16 19 0.5, 9 38 1.27, 2 69 2.82, 2 76 7.7, 11 117 3.02, 
Transaction 409:14 121 8.32, 12 324 5.04, 12 63 8.42, 12 36 4.05, 1 64 1.43, 1 40 1.45, 13 197 2.03, 13 71 1.85, 15 422 2.52, 6 172 0.93, 6 57 2.16, 6 165 1.2, 4 181 4.93, 4 47 7.23, 4 16 3.81, 16 72 4.84, 16 62 1.08, 16 77 4.38, 16 70 6.88, 16 64 3.8, 16 56 2.15, 16 59 2.57, 9 116 2.33, 2 78 5.83, 11 21 8.03, 
Transaction 410:10 21 3.93, 10 38 3.06, 10 36 5.87, 10 38 3.6, 15 150 3.51, 15 36 4.6, 15 76 2.38, 8 120 4.43, 6 189 1.9, 6 73 1.57, 17 31 9.76, 4 56 0.85, 5 49 4.18, 3 68 9.5, 3 32 4.59, 
Transaction 411:10 28 0.49, 18 121 0.98, 18 64 1.72, 18 66 1.75, 1 163 0.76, 13 354 0.26, 15 44 1.68, 15 43 3.16, 15 66 5.57, 6 91 0.67, 6 38 0.12, 6 72 2.11, 17 44 2.02, 13 172 1.12, 15 138 4.72, 8 21 1.03, 6 122 2.17, 6 77 0.7, 6 107 1.13, 17 35 0.87, 4 85 2.25, 4 80 1.65, 16 126 1.04, 16 66 1.59, 9 253 4.36, 2 176 4.25, 5 247 3.9, 3 85 5.53, 
Transaction 412:10 38 0.98, 12 149 3.35, 12 44 6.12, 13 130 1.36, 8 169 1.6, 8 60 1.49, 6 110 0.39, 6 40 1.49, 6 59 0.48, 6 41 1.06, 17 28 3.22, 15 20 3.42, 15 21 3.17, 8 76 1.25, 8 96 0.69, 8 69 1.76, 17 36 1.61, 17 48 1.21, 17 23 0.49, 5 104 1.79, 3 53 5.58, 3 30 3.1, 3 42 1.9, 
Transaction 413:10 34 6.21, 10 25 4.28, 10 25 8.06, 10 37 7.94, 10 30 4.88, 10 31 4.58, 10 29 2.84, 18 229 5.07, 1 103 0.81, 1 84 2.23, 1 61 0.51, 1 71 1.48, 13 87 1.44, 8 89 3.71, 8 35 2.97, 6 210 2.2, 6 83 1.12, 17 31 5.45, 4 37 4.88, 2 539 4.67, 5 205 1.65, 3 36 0.03, 3 40 2.52, 3 78 3.93, 
Transaction 414:10 38 6.29, 18 409 7.98, 13 666 1.28, 13 98 1.43, 13 199 2.91, 7 105 6.99, 13 170 2.95, 15 59 4.14, 6 183 1.78, 17 37 5.78, 17 26 5.44, 4 52 3.14, 2 237 16.09, 2 107 14.94, 2 59 3.5, 5 116 1.2, 
Transaction 415:10 19 2, 1 249 3.86, 7 92 2.32, 13 213 1.59, 9 457 13.76, 9 213 8.97, 11 867 1.34, 2 82 3.93, 11 100 2.54, 11 105 1.41, 
Transaction 416:10 40 0.9, 10 30 1.34, 18 81 1.39, 18 53 1.59, 18 45 1.98, 18 172 1.34, 18 77 1.97, 18 61 1.28, 18 58 0.81, 18 42 0.87, 18 35 0.73, 1 160 2.17, 7 69 1.57, 13 59 0.57, 6 112 1.86, 6 25 1.16, 17 24 1.14, 17 25 1.63, 17 22 2.33, 17 31 0.44, 9 281 6.42, 2 152 2.17, 2 311 1.42, 3 187 4.67, 3 50 2.9, 3 25 2.99, 3 36 3.59, 
Transaction 417:14 194 2.77, 12 343 6.03, 1 70 3.01, 7 32 0.29, 1 80 0.51, 1 85 1.94, 1 154 0.94, 7 136 2.59, 13 59 0.39, 13 106 0.31, 13 31 1.15, 13 40 1.59, 13 48 1.46, 13 59 0.37, 13 60 1.94, 13 71 1.44, 6 245 1.68, 4 578 1.14, 16 72 1.4, 9 73 9.35, 2 52 3.98, 11 62 0.37, 5 180 1.24, 
Transaction 418:10 32 0.37, 10 85 1.27, 10 112 1.34, 10 53 1.72, 14 50 1.52, 18 127 1.49, 12 62 0.23, 1 30 4.44, 1 61 1.8, 1 69 0.79, 1 215 1.96, 13 202 1.62, 15 160 1.74, 14 174 5.68, 12 160 5.32, 1 163 1.74, 1 81 3.26, 1 88 1.31, 15 177 2.92, 15 84 3.23, 8 77 0.66, 6 187 1.09, 16 195 0.46, 11 352 1.07, 5 23 3.27, 
Transaction 419:10 30 1.14, 10 57 1.42, 18 147 1.86, 15 142 3.38, 15 89 1.42, 15 30 3.55, 15 78 1.59, 10 20 1.69, 10 41 1.22, 18 265 1.71, 18 46 1.75, 18 163 1.03, 18 195 0.73, 18 151 1.17, 18 146 1.11, 18 69 1.56, 12 88 8.25, 12 197 3.62, 12 58 1.3, 12 50 4.48, 12 46 4.47, 1 90 1.24, 7 244 1.9, 8 208 1.49, 8 40 1.56, 6 79 1.28, 17 30 1.16, 16 432 1.7, 16 56 0.74, 16 79 1.08, 2 480 0.92, 2 119 3.19, 11 20 0.43, 11 64 1.19, 5 136 3.18, 5 34 2.51, 3 341 5.88, 
Transaction 420:10 82 1.69, 10 45 0.42, 18 101 1.52, 18 77 1.91, 13 336 0.43, 13 48 1.13, 17 107 1.62, 17 16 2.66, 4 49 0.87, 16 85 0.7, 9 415 5.39, 3 213 1.1, 3 33 4.71, 3 42 4.49, 
Transaction 421:10 47 2.03, 18 78 7.7, 18 21 5.55, 18 107 1.36, 1 85 0.86, 13 134 0.6, 15 18 3.09, 10 36 3.12, 10 44 1.89, 10 50 6.83, 10 55 4.65, 10 51 5.37, 10 68 2.16, 10 56 3.92, 14 33 8.24, 18 55 5.61, 18 64 7.08, 7 88 0.54, 13 75 0.74, 13 47 0.33, 13 271 2.39, 15 30 1.79, 15 98 2.21, 15 53 1.15, 15 20 3.13, 15 32 5.18, 15 19 3.49, 8 53 3.18, 6 29 0.36, 17 32 2.4, 17 68 3.49, 5 695 2.92, 5 13 3.92, 
Transaction 422:10 32 2.53, 10 21 1.29, 10 48 1.44, 10 99 1.35, 10 37 0.93, 10 35 0.84, 10 46 0.8, 12 152 7.71, 12 43 3.75, 1 25 3.25, 13 64 1.06, 13 27 0.61, 15 143 3.18, 8 44 1.72, 8 39 0.71, 8 34 0.25, 17 178 0.9, 9 356 9.85, 2 202 2.44, 3 207 4.78, 3 37 2.77, 
Transaction 423:10 34 8.05, 10 67 2.41, 1 286 1.54, 1 174 1.32, 13 83 1.2, 15 103 2.17, 17 27 6.07, 17 106 4.6, 16 219 0.97, 2 303 7.24, 5 124 4.3, 5 68 2.41, 3 156 5.99, 3 38 2.37, 
Transaction 424:10 36 4.75, 10 37 4.11, 18 192 4.46, 12 98 4.51, 7 308 2.66, 13 152 2.01, 13 60 1.91, 13 47 3.48, 13 52 1.34, 15 196 2.4, 15 78 3.12, 6 113 2.4, 6 72 1.48, 6 67 2.86, 6 60 3.02, 17 40 8.38, 4 664 2.64, 9 264 2.7, 5 102 5.65, 3 49 3.58, 3 19 3.18, 3 46 4.81, 3 41 4.42, 
Transaction 425:7 290 1.26, 13 72 1.74, 17 124 6.15, 3 249 1.37, 
Transaction 426:10 62 7.17, 15 191 3.03, 6 115 3.14, 6 19 1.87, 6 39 1.56, 6 120 0.96, 16 329 1.82, 9 22 2.03, 11 101 4.72, 11 54 6.89, 5 25 0.88, 5 11 3.02, 
Transaction 427:10 34 0.55, 10 75 1.36, 14 86 1.39, 14 45 0.1, 18 201 1.6, 18 72 0.34, 12 290 1.23, 12 47 5.67, 16 569 1.14, 16 123 0.96, 11 498 0.85, 11 19 1.33, 
Transaction 428:10 26 6.91, 14 97 0.92, 14 30 15.71, 12 88 4.98, 1 20 0.98, 1 23 0.49, 1 38 1.03, 1 42 1.11, 13 140 1.74, 13 164 2.85, 16 94 2.31, 16 21 0.36, 16 44 2.48, 
Transaction 429:14 380 4.64, 14 43 2.15, 18 84 2.19, 7 349 0.44, 6 427 1.16, 4 197 2.59, 16 54 1.59, 16 116 0.4, 16 65 1.08, 16 52 0.95, 16 111 0.04, 9 100 4.38, 9 102 3.19, 9 42 6.19, 9 56 3.55, 9 99 7.67, 9 87 3.67, 9 120 3.55, 2 58 5.69, 
Transaction 430:10 31 1.24, 10 48 1.3, 10 37 0.06, 14 37 4.02, 12 500 5.97, 15 340 3.59, 8 38 1.35, 6 184 2.23, 6 78 2.44, 17 26 0.72, 16 489 0.42, 1 154 4.77, 1 102 2.86, 7 55 0.83, 8 126 2.03, 8 31 1.92, 15 98 2.71, 15 38 0.61, 6 79 1.39, 6 62 0.71, 6 60 1.55, 6 40 2.16, 3 83 4.07, 
Transaction 431:10 76 1.46, 10 42 1.07, 18 327 0.76, 12 170 2.46, 12 44 4.73, 1 76 4.05, 1 58 2.18, 1 19 2.33, 16 196 0.17, 16 34 0.99, 11 183 1.29, 3 150 2.88, 
Transaction 432:12 308 3.19, 12 29 3.95, 12 47 4.6, 12 19 5.97, 1 36 1.87, 13 117 1.63, 15 58 4.75, 8 173 0.75, 8 65 0.03, 6 19 2.05, 6 33 0.99, 6 31 1.18, 6 55 2, 16 144 0.71, 
Transaction 433:10 106 1.71, 14 65 5.77, 12 187 7.09, 7 35 4.71, 13 79 0.28, 15 71 1.64, 8 105 5.58, 8 65 5.76, 8 101 4.97, 6 91 0.87, 17 51 3.68, 4 85 5.98, 16 94 4.98, 16 41 3.35, 16 85 4.9, 16 25 0.61, 9 19 2.6, 2 55 10.16, 
Transaction 434:10 58 0.3, 14 119 1.93, 18 56 0.55, 18 50 1.43, 18 65 0.82, 18 54 0.67, 18 80 1.63, 18 55 0.44, 18 35 1.52, 1 117 4.08, 13 195 1.21, 15 37 2.79, 10 41 1.48, 10 48 0.51, 10 48 1.24, 10 73 1.29, 10 48 1.79, 10 39 0.99, 10 122 1.04, 14 24 0.38, 18 89 0.8, 18 41 0.56, 1 297 2.03, 1 67 2.24, 4 138 0.73, 16 125 0.29, 3 195 2.51, 3 36 5.06, 
Transaction 435:10 89 1.69, 14 49 3.84, 12 342 5.64, 1 57 2.31, 1 39 2.91, 1 26 2.75, 1 43 2.9, 1 30 1.61, 7 12 1.62, 7 10 1.19, 7 9 2.68, 14 177 4.7, 12 102 5.36, 12 38 2.9, 1 29 0.83, 7 13 1.6, 7 13 0.4, 13 34 0.43, 13 37 1.47, 13 159 0.58, 15 76 3.28, 4 144 2.91, 9 47 10.56, 9 28 3.92, 2 52 2.52, 2 62 3.9, 2 84 3.4, 2 105 2.16, 11 36 1.66, 
Transaction 436:10 20 1.68, 10 35 0.48, 10 37 0.37, 10 38 1.84, 10 31 0.74, 10 59 0.63, 10 24 0.58, 10 27 1.08, 10 35 1.38, 10 26 0.95, 18 189 1.65, 18 40 1.3, 18 61 1.6, 18 42 1.67, 18 41 1.95, 1 193 2.16, 1 111 3.84, 7 97 2.21, 7 30 1.43, 15 142 2.9, 8 89 1.35, 6 89 3.36, 6 131 2.24, 6 53 2.23, 6 62 2.17, 6 64 1.01, 6 69 1.98, 17 31 1.79, 4 82 1.32, 4 206 2.3, 4 177 1, 4 66 1.91, 3 88 4.79, 3 117 2.48, 
Transaction 437:10 139 1.07, 12 142 3.47, 1 89 3.7, 15 120 3.93, 15 50 0.64, 15 160 5.85, 
Transaction 438:14 202 7.58, 14 64 12.52, 14 47 2.71, 12 90 3.83, 7 124 4.63, 7 101 1.86, 7 36 4.63, 7 41 3.21, 7 55 7.46, 7 36 3.35, 8 150 4.23, 6 136 1.25, 6 60 1.19, 6 36 0.78, 4 176 4.14, 4 87 2.71, 4 50 3.61, 4 53 4.53, 16 51 5.71, 9 96 2.06, 9 97 1.44, 2 63 7.66, 2 58 7.63, 2 50 1.21, 2 59 0.97, 11 41 5.27, 
Transaction 439:10 48 1.11, 18 82 1.27, 12 86 6.09, 1 51 4.83, 1 38 1.35, 18 69 0.55, 18 237 0.95, 12 340 4.24, 12 46 1.53, 12 37 3.66, 12 34 2.61, 12 55 0.52, 12 53 5.91, 12 36 5.55, 7 51 0.96, 13 281 1.59, 13 44 1.1, 16 404 0.36, 16 42 1.29, 11 660 1.15, 3 120 1.32, 
Transaction 440:10 46 4.97, 10 44 4.13, 14 16 7.29, 12 126 5.61, 1 47 0.67, 1 51 0.61, 1 44 0.72, 7 25 3.58, 7 10 2.15, 13 48 1.03, 15 52 3.71, 17 49 7.46, 17 15 4.03, 17 129 6.77, 11 356 8.86, 
Transaction 441:10 53 4.77, 10 38 5.52, 10 35 7.29, 10 15 4.01, 10 41 6.57, 10 40 8.64, 10 103 8.9, 10 60 5.63, 18 185 5.05, 14 17 10.83, 18 243 6, 12 142 6.79, 12 44 2.66, 1 41 0.08, 7 29 2.89, 13 107 2.01, 15 103 2.17, 17 108 0.03, 9 158 0.17, 2 47 11.02, 2 54 4.54, 2 156 9.29, 2 104 12.83, 2 177 11.74, 2 131 10.59, 5 57 1.76, 
Transaction 442:10 30 3.89, 10 34 2.84, 10 33 5.96, 10 50 3.47, 1 271 0.86, 15 104 2.1, 15 36 2.38, 8 143 5.95, 6 34 1, 17 43 3.48, 17 29 7.33, 4 62 4.86, 4 148 3.99, 16 59 2.45, 3 358 5.71, 
Transaction 443:10 32 1.35, 10 64 0.81, 10 50 0.87, 18 148 1.12, 1 68 3.39, 13 57 1.32, 13 64 0.93, 15 25 3.1, 15 53 1.68, 15 43 1.26, 15 23 3.31, 15 26 2.29, 15 27 2.98, 15 18 1.08, 6 177 3.07, 6 9 0.86, 17 51 1.82, 17 36 2.52, 17 23 0.71, 17 20 1.85, 17 22 0.58, 17 22 2.13, 4 33 1.46, 2 337 3.2, 2 182 5.04, 3 340 3.63, 3 35 2.49, 
Transaction 444:12 220 3.34, 1 69 1.29, 1 36 1.62, 1 56 0.67, 1 33 0.74, 7 53 9.01, 7 12 3.74, 7 10 5.36, 13 60 1.01, 13 93 1.27, 4 412 3.15, 16 45 3.39, 16 43 3.76, 16 34 3.01, 9 24 0.76, 2 60 11.36, 4 197 3.97, 4 41 0.57, 16 34 4.72, 9 25 2.28, 2 40 16.89, 2 56 2.99, 2 60 7.45, 2 61 11.99, 2 64 17.37, 2 77 8.76, 2 70 15.38, 11 74 6.69, 
Transaction 445:10 218 0.6, 14 63 0.71, 12 63 2.2, 1 46 0.94, 7 45 0.12, 13 50 0.79, 13 61 1.58, 13 39 0.52, 15 25 1.2, 6 136 0.95, 6 22 1.72, 6 57 0.19, 4 112 1.35, 16 34 0.81, 16 45 0.06, 9 47 2.88, 2 87 2.38, 5 92 4.69, 
Transaction 446:10 42 2.82, 10 31 2.15, 18 135 5.37, 18 33 3.16, 18 71 3.89, 1 144 1.85, 13 107 2.06, 15 214 1.82, 6 280 0.58, 17 24 5.15, 17 20 6.25, 17 19 1.52, 9 99 0.45, 5 120 3.16, 5 11 1.15, 3 46 4.14, 
Transaction 447:14 214 3.58, 14 19 8.27, 7 78 6.6, 7 35 7.09, 7 51 8.26, 1 61 0.62, 1 44 1.83, 7 37 0.17, 7 49 0.35, 15 139 3.31, 6 158 2.18, 4 73 7.21, 4 53 2.92, 4 44 5.03, 4 30 4.38, 4 33 3.67, 4 67 5.52, 4 53 5.18, 4 58 7.68, 
Transaction 448:10 29 4.14, 10 32 3.11, 18 57 5.83, 1 169 1.57, 13 93 0.75, 13 52 2.03, 14 114 10.19, 18 158 4.68, 18 36 5.3, 15 425 2.94, 5 606 4.27, 3 93 8.47, 3 58 2.97, 
Transaction 449:10 25 4.67, 10 82 4.04, 10 33 6.55, 7 331 8.94, 15 321 2.14, 8 37 1.04, 8 33 7.91, 17 122 9.86, 4 155 2.96, 16 271 2.8, 9 152 1.75, 5 571 1.96, 5 80 0.08, 3 49 2.92, 3 43 2.91, 5 19 3.73, 5 26 3.81, 3 39 2.85, 
Transaction 450:10 33 3.21, 18 106 7.67, 12 22 3.98, 1 59 0.46, 8 155 0.54, 17 47 6.63, 4 63 7.93, 16 87 3.06, 5 83 0.8, 
Transaction 451:10 31 1.11, 18 117 1.67, 12 481 6.9, 12 35 3.33, 1 32 2.72, 15 129 4.18, 8 49 0.85, 6 40 0.85, 6 34 0.9, 6 26 1.96, 6 43 0.77, 16 180 1.06, 16 114 1.5, 11 434 1.52, 
Transaction 452:10 89 4.6, 10 73 3.48, 18 160 4.25, 12 97 3.91, 13 120 2.01, 8 147 4.77, 8 47 7, 8 83 3.05, 8 52 2.27, 8 120 4.92, 8 64 2.84, 8 48 1.29, 8 63 5.4, 6 51 0.65, 
Transaction 453:10 40 0, 12 166 3.53, 1 150 2, 1 113 2, 13 70 0.99, 13 85 1.44, 15 24 2.32, 15 39 2.2, 8 60 1.04, 8 42 0.98, 6 495 1.35, 6 86 1.94, 17 109 1.66, 16 118 1.8, 9 200 7.25, 
Transaction 454:10 58 1.65, 10 32 1.78, 10 29 1.05, 10 46 1.78, 10 56 1.21, 10 29 0.73, 18 92 0.31, 13 169 0.65, 6 268 2.4, 17 33 1.83, 17 28 2.04, 17 34 1.65, 17 22 3.04, 17 24 1.43, 7 297 1.03, 18 76 1.07, 18 79 0.06, 1 84 1.38, 1 42 2.38, 13 136 0.65, 15 87 2.64, 15 29 0.4, 15 27 2.22, 6 88 1.65, 6 63 1.63, 6 26 2.23, 6 26 0.07, 6 56 1.41, 17 20 2.02, 15 133 3.83, 15 30 1.17, 6 127 1.3, 6 28 1.33, 17 30 1.55, 17 16 2.56, 5 548 2.26, 5 52 3.09, 3 36 6.45, 3 32 3.94, 3 82 1.98, 3 51 5.07, 3 33 3.02, 3 55 2.6, 
Transaction 455:10 25 3.88, 10 26 4.59, 10 36 7.22, 10 42 1.47, 10 47 6.33, 8 745 3.1, 8 15 4.18, 6 166 0.31, 17 397 12.78, 4 197 3.13, 16 166 1.03, 2 205 4.02, 2 190 8.16, 2 135 4.22, 2 65 6.41, 
Transaction 456:10 57 2.13, 10 131 1.42, 14 82 4.56, 14 26 1.11, 14 73 4.08, 14 27 1.57, 14 63 6.22, 14 23 1.31, 18 259 0.69, 12 107 1.25, 1 65 4.09, 7 12 2.26, 15 120 3.26, 15 38 1.53, 15 39 1.39, 15 67 3, 8 59 1.59, 8 42 1.94, 6 29 1.44, 6 22 0.61, 17 19 1.06, 16 130 0.38, 16 38 0.49, 16 31 0.63, 2 312 2.88, 11 87 1.07, 5 45 0.54, 5 12 1.34, 5 13 2.24, 3 305 5.45, 
Transaction 457:10 36 6.52, 10 78 4.1, 10 31 2.31, 14 55 3.84, 18 62 2.16, 1 348 2.16, 13 244 2.49, 15 46 3.42, 15 36 1.83, 15 73 4.36, 10 157 4.9, 10 33 1.83, 10 28 6.39, 10 32 2.68, 10 47 3.81, 10 22 9.23, 18 157 4.02, 1 448 0.97, 7 41 5.4, 15 194 3.41, 15 26 1.77, 15 43 3.19, 15 37 5.24, 15 59 3.22, 8 43 3.22, 6 159 1.53, 6 56 0.71, 6 207 2.19, 17 24 5.86, 17 28 5.23, 17 39 0.1, 17 31 7.89, 17 22 4.27, 3 54 4.8, 3 30 4.32, 
Transaction 458:14 74 2.11, 14 51 4.77, 12 175 3.1, 1 89 2.69, 1 75 1.62, 13 104 0.51, 6 159 0.64, 4 145 0.77, 16 46 1.26, 16 79 1.52, 9 125 7.13, 9 116 4.27, 
Transaction 459:10 33 4.5, 10 38 5.2, 10 30 7.91, 14 34 5.21, 18 111 4.88, 18 42 2.93, 1 288 0.47, 13 350 0.94, 13 52 0.84, 13 95 1.45, 15 33 3.25, 6 121 0.47, 6 93 1.03, 17 95 5.5, 16 246 3.13, 9 495 0.73, 2 561 8.05, 5 132 5.42, 3 45 1.42, 3 30 4.11, 3 33 7.31, 3 74 2.56, 3 41 5.84, 
Transaction 460:10 42 0.62, 10 37 1.08, 10 55 1, 18 147 1.21, 18 62 0.98, 1 512 2.36, 13 518 0.04, 3 1612 4.32, 3 26 2.64, 
Transaction 461:10 27 1.36, 18 107 0.43, 18 71 1.07, 15 144 3.81, 6 142 0.58, 6 93 1.04, 6 129 1.12, 6 80 1.6, 6 37 1.8, 17 32 2.01, 17 31 1.38, 17 23 0.48, 4 99 1.68, 5 323 0.79, 5 23 2.86, 3 43 0.46, 
Transaction 462:10 54 1.5, 10 46 0.99, 10 41 3.83, 18 87 5.54, 18 50 1.53, 18 51 7.1, 18 141 5.61, 18 95 2.92, 18 135 6.97, 18 69 3.68, 1 42 1.6, 7 10 5.02, 13 39 2.23, 4 44 3.7, 9 358 2.34, 9 27 0.98, 5 117 5.18, 11 228 5.12, 11 22 7.14, 5 28 4.54, 
Transaction 463:10 49 3.64, 10 55 4.98, 10 61 7, 10 24 2.25, 14 50 3.78, 14 21 10.69, 18 70 3.5, 12 48 0.88, 1 32 1.19, 7 109 4.26, 13 110 1.58, 13 54 1.77, 15 109 2.76, 8 51 3.91, 8 35 4.85, 6 26 0.77, 17 33 6.55, 17 16 0.67, 8 139 5.11, 8 30 2.67, 8 41 5.06, 6 21 1.63, 6 32 0.58, 17 45 2.03, 16 196 3.64, 2 283 2.34, 5 56 3.09, 
Transaction 464:14 312 3.84, 14 16 8.24, 14 42 5.87, 12 232 0.9, 12 50 6.28, 1 55 1.1, 7 27 2.11, 7 31 2.94, 13 36 0.89, 6 502 1.89, 6 162 0.69, 4 225 3.47, 4 58 4.72, 16 37 7.54, 16 74 0.74, 9 44 1.39, 2 77 10.61, 2 53 7.06, 11 83 7.28, 11 25 5.39, 4 247 4.18, 4 35 0.55, 4 35 2.42, 
Transaction 465:10 30 0.74, 10 28 1.76, 10 94 1.53, 18 128 1.68, 18 80 0.64, 12 57 3.74, 12 38 9.72, 7 98 2.09, 6 233 1.45, 6 141 1.81, 6 84 2.27, 17 152 2.46, 3 44 3.94, 
Transaction 466:10 48 0.57, 10 32 1.35, 10 35 1.09, 18 317 1.04, 18 49 3.05, 1 308 2.23, 1 380 3.53, 1 79 3.61, 7 133 2.11, 8 158 0.35, 6 131 0.51, 17 261 3.04, 17 102 2.56, 17 109 1.33, 16 248 1.75, 2 237 3.87, 5 367 2.56, 3 84 1.01, 
Transaction 467:10 33 0.9, 10 42 1.15, 10 58 0.88, 10 87 1.27, 10 47 1.77, 10 56 1.17, 10 55 0.9, 14 16 3.69, 18 105 0.67, 18 65 1.53, 18 43 0.89, 18 47 0.2, 18 61 1.32, 18 61 1.69, 18 67 2.13, 1 106 3, 1 23 2.23, 13 58 0.78, 13 54 1.26, 13 44 0.86, 15 60 5.88, 8 67 1.11, 8 58 0.97, 6 314 1.94, 17 33 0.27, 17 25 1.54, 17 56 2.18, 17 19 0.27, 17 23 1.86, 17 28 1.37, 17 23 2.46, 17 31 0.83, 17 30 0.91, 4 140 2.54, 5 304 1.51, 5 9 1.93, 5 12 1.69, 3 56 2.63, 
Transaction 468:10 51 0.97, 10 53 0.67, 10 35 0.92, 14 36 1.83, 14 23 5.01, 18 40 1.54, 1 29 4.9, 1 36 1.23, 8 220 1.09, 6 102 0.94, 17 52 2.12, 4 42 1.2, 5 10 1.79, 3 72 5.24, 
Transaction 469:10 40 1.82, 10 38 0.84, 14 44 1.41, 18 237 0.55, 13 249 0.68, 15 52 3.17, 8 31 1.09, 17 172 2.46, 11 577 1.64, 5 126 2.37, 
Transaction 470:13 216 1.51, 13 41 2.14, 15 65 1.42, 15 15 1.57, 8 33 6.86, 8 31 0.8, 6 26 0.38, 17 64 0.04, 17 91 10.15, 15 28 1.79, 8 52 1.44, 8 75 5.06, 8 37 0.25, 6 56 0.63, 17 25 5.93, 16 255 2.88, 13 108 0.63, 13 66 1.38, 8 180 5.38, 8 67 2.07, 8 85 4.69, 8 44 0.77, 6 217 0.65, 6 46 1.45, 6 20 1.14, 17 46 8.79, 6 18 0.88, 17 31 5.94, 16 173 5.06, 9 142 1.68, 2 73 14.13, 3 111 6.17, 
Transaction 471:10 75 8.65, 14 56 4.94, 18 45 3.8, 1 451 0.76, 7 38 3.7, 15 93 2.95, 15 119 0.53, 15 79 2.32, 15 31 0.37, 8 37 1.13, 8 43 5.68, 6 158 1.37, 6 49 1.21, 6 72 1.87, 6 59 1.53, 17 77 7.47, 3 71 3.79, 3 82 2.89, 
Transaction 472:10 44 12.8, 10 51 2.9, 10 36 4.87, 10 96 7.99, 18 118 6.41, 12 158 4.36, 13 112 1.45, 13 181 0.63, 13 123 1.76, 17 111 4.3, 17 40 9.92, 6 73 2.16, 4 208 6.09, 9 61 0.69, 5 143 2.43, 5 14 4.36, 5 14 3.41, 5 6 5.4, 5 8 3.91, 
Transaction 473:10 33 3.64, 14 108 8.97, 18 218 7.44, 18 54 4.31, 12 63 4.22, 1 237 1.8, 1 95 0.48, 1 37 0.06, 11 1150 3.97, 5 44 3.19, 3 33 4.29, 5 118 2.78, 3 33 3.83, 3 105 3.44, 
Transaction 474:14 253 5.94, 12 444 6.44, 12 68 3.35, 12 35 3.78, 1 69 0.96, 7 31 3.73, 7 18 1.6, 13 180 2.12, 8 152 6.1, 8 18 6.38, 6 71 1.65, 6 81 1.55, 6 59 1.15, 15 51 3.1, 6 452 0.54, 6 137 0.7, 6 73 1.16, 4 256 1.51, 16 75 5.73, 16 82 2.61, 9 179 1.81, 9 58 2.45, 1 70 1.28, 7 37 3.44, 13 37 1.6, 13 63 3.01, 14 199 6.62, 14 57 4.72, 12 199 5.11, 1 144 1.54, 1 50 1.49, 7 24 5.62, 13 109 0.35, 4 211 1.53, 16 60 4.96, 9 67 1.15, 9 84 2.87, 9 67 2.48, 9 79 2.77, 9 136 0.45, 9 63 3.05, 9 133 1.77, 2 49 6.2, 4 230 4.07, 4 42 1.89, 16 35 3.06, 16 46 5.4, 9 101 1.33, 2 48 8.67, 11 21 1.92, 
Transaction 475:10 39 1.5, 12 254 3.84, 12 53 5.92, 1 77 4.54, 7 102 2.02, 13 27 0.62, 13 68 1.26, 15 43 0.64, 15 45 3.04, 15 50 2.22, 8 36 0.08, 17 153 1.73, 17 237 0.24, 17 66 3.13, 5 513 4.42, 5 71 1.2, 5 60 1.49, 
Transaction 476:10 26 6.06, 14 29 7.44, 18 188 6.33, 18 53 3.85, 18 45 4.62, 13 163 1.7, 15 114 2.94, 15 9 1.81, 15 65 5.63, 8 115 3.8, 8 57 3.1, 6 12 1.84, 17 41 3.48, 15 41 1.86, 17 21 5.08, 17 23 9.57, 6 19 1.2, 6 27 0.56, 6 27 2.61, 6 74 0.54, 17 24 6.53, 17 31 0.43, 17 30 0.4, 17 32 5.01, 17 34 7.2, 17 23 8.36, 17 11 4.18, 9 185 2.04, 9 31 2.58, 2 107 6.58, 2 540 2.43, 2 155 8.51, 2 51 1.38, 15 584 3.05, 15 27 3.42, 15 32 3.24, 8 53 3.52, 8 49 6.12, 6 34 1.91, 6 36 1.69, 17 30 6.02, 17 23 7.97, 4 76 3.93, 17 343 4.93, 9 349 1.46, 9 94 1.65, 1 74 0.05, 7 10 4.97, 15 125 4.08, 15 20 1.87, 15 28 2.19, 15 18 1.63, 6 58 0.43, 17 34 4.78, 4 117 1.87, 4 147 3, 5 545 2.02, 3 27 5.2, 
Transaction 477:14 116 5.14, 14 30 10.59, 14 18 21.03, 14 28 15.91, 7 63 6.34, 13 40 0.16, 6 317 1.94, 6 46 1.85, 6 93 0.99, 6 24 1.88, 6 83 1.45, 
Transaction 478:14 77 13.38, 12 100 8.01, 12 41 0.09, 7 57 6, 13 58 2.88, 13 111 0.98, 8 160 7.32, 8 47 3.25, 4 196 8.54, 4 41 1.69, 4 58 8.27, 4 46 6.04, 16 34 3.61, 9 30 1.98, 9 15 1.55, 9 29 2.34, 2 87 4.51, 2 91 4.31, 2 81 6.27, 2 79 12.27, 2 76 2.13, 2 71 10.25, 
Transaction 479:10 33 8.47, 10 47 4.79, 12 191 1.18, 1 96 0.96, 7 53 5.53, 13 52 0.54, 13 95 2.12, 17 287 6.27, 4 137 1.88, 4 191 3.7, 16 80 1.8, 16 160 4.48, 16 330 1.14, 16 46 4.67, 2 756 9.51, 
Transaction 480:10 27 1.38, 14 125 0.98, 18 82 0.19, 1 133 1.83, 7 95 2.23, 1 213 2.51, 1 75 1.38, 1 52 4.34, 13 127 1.15, 13 109 1.02, 15 102 1.76, 15 84 2.77, 6 106 0.76, 6 70 1.24, 6 43 0.26, 6 63 1.19, 6 89 1.56, 17 41 0.07, 17 19 1.76, 17 37 3.01, 17 31 1.2, 17 35 1.36, 3 84 6.15, 3 42 5.44, 3 48 2.41, 
Transaction 481:10 106 1.33, 10 39 1.38, 12 175 8.06, 12 46 7.17, 12 26 7.6, 12 134 4.38, 12 86 2.36, 1 22 2.43, 15 139 1.28, 8 66 1.75, 8 46 0.09, 8 43 0.12, 8 60 1.06, 6 120 1.41, 17 29 1.21, 17 85 1.36, 17 31 0.51, 16 115 0.67, 
Transaction 482:10 110 0.96, 12 193 3.56, 12 48 4.32, 12 85 3.01, 7 149 1.59, 7 8 1.98, 13 72 1.19, 9 413 5.83, 9 65 9.04, 9 113 1.11, 5 254 1.2, 
Transaction 483:14 140 0.19, 18 60 0.73, 12 287 6.56, 1 103 3.49, 13 100 2.05, 13 26 1.54, 15 41 1.52, 8 28 1.37, 8 37 1.51, 8 45 1.36, 8 48 1.92, 6 43 1.02, 6 61 0.68, 6 148 0.96, 17 34 0.85, 
Transaction 484:10 26 0.79, 10 43 0.11, 10 28 1.73, 18 68 1.08, 15 504 4.5, 15 47 2.64, 15 47 2.21, 8 40 0.77, 6 126 1.72, 6 43 0.82, 17 143 2.04, 17 30 3, 17 32 1.27, 17 18 2.19, 17 20 1.59, 17 42 1.57, 17 27 1.79, 17 24 1.41, 17 36 1.41, 5 507 0.44, 5 85 4.11, 3 33 3.95, 3 36 4.27, 3 48 0.74, 3 51 4.03, 3 32 5.26, 3 43 2.73, 
Transaction 485:10 47 0.98, 10 49 1.39, 10 33 1.41, 18 87 1.31, 18 44 1.72, 18 61 0.85, 18 58 0.95, 15 312 3.06, 15 18 6.06, 15 15 4.3, 15 9 3.69, 15 21 3.71, 6 152 1.5, 6 24 0.88, 17 27 1.96, 17 27 2.81, 4 44 2.84, 17 24 1.03, 17 22 1.45, 17 36 1.21, 16 199 0.52, 9 62 6.28, 9 59 5.51, 5 264 0.74, 3 50 6.81, 
Transaction 486:10 31 3.55, 10 40 4.36, 10 35 4.89, 10 25 6.91, 10 50 5.38, 10 94 6.41, 10 16 6.78, 14 26 9.38, 18 46 6.55, 12 43 4.88, 1 94 1.22, 1 91 0.58, 15 146 2.69, 8 21 3.74, 8 32 3.09, 8 23 2.16, 17 197 4.5, 9 281 0.97, 9 1517 1.45, 9 371 1.03, 2 398 9.79, 11 56 7.13, 11 20 10.73, 11 21 6.72, 16 104 3.36, 9 491 0.22, 2 189 11.7, 5 87 3.46, 5 27 1.86, 5 23 1.92, 5 26 2.15, 
Transaction 487:14 124 4.14, 13 178 0.22, 15 215 2.15, 8 77 0.37, 6 111 0.59, 
Transaction 488:14 69 5.87, 14 99 2.55, 12 365 4.66, 12 36 4.61, 12 46 3.02, 12 45 3.66, 12 53 4.77, 7 116 2.24, 7 34 1.8, 14 140 4.96, 18 239 0.94, 12 254 4.07, 12 70 2.99, 1 54 2.06, 7 24 0.44, 7 51 1.67, 7 28 2.79, 13 53 0.86, 13 48 1.11, 13 36 0.86, 6 250 0.25, 6 56 0.65, 6 57 2.16, 6 129 1.95, 4 243 1.23, 
Transaction 489:14 95 2.59, 12 92 5.2, 1 164 3.85, 7 169 1.38, 7 53 1.07, 7 42 0.65, 15 169 3.61, 15 78 5.61, 15 39 4.31, 8 41 1.24, 6 124 1.25, 6 35 0.68, 15 101 0.3, 6 156 1.39, 17 25 3.55, 17 84 2.14, 17 102 1.66, 6 106 0.82, 15 188 1.18, 15 85 5.2, 8 56 0.98, 8 40 1.35, 6 403 1.26, 6 101 1.27, 17 18 0.7, 17 24 2.6, 4 44 2.53, 3 126 4.87, 
Transaction 490:10 33 1.43, 10 33 0.54, 12 380 2.38, 12 40 1.7, 12 38 4.8, 12 83 2.93, 1 35 3.22, 2 115 3.25, 
Transaction 491:12 159 9.12, 1 37 0.16, 13 64 2.64, 13 47 1.74, 13 16 2.02, 15 57 1.54, 15 25 2.71, 8 116 5.41, 6 17 1.52, 6 30 0.63, 6 35 1.19, 6 48 0.97, 6 29 2.46, 6 14 1.51, 6 155 2.71, 6 41 0.12, 6 25 1.9, 17 142 5.15, 2 277 1.06, 3 408 4.24, 
Transaction 492:10 34 3.55, 1 545 0.92, 1 149 0.15, 13 102 1.78, 15 63 4.85, 15 44 2.06, 17 103 7.88, 16 275 5.81, 3 657 5.26, 3 54 4.2, 3 43 0.09, 
Transaction 493:18 290 1, 18 112 0.2, 18 63 2.18, 18 44 0.98, 18 116 1.34, 18 256 1.51, 18 44 1.65, 12 35 2.85, 18 121 1.5, 12 271 5.33, 12 34 4.89, 1 33 1.73, 13 56 0.86, 13 56 0.48, 13 47 1.9, 15 85 4.23, 15 25 4.17, 15 25 0.83, 15 22 3.37, 15 25 0.76, 15 21 1.67, 15 22 2.36, 8 61 0.05, 6 69 0.63, 6 47 1.99, 6 36 1.6, 17 77 2.55, 17 30 1.72, 17 33 2.6, 17 33 1.32, 17 29 2.2, 17 29 0.64, 17 66 0.14, 17 133 0.53, 17 21 1.2, 5 375 0.45, 5 45 2.43, 5 12 3.58, 
Transaction 494:10 27 4.68, 10 41 4.97, 10 39 4.22, 10 38 4.13, 15 103 3.18, 10 135 6.7, 10 33 3.62, 10 26 8.63, 10 28 1.84, 14 118 12.95, 18 110 1.75, 18 60 4.26, 12 53 4, 1 103 1.62, 13 420 2.73, 15 87 2.53, 15 48 2.32, 15 42 4.78, 17 21 4.82, 4 58 7.58, 3 196 8.45, 3 37 7.13, 
Transaction 495:10 45 1.68, 10 11 1.21, 10 55 0.47, 10 22 1.73, 10 43 1.04, 10 70 1.05, 10 33 1.33, 10 39 0.27, 10 28 1.09, 14 94 3.9, 18 45 0.41, 18 56 1.6, 12 44 3.38, 12 49 2.92, 16 510 1.57, 16 48 0.87, 16 505 2.34, 1 372 4.08, 13 149 2.1, 7 100 0.89, 15 294 2.64, 8 38 1.48, 8 81 1.46, 6 62 0.85, 17 12 2.14, 16 197 0.37, 9 295 2.21, 2 175 2.96, 
Transaction 496:10 25 0.04, 14 15 1.39, 18 52 1.74, 18 210 1.3, 12 48 5.45, 1 32 4.49, 1 55 1.1, 15 118 2.24, 15 22 3.7, 15 26 3.33, 8 103 1.08, 6 26 1.78, 
Transaction 497:10 66 0.32, 10 135 1.2, 12 170 3.91, 7 213 1.78, 7 50 2.17, 13 302 1.29, 8 69 1.1, 8 40 1.71, 17 130 1.1, 17 69 1.49, 17 21 2.47, 
Transaction 498:10 50 8.83, 14 61 12.73, 14 106 16.6, 18 39 5.95, 18 168 7.55, 1 134 0.76, 13 107 1.43, 8 117 4.17, 16 382 1.75, 16 46 3.71, 16 47 7.22, 16 169 2.44, 16 64 1.36, 16 112 5.53, 18 143 1.37, 12 74 10.8, 12 47 8.8, 1 88 1.2, 1 70 0.83, 1 153 1.73, 7 135 6.61, 6 209 1.92, 6 78 1.25, 6 68 0.77, 17 62 5.81, 17 87 5.46, 6 113 1.86, 17 183 5.63, 16 347 5.28, 16 73 3.63, 2 487 14.72, 3 230 5.14, 4 176 4.37, 16 78 3.88, 2 271 25.72, 11 112 1.51, 5 90 3.03, 5 12 4.44, 3 183 4.93, 
Transaction 499:8 73 1.31, 8 26 1.25, 6 63 0.77, 17 43 1.8, 17 28 1.31, 4 58 2.51, 16 132 0.42, 16 60 1.23, 9 274 5.12, 9 289 1.34, 2 48 4.8, 2 69 1.27, 5 142 2.91, 5 27 2.04, 5 29 3.49, 5 64 2.36, 5 81 4.22, 5 42 2.42, 3 143 8.5, 3 138 3.77, 
Transaction 500:10 96 0.99, 18 221 5.36, 18 153 2.91, 18 59 3.81, 2 613 13.27, 5 361 2.63, 3 97 1.96, 
Transaction 501:10 74 1.2, 12 203 3.98, 12 90 3.07, 1 65 2.54, 1 109 2.63, 1 99 1.81, 13 170 0.92, 15 51 3.62, 8 13 0.11, 6 69 0.85, 6 135 1.56, 6 132 1.31, 6 51 2.02, 17 202 1.09, 16 220 1.45, 16 108 1.27, 16 139 0.41, 16 50 0.21, 16 37 0.93, 2 344 6.53, 2 54 2.78, 2 40 3.55, 11 29 0.47, 3 100 3.19, 
Transaction 502:15 114 4.51, 8 207 1.87, 4 198 1.92, 4 56 1.73, 16 44 2.02, 16 33 1.17, 16 49 1.48, 9 24 0.19, 2 29 3.27, 2 77 4.99, 2 93 3.28, 2 66 1.12, 2 98 4.87, 2 58 2.93, 2 76 2.94, 2 92 3.12, 11 18 2.23, 
Transaction 503:10 114 9.03, 12 372 1.94, 12 38 7.4, 12 42 6.79, 13 153 1.56, 13 35 2.61, 15 104 1.78, 15 25 3.21, 15 36 3.24, 16 442 6.61, 7 86 12.37, 7 25 1.81, 7 23 6.74, 13 36 2.89, 15 58 0.56, 15 17 3.78, 17 102 4.25, 17 28 8.27, 16 123 3.68, 
Transaction 504:10 22 1.17, 10 24 1.01, 10 24 0.23, 10 42 0.66, 18 123 0.77, 13 107 0.36, 13 48 1.46, 15 211 4.54, 15 36 3.59, 15 95 0.29, 15 17 0.46, 15 56 2.49, 15 109 1.48, 15 48 2.66, 6 211 2.04, 17 35 1.86, 17 28 0.88, 3 88 3.41, 
Transaction 505:10 57 1.22, 18 96 1.09, 18 39 1.43, 18 57 1.84, 18 45 0.69, 13 241 1.4, 13 49 1.67, 15 27 5.28, 6 137 1.59, 6 44 0.71, 17 24 2.19, 16 283 1.22, 16 35 0.18, 2 255 1.64, 5 92 2.16, 5 14 1.73, 3 37 2.54, 
Transaction 506:10 27 2.47, 10 31 7.27, 14 76 14.04, 18 103 4.88, 12 264 4.18, 1 66 1.93, 7 48 5.23, 15 111 1.39, 9 382 0.02, 2 400 13.71, 5 260 2.11, 
Transaction 507:18 207 2.95, 12 445 7.99, 1 38 1.15, 1 37 0.59, 1 25 1.78, 12 73 7.62, 12 25 3.32, 1 35 1.52, 1 24 0.51, 1 36 0.47, 1 38 1.2, 1 30 1.52, 13 49 1.78, 4 51 5.31, 9 52 0.74, 2 85 6.73, 11 31 7.59, 4 192 0.66, 4 64 2.96, 4 237 3.89, 4 57 2.98, 9 60 0.97, 2 262 11.46, 2 63 5.43, 2 241 9.28, 2 91 8.56, 11 130 6.24, 11 23 9.22, 11 21 10.34, 
Transaction 508:10 46 1.43, 10 24 0.52, 10 24 0.26, 10 134 0.76, 10 20 1.09, 12 481 4.56, 1 98 0.66, 7 20 0.99, 7 97 2.37, 15 164 3.29, 8 31 1.13, 6 58 0.64, 17 107 1.93, 17 24 1.24, 17 102 1.46, 5 101 0.71, 5 47 2.94, 
Transaction 509:10 24 7.83, 13 190 1.39, 15 133 3.87, 15 28 0.53, 15 120 0.61, 15 57 3.01, 15 40 2.02, 16 294 3.02, 2 485 11.4, 5 50 5.25, 5 76 4.32, 5 62 3.45, 
Transaction 510:10 45 2.81, 10 35 4.65, 10 178 7.33, 10 28 1.51, 14 83 13.76, 12 148 10.09, 1 64 0.8, 7 19 7.92, 13 50 3.02, 6 112 0.63, 6 26 1.36, 8 68 6.64, 8 46 3.63, 6 13 1.7, 
Transaction 511:10 40 3.76, 10 9 6.44, 14 108 7.86, 18 38 7.46, 18 107 6.23, 18 231 7.27, 18 165 1.62, 12 179 7.48, 1 58 1.53, 1 83 1.12, 13 220 2.05, 13 46 1.01, 13 45 0.53, 15 45 0.59, 8 147 5.47, 8 64 5.38, 2 1024 11.43, 5 57 2.01, 
Transaction 512:10 22 7.7, 1 211 0.11, 1 295 0.13, 13 156 1.47, 15 40 2.89, 17 133 3.06, 2 626 6.27, 9 357 1.11, 9 57 0.17, 3 392 2.14, 3 128 3.54, 3 39 5.7, 3 44 4.31, 3 48 7.41, 3 41 3.32, 3 61 3.18, 3 36 5.25, 
Transaction 513:10 45 6.21, 10 31 1.43, 10 40 4.45, 18 133 6.2, 18 63 8.71, 18 26 6.48, 12 34 5.88, 13 239 2.93, 13 33 0.98, 15 96 1.26, 15 18 1.01, 17 34 5.26, 5 309 3.07, 
Transaction 514:14 64 1.46, 14 27 3.29, 18 70 1.32, 12 26 1.35, 13 120 1.89, 15 69 2.95, 13 123 2.14, 15 26 2.23, 15 33 4.41, 15 27 0.81, 8 123 0.35, 8 39 0.98, 15 158 2.22, 8 158 1.23, 6 23 1.21, 6 19 0.33, 13 249 1.06, 15 16 4.11, 8 56 1.11, 17 112 1, 17 23 0.33, 17 58 0.86, 17 163 2.18, 
Transaction 515:10 20 1.8, 18 206 0.11, 18 52 1.67, 18 39 0.88, 16 311 0.95, 16 44 0.86, 9 79 6.33, 3 172 7.53, 
Transaction 516:10 49 0.63, 14 58 0.05, 18 11 0.2, 18 43 0.16, 18 41 0.6, 18 46 1.5, 1 274 3.66, 1 63 2.71, 13 188 1.05, 14 105 4.36, 18 29 1.39, 18 74 0.53, 18 61 0.39, 18 63 0.1, 12 118 4.78, 7 97 1.82, 13 102 0.16, 15 32 2.67, 15 123 3.26, 15 30 3.73, 15 19 3.04, 15 68 0.61, 6 186 2.3, 6 48 0.69, 17 18 2.6, 17 32 1.52, 17 31 0.97, 17 23 0.54, 17 26 3.02, 3 31 3.04, 3 34 2.69, 17 42 0, 17 33 0.53, 6 17 1.45, 6 64 1.22, 6 75 1.43, 17 46 0.71, 17 79 0.18, 16 171 1.41, 4 191 2.43, 1 146 1.25, 13 61 1.31, 13 29 1.54, 15 62 2.73, 15 34 4.34, 15 53 3.66, 6 217 0.94, 6 25 1.42, 6 15 0.54, 17 21 1.87, 9 173 8.96, 1 97 2.29, 1 24 0.99, 18 57 1.77, 11 318 2.08, 3 274 5.54, 
Transaction 517:10 41 0.87, 10 37 1.49, 14 59 2.42, 14 81 2.2, 18 105 1.15, 7 163 1.18, 7 125 0.85, 15 110 2.54, 15 59 3.87, 15 31 2.73, 15 35 1.63, 8 30 0.34, 8 42 0.88, 8 64 1.14, 8 49 1.04, 8 102 1.13, 8 35 1.55, 8 33 2.47, 6 40 1.91, 6 120 2.45, 6 52 1.98, 6 125 0.81, 8 66 1.09, 8 47 0.79, 8 40 1.64, 8 25 1.32, 8 49 0.57, 6 51 1.01, 6 120 0.46, 8 30 1.96, 6 34 2.2, 6 49 1.53, 6 77 0.88, 6 108 1.59, 6 153 0.04, 6 99 1.5, 16 286 1.12, 16 82 1.22, 11 402 0.38, 11 33 0.92, 5 22 2.45, 
Transaction 518:10 43 0.78, 10 28 0.72, 14 116 4.79, 12 114 1.04, 12 40 3.27, 1 29 3.35, 13 62 0.68, 15 33 3.67, 8 59 0.5, 6 131 0.4, 15 138 4.01, 15 28 3.12, 15 15 2.51, 8 50 0.99, 17 120 0.74, 16 275 1.15, 16 34 0.49, 5 318 1.82, 
Transaction 519:10 35 1.05, 18 75 1.93, 18 57 0.75, 13 262 1.33, 15 132 4.03, 15 81 3.14, 15 25 4.14, 15 80 3.44, 17 84 2.43, 17 32 1.73, 17 24 2.65, 17 25 0.62, 17 32 0.98, 5 353 1.52, 5 20 2.8, 3 103 3.86, 3 53 5.92, 3 43 1.84, 3 52 2.05, 
Transaction 520:10 27 1.06, 10 28 1.17, 10 33 1.21, 10 22 1.6, 10 28 1.53, 18 80 1.12, 13 111 1.28, 13 45 1.08, 13 130 0.16, 15 277 2.44, 15 45 2.42, 15 55 2.53, 15 72 0.52, 17 23 0.29, 4 70 1.23, 3 109 2.35, 3 42 4.92, 
Transaction 521:10 24 4, 18 135 7.88, 18 154 8.39, 12 58 6.24, 1 61 1.36, 7 145 3.71, 9 329 1.02, 5 325 1.26, 
Transaction 522:10 41 6.05, 10 41 4.34, 18 62 9.96, 18 46 1.81, 18 58 7.74, 18 56 3.7, 1 93 0.82, 13 113 2.19, 13 37 2.41, 6 125 1.68, 6 31 1.42, 17 30 5.63, 3 40 5.29, 
Transaction 523:10 23 0.41, 10 33 3.6, 12 131 4.05, 12 60 2.5, 12 55 8.72, 1 72 1.11, 1 90 0.69, 1 110 1.96, 1 78 1.15, 7 129 5.35, 7 30 3.19, 13 149 0.58, 13 68 1.62, 15 45 0.65, 8 21 4.97, 8 48 5.64, 6 65 1.35, 4 71 4.42, 16 38 1.09, 16 63 3.02, 16 63 3.79, 9 107 2.12, 2 164 14.21, 
Transaction 524:10 27 5.71, 15 72 4.16, 8 39 2.15, 6 135 0.49, 6 73 0.44, 6 62 0.01, 4 58 3.55, 
Transaction 525:10 28 1.64, 18 79 0.74, 1 51 1.34, 7 44 0.13, 6 250 2.35, 6 30 0.04, 6 47 1.13, 6 18 0.58, 17 38 2.43, 4 99 1.92, 16 33 1.33, 16 60 0.58, 2 146 2.88, 3 102 2.79, 3 29 4.4, 
Transaction 526:14 193 6.93, 18 55 6.65, 12 194 7.33, 1 115 1.66, 1 114 1.04, 1 51 0.21, 7 127 3.84, 13 55 3.19, 13 46 1.24, 13 29 1.29, 14 144 12.54, 12 129 4.98, 1 45 0.82, 7 121 5.19, 13 46 1.98, 13 101 1.86, 13 57 0.41, 13 44 2.29, 6 371 3.01, 6 70 1.12, 4 164 5.34, 4 68 4.91, 4 50 6.95, 4 46 4.9, 16 62 0.07, 9 61 1.37, 9 75 2.34, 9 53 1.45, 9 78 1.51, 9 85 2.47, 9 72 0.86, 2 54 6.17, 2 88 4.36, 2 59 8.78, 9 62 2.28, 9 253 1.6, 9 92 1.54, 9 108 1.27, 2 23 2.28, 2 46 5.4, 2 44 2.09, 
Transaction 527:10 118 0.65, 10 29 0.66, 14 30 4.86, 18 31 1.51, 12 318 2.11, 12 48 4.13, 1 27 3.03, 1 17 1.42, 7 13 0.86, 7 10 1.18, 7 7 1.62, 7 8 1.28, 8 166 1.82, 4 83 2.02, 16 25 1.37, 16 30 1.29, 16 48 0.27, 16 32 0.51, 16 43 0.43, 4 40 2.52, 
Transaction 528:14 129 15.67, 12 71 4.82, 1 103 0.61, 7 55 2.47, 7 58 2.12, 15 208 3.1, 4 462 0.58, 
Transaction 529:10 28 7.37, 10 34 5.25, 14 34 10.91, 14 48 11.86, 18 45 7.22, 7 369 3.84, 7 121 7.91, 13 53 0.48, 13 38 2.09, 13 89 1.3, 15 46 0.54, 8 83 3.65, 8 100 5.83, 8 21 4.31, 6 70 0.85, 6 73 1.38, 6 79 1.3, 6 223 1.59, 6 74 0.77, 17 70 6.4, 17 39 4.54, 17 32 3.89, 3 62 4.84, 3 31 3.15, 3 44 3.51, 3 24 5.05, 3 73 4.53, 
Transaction 530:14 193 2.97, 18 161 1.01, 12 50 5.08, 12 49 3.49, 1 72 2.43, 1 65 1.03, 1 33 3.52, 7 115 1.72, 13 188 1.5, 15 56 2.63, 6 314 1.06, 15 405 2.61, 6 140 1.61, 6 38 0.66, 
Transaction 531:10 55 0.9, 10 38 0.59, 14 29 4.93, 18 70 1.07, 18 83 1.41, 1 192 1.94, 1 122 1.39, 13 74 1, 13 42 1.61, 15 33 2.72, 15 20 1.34, 15 21 1.43, 15 28 3.23, 6 114 1.57, 6 30 1.64, 17 25 0.35, 17 21 1.37, 3 64 2.45, 
Transaction 532:10 27 3.16, 12 172 4.99, 12 51 6.54, 12 71 4.32, 12 44 1.36, 12 80 1.23, 12 43 1.24, 7 42 1.85, 13 74 2.08, 15 66 2.91, 6 136 1.24, 17 25 3.35, 4 45 9.21, 16 102 5.76, 13 62 2.29, 13 82 2.44, 13 41 0.67, 13 30 2.84, 13 38 2.18, 15 96 4.24, 6 69 2.48, 17 20 7.35, 6 64 1.2, 17 32 5.68, 16 289 4.71, 16 28 6.16, 9 78 1.97, 1 83 1.57, 13 188 0.7, 15 99 2.79, 15 69 3.18, 15 61 0.83, 15 11 2.51, 8 69 3.55, 8 49 1.41, 8 48 4, 8 66 4.63, 8 64 3.45, 8 94 3.34, 9 337 2.25, 2 342 13.18, 2 264 12.19, 11 114 11.19, 
Transaction 533:10 49 1.86, 14 16 9.28, 18 59 5.97, 1 178 0.58, 1 31 0.91, 7 79 4.17, 7 11 4.92, 15 85 1.31, 10 39 0.93, 15 25 2.39, 6 132 0.47, 6 27 1.19, 6 11 0.27, 
Transaction 534:10 32 0.87, 10 29 1.25, 14 57 2.25, 12 272 3.86, 12 32 4.02, 12 53 3.18, 1 101 4.07, 15 179 1.77, 15 25 2.75, 15 56 2.93, 15 20 1.89, 8 61 1.5, 8 38 0.43, 8 114 1.47, 6 126 1.06, 17 87 0.49, 9 515 8.96, 2 56 2.96, 11 16 0.16, 11 37 0.64, 
Transaction 535:18 157 1.72, 18 23 1.06, 18 65 1.03, 18 46 1.27, 18 50 1.04, 18 58 0.6, 18 45 0.36, 18 65 1.57, 18 56 0.65, 1 189 1.36, 1 60 0.04, 8 298 0.55, 8 181 0.28, 17 39 1.64, 17 20 0.99, 17 22 2.5, 17 24 1.07, 9 244 1.32, 5 200 0.77, 3 32 4.7, 3 29 3.18, 3 42 2.87, 
Transaction 536:10 39 0.97, 10 54 1.9, 14 41 3.02, 18 270 1.76, 18 125 2.87, 1 240 0.31, 13 224 0.4, 13 50 0.7, 18 301 0.96, 12 43 3.65, 12 120 1.73, 7 378 1.19, 13 84 0.51, 13 96 0.47, 15 43 2.48, 15 95 1.92, 15 43 2.35, 15 40 3.29, 8 106 1.09, 8 43 0.66, 8 37 0.59, 8 42 1.83, 6 50 1.21, 
Transaction 537:10 37 1.66, 18 101 0.33, 18 151 0.71, 12 43 6, 12 94 7.42, 1 52 2.68, 7 61 1.58, 15 322 3.89, 15 147 5.14, 13 83 1.96, 15 160 4.15, 8 27 0.95, 8 39 0.52, 8 30 1.5, 8 91 1.15, 6 130 1.06, 17 131 2.32, 17 34 1.21, 4 183 2.25, 16 47 0.66, 16 66 0.35, 9 92 2.63, 2 109 0.73, 5 69 3.4, 
Transaction 538:10 67 1.07, 18 77 1.56, 12 61 5.16, 12 45 3.09, 12 49 1.26, 12 39 4.45, 12 26 4.66, 1 68 4.66, 1 46 1, 7 21 1.28, 7 11 3.55, 7 10 1.63, 7 13 0.5, 15 197 1.91, 15 27 1.9, 8 85 1.33, 6 183 1.21, 17 31 2.29, 17 19 1.06, 6 54 1.45, 3 128 6.32, 
Transaction 539:10 42 3.04, 10 32 4.67, 18 526 6.59, 18 167 2.95, 12 26 3.54, 1 47 1.5, 7 28 5.67, 7 17 4.98, 13 276 1.18, 15 166 2.37, 15 59 2.72, 15 14 2.28, 15 21 2.55, 8 46 3.08, 8 61 3.92, 6 42 1.48, 6 20 0.58, 6 57 1.29, 6 26 2.12, 17 29 7.92, 17 14 4.12, 4 57 0.07, 2 283 10.24, 2 91 7.88, 5 83 5.3, 
Transaction 540:10 84 1.32, 10 38 1.38, 10 43 1.26, 10 35 1.05, 10 35 0.44, 10 49 1.51, 15 49 2.43, 15 28 2.83, 15 26 3.12, 6 248 0.91, 17 61 2.18, 17 55 0.05, 17 30 1.4, 17 28 1.58, 2 547 2.05, 5 187 3.74, 5 67 1.22, 3 108 3.71, 3 28 2.02, 3 49 2.38, 
Transaction 541:10 72 6.24, 12 295 3.54, 12 59 4.86, 12 111 5.75, 1 70 1.04, 15 375 2.22, 8 110 2.49, 6 123 0.37, 16 186 4.65, 2 401 7.64, 11 184 6.03, 
Transaction 542:10 24 0.8, 10 64 1, 14 84 3.4, 15 153 2.68, 15 82 4.6, 15 36 3.69, 15 52 0.27, 17 163 0.54, 17 16 2.87, 2 880 5.12, 2 38 2.31, 2 47 1.12, 5 77 2.66, 
Transaction 543:10 26 1.75, 10 20 0.72, 10 41 0.73, 14 39 3.61, 18 22 1.45, 18 41 1.89, 18 36 1.87, 18 49 0.89, 7 361 0.87, 7 37 1.69, 13 93 1.6, 10 361 1.38, 10 41 1.1, 18 93 1.27, 18 58 1.41, 18 51 0.58, 18 76 1.82, 18 58 0.95, 18 63 0.93, 18 54 2.03, 18 75 0.93, 18 60 0.48, 18 51 0.27, 18 41 2.2, 18 68 0.57, 18 64 1.53, 18 52 1.79, 18 29 1.29, 18 28 1.42, 18 46 1.32, 18 59 1.22, 7 974 1.45, 13 245 0.88, 17 267 1.45, 17 21 1.83, 4 110 0.37, 16 214 0.44, 5 806 0.78, 5 62 1.24, 5 44 2.77, 3 43 3.23, 3 52 2.78, 
Transaction 544:10 61 1.25, 14 22 3.01, 15 167 1.41, 17 46 1.27, 3 22 2.39, 
Transaction 545:15 47 2.3, 15 40 0.18, 15 59 3.15, 15 36 0, 15 36 1.09, 5 288 2.5, 
Transaction 546:14 59 4.86, 18 198 0.97, 18 69 1.6, 1 282 3.72, 13 256 1.62, 15 38 0.29, 15 37 4.48, 8 166 0.72, 8 132 1.22, 8 50 0.88, 8 30 1.3, 8 74 1.24, 17 174 1.49, 16 615 0.76, 16 240 0.55, 16 331 0.83, 9 228 7.71, 9 327 2.44, 2 50 2.27, 2 71 3.43, 2 68 2.07, 11 24 1.49, 5 168 1.86, 5 32 1.26, 5 29 0.5, 3 268 3.29, 
Transaction 547:10 53 1.7, 18 85 1.22, 18 370 0.71, 12 160 4.44, 12 64 6.1, 12 60 4.43, 12 101 3.81, 18 110 2.24, 1 238 0.98, 13 130 1.68, 13 185 1.62, 17 218 1.86, 9 410 3.37, 2 113 1.28, 11 40 0.81, 11 23 1.76, 
Transaction 548:10 39 4.6, 10 119 5.74, 10 27 3.68, 10 16 4.15, 10 21 11.02, 10 66 3.1, 14 46 8.66, 18 195 6.37, 12 107 8.03, 12 57 6.89, 12 63 5.13, 12 42 4.82, 1 28 1.37, 13 210 0.7, 13 142 1.08, 15 44 1.42, 15 25 4.52, 8 31 3.46, 6 60 2.53, 17 30 11.72, 17 48 5.85, 9 540 2.12, 11 123 5.23, 5 35 2.79, 5 176 2.17, 
Transaction 549:10 35 0.51, 14 144 3, 18 215 1.55, 18 106 2, 15 318 2.95, 8 138 1.85, 6 172 0.92, 6 59 0.95, 17 35 0.91, 17 35 1.28, 16 127 0.91, 5 306 1.26, 3 45 4.94, 
Transaction 550:10 27 1.26, 8 173 1.21, 17 112 2.48, 17 24 0.7, 17 54 2.78, 
Transaction 551:14 69 7.13, 14 45 7.2, 12 78 8.48, 1 78 1.11, 1 52 1.98, 1 119 1.24, 1 73 0.86, 7 26 6.31, 7 44 2.49, 13 52 1.67, 13 54 1.28, 13 60 2.29, 13 66 1.48, 13 66 2.51, 13 83 2.1, 
Transaction 552:10 99 3.4, 10 54 6.17, 10 50 4.26, 10 146 4.4, 14 36 9.23, 12 227 6.89, 1 33 0.47, 18 112 7.67, 12 23 7.72, 12 41 6.33, 12 33 3.72, 1 82 1.86, 8 194 3.14, 8 22 2.78, 6 31 0.42, 6 25 0.83, 6 119 2.68, 
Transaction 553:14 78 8.62, 18 108 7.17, 12 306 7.53, 12 25 4.54, 1 39 1.73, 1 37 0.95, 1 26 1.1, 1 46 2.11, 1 32 1.11, 7 9 1.44, 13 36 1.74, 13 56 1.83, 8 578 2.43, 6 140 0.88, 6 204 1.39, 4 93 1.59, 4 70 3.05, 4 64 2.8, 4 52 4.62, 4 35 2.43, 4 55 3.49, 4 45 3.79, 4 39 1.91, 16 30 4.43, 16 50 4.48, 16 88 3.66, 16 49 2.23, 16 40 3.87, 9 26 1.35, 2 85 8.81, 2 63 12.32, 2 60 5.23, 11 44 4.44, 
Transaction 554:10 101 6.2, 10 44 2.34, 10 36 5.29, 14 24 9.27, 18 127 6.06, 18 51 3.51, 12 141 4.96, 12 59 5.09, 12 38 7.21, 12 93 4.44, 1 13 1.1, 1 44 1.91, 1 41 0.15, 1 70 0.86, 7 131 1.25, 12 597 6.24, 1 115 1.14, 1 65 1.28, 8 309 4.38, 8 59 2.63, 8 65 5.05, 8 61 5.35, 17 168 3.65, 17 106 2.73, 3 412 4.97, 
Transaction 555:10 55 0.61, 18 86 1.43, 18 55 0.84, 18 56 2.54, 18 59 0.55, 18 33 1.35, 1 80 4.86, 13 222 1.14, 13 38 1.16, 15 27 4.08, 8 106 1.2, 8 104 0.6, 6 35 1.43, 6 34 1.87, 6 74 0.69, 17 22 2.16, 17 31 0.32, 17 24 1.4, 17 22 0.97, 17 22 0.32, 4 60 0.73, 4 130 1.08, 4 95 1.06, 13 182 0.94, 13 52 1.37, 13 61 1.46, 15 30 3.73, 15 18 3.11, 15 21 3.62, 15 29 3.59, 
Transaction 556:10 72 3.8, 10 69 6.71, 10 35 4.28, 14 240 14.01, 13 45 1.68, 13 59 2.42, 9 357 1.31, 5 277 2.42, 3 20 4.2, 3 45 7.41, 3 82 4.71, 
Transaction 557:10 79 0.89, 10 15 0.92, 15 107 3.01, 17 193 1.5, 17 69 2.47, 16 255 0.26, 2 474 4.59, 11 114 0.68, 2 754 1.21, 2 149 4.49, 11 22 1.26, 
Transaction 558:14 85 3.55, 14 18 8.38, 14 28 2, 14 24 6.56, 12 81 3.29, 12 54 1.51, 1 32 0.77, 1 30 0.35, 1 36 1.17, 7 11 5.42, 7 8 7.95, 13 118 2.3, 6 122 0.38, 
Transaction 559:10 49 0.7, 10 28 0.89, 14 34 0.17, 18 33 2, 12 137 3.47, 1 116 4.54, 13 59 1.67, 15 48 4.41, 13 148 0.56, 15 74 2.36, 13 160 1.25, 15 40 0.06, 8 38 1.3, 8 54 1, 8 42 1.4, 6 42 1.98, 17 187 1.74, 17 160 0.09, 17 31 3.18, 17 100 3.49, 17 51 1.49, 17 28 0.31, 5 568 3, 5 53 1.09, 
Transaction 560:10 35 0.57, 12 322 1.6, 12 109 0.12, 13 320 1.04, 13 242 1.27, 6 135 2.06, 6 102 1.06, 17 30 2.94, 3 202 0.02, 3 46 2.73, 
Transaction 561:10 103 5.75, 10 39 7.85, 10 47 0.22, 14 123 8.74, 14 32 11.12, 12 265 2.29, 12 31 1.21, 1 35 0.79, 7 8 0.68, 13 79 4.26, 13 45 2.09, 8 116 4.29, 6 45 1.32, 6 55 0.92, 6 24 1.89, 6 25 1.32, 17 46 4.25, 16 151 5.42, 16 157 3.36, 16 197 2.85, 16 51 5.59, 16 138 3.45, 16 29 1.08, 16 50 5.6, 2 186 9.72, 2 199 18.13, 1 121 0.09, 1 35 0.54, 1 26 0.27, 13 67 1.68, 16 189 4.51, 9 35 0.86, 2 168 4.09, 11 94 5.54, 11 29 13.89, 5 34 4.48, 
Transaction 562:10 33 0.25, 10 41 2.18, 10 38 0.56, 10 21 1, 10 31 0.42, 10 35 1.47, 18 153 1.61, 11 655 0.89, 11 12 1.41, 5 87 3.68, 3 129 4.8, 3 49 5.63, 3 63 1.34, 
Transaction 563:10 30 1.14, 14 60 5.86, 13 120 1.61, 13 165 1.71, 15 32 5.97, 8 92 2.56, 
Transaction 564:10 43 2.55, 14 87 2.51, 18 134 1.24, 18 120 2, 12 195 5.81, 12 362 1.34, 1 43 3.2, 1 24 1.85, 7 12 1.41, 13 110 0.67, 15 101 4.26, 6 164 1.59, 4 96 1.63, 4 80 2.49, 9 301 6.16, 9 78 5.78, 11 105 0.79, 5 22 2.61, 5 19 1.18, 3 168 5.29, 
Transaction 565:10 35 5.51, 14 44 11.75, 10 32 8.05, 18 145 1.72, 13 331 1.27, 13 42 1.62, 13 27 1.31, 15 163 4.66, 10 143 1.63, 14 78 12.01, 18 92 7.65, 18 60 4.82, 18 50 2.81, 18 47 4.52, 18 90 8.7, 1 672 1.23, 1 92 1.14, 13 151 0.93, 15 90 2.32, 17 276 3.92, 15 68 2.8, 17 28 8.19, 17 27 8.65, 17 37 8.01, 17 32 5.02, 5 822 2.46, 3 30 5.84, 3 51 1.28, 3 41 5.7, 3 51 6.37, 
Transaction 566:10 27 1.99, 10 32 0.66, 18 81 0.97, 18 62 0.77, 9 370 5.78, 5 302 2.87, 3 30 0.55, 
Transaction 567:14 114 1.98, 12 125 4.7, 1 35 2.14, 1 47 2.21, 1 60 1.68, 1 90 1.29, 14 752 2.33, 14 33 2.57, 18 275 1.16, 12 81 2.98, 12 23 4.84, 12 39 3.89, 12 45 6.05, 12 50 5.16, 12 17 6.06, 1 62 2.99, 7 41 1.39, 15 64 3.14, 6 221 1.36, 6 26 3.32, 8 98 1.61, 8 62 0.44, 8 59 0.44, 8 62 0.14, 8 66 1.77, 6 18 2.04, 6 29 0.37, 17 96 0.67, 17 40 0.58, 17 16 1.53, 2 274 3.52, 11 194 1.19, 11 27 1.55, 5 14 2.3, 
Transaction 568:10 28 8.69, 10 41 7.09, 10 28 3.96, 18 145 0.22, 18 41 4.22, 18 44 5.25, 1 159 1.11, 7 146 5.41, 13 33 0.62, 15 40 2.71, 6 167 0.77, 6 66 0.79, 17 17 4.22, 17 77 3.01, 17 30 0.96, 17 36 4.12, 3 96 5.85, 3 35 4.05, 3 76 3.84, 
Transaction 569:10 36 3.89, 10 37 6.31, 12 165 3.72, 15 219 2.07, 8 65 4.44, 8 37 3.91, 6 22 1.77, 6 79 0.71, 6 77 0.83, 17 42 10.2, 6 41 1.47, 17 62 1.89, 16 191 0.77, 16 48 4.1, 16 298 2.45, 16 250 2.75, 16 192 0.74, 16 261 4.24, 2 385 1.93, 11 153 8.19, 11 45 9.43, 5 70 6.89, 5 12 4.49, 3 86 7.03, 
Transaction 570:10 48 6.58, 14 25 5.66, 14 58 12.57, 12 361 0.91, 12 27 8.47, 12 33 7.77, 1 45 1.35, 1 146 1.49, 1 49 0.43, 1 36 0.69, 13 184 1.42, 13 113 2.36, 15 73 4.17, 17 127 5.1, 4 124 3.53, 16 32 4.14, 11 161 4.82, 11 23 12.87, 5 11 1.2, 5 51 4.05, 
Transaction 571:10 80 1.05, 10 51 0.39, 10 39 0.73, 18 108 1.48, 13 141 1.33, 15 61 2.16, 8 54 0.64, 6 34 1.7, 6 22 1.7, 6 27 0.36, 6 13 0.89, 17 86 2.15, 
Transaction 572:10 33 5.99, 18 97 3.41, 18 80 5.05, 18 59 5.88, 18 26 8.91, 7 217 4.13, 13 90 2.11, 15 141 1.98, 15 35 1.56, 15 55 1.52, 15 74 2.34, 15 55 4.58, 15 80 3.74, 15 93 3.14, 6 214 1.07, 17 32 5.79, 17 34 7.07, 16 131 5.23, 9 238 0.15, 9 241 0.21, 2 454 9.74, 
Transaction 573:10 34 0.07, 10 104 2.46, 10 28 1.37, 10 60 1.3, 10 32 1.91, 12 449 0.14, 12 60 4.4, 12 118 5.44, 1 54 0.18, 1 65 2.84, 7 59 2.07, 13 215 1.2, 15 34 3.28, 16 221 0.24, 9 577 4.33, 2 129 3.23, 11 17 0.53, 5 240 1.62, 
Transaction 574:14 156 3.79, 12 95 2.7, 7 34 2.71, 15 196 3.18, 6 136 1.54, 6 44 1.18, 6 45 1.42, 15 132 3.87, 4 113 1.5, 16 34 1.39, 9 24 5.1, 9 31 9.58, 9 31 3.2, 9 29 5.32, 1 37 1.97, 1 23 2.22, 1 28 1.57, 7 8 1.52, 7 12 2.22, 7 11 1.64, 7 6 2.69, 13 40 0.88, 15 20 4.72, 6 90 0.54, 6 21 1.76, 6 31 1.97, 6 73 0.69, 6 19 0.88, 6 21 1.23, 6 26 0.5, 4 96 0.6, 16 22 0.75, 16 44 0.17, 16 69 0.78, 9 35 3.6, 9 38 7.71, 9 23 2.22, 9 29 6.4, 2 68 2.01, 
Transaction 575:14 86 1.75, 14 50 1.37, 14 226 1.44, 14 25 3.03, 13 248 1.67, 15 29 2.83, 6 196 1.52, 6 133 1.42, 
Transaction 576:10 93 0.03, 18 78 1.57, 18 122 1.54, 18 43 0.51, 12 185 4.91, 1 107 3.03, 15 206 1.86, 6 146 0.89, 17 49 1.64, 17 33 1.27, 17 7 1.58, 
Transaction 577:10 43 5.71, 14 60 16.9, 18 66 8.33, 13 174 2.27, 13 167 2.4, 8 61 3.74, 6 120 1.62, 8 145 4.86, 8 32 2.81, 17 184 4.33, 4 26 1.99, 5 443 6, 5 25 2.32, 
Transaction 578:10 29 3.3, 14 53 12.67, 14 43 11.98, 10 86 6.02, 10 50 5.71, 18 273 6.37, 1 147 1.69, 9 365 0.76, 11 338 8.98, 5 57 2.59, 5 20 1.44, 5 39 1.29, 5 50 1.34, 
Transaction 579:10 60 1.29, 18 407 0.54, 12 251 6.41, 12 63 3.58, 12 55 3.66, 13 200 2.11, 8 74 1.49, 8 99 1.24, 6 83 1.33, 17 89 0.47, 17 68 1.92, 17 23 0.83, 9 422 1.84, 2 76 1.77, 5 89 3.43, 5 77 2.79, 5 45 2.94, 5 115 4.53, 3 139 7.47, 
Transaction 580:10 67 1.8, 10 46 2.18, 10 32 1.53, 18 98 1.9, 12 32 0.38, 12 35 4.65, 12 102 7.96, 12 51 3.19, 12 41 1.75, 12 32 2.97, 1 41 2.6, 7 28 2.81, 7 23 0.87, 13 62 0.51, 15 44 1.38, 17 109 2.21, 17 57 1.98, 17 27 2.47, 17 91 1.33, 17 41 1.95, 11 545 2.13, 11 144 0.98, 2 178 3.88, 5 51 2.57, 5 10 0.07, 
Transaction 581:10 49 0.93, 12 182 2.71, 12 44 0.39, 12 34 8.6, 1 95 1.51, 15 174 3.37, 6 217 1.62, 17 96 1.05, 15 101 3.19, 15 98 3.02, 6 154 0.82, 6 84 0.97, 4 147 1.9, 4 95 2.83, 3 155 2.66, 
Transaction 582:10 55 1.52, 10 39 0.87, 14 101 5.39, 18 145 0.78, 12 178 5.36, 1 191 2.95, 7 102 1.64, 13 125 0.67, 13 55 0.55, 16 142 1.44, 16 71 0.29, 16 59 1.61, 2 308 3.47, 
Transaction 583:14 123 4.46, 12 81 5.97, 1 71 3.41, 1 28 3.56, 7 7 2.33, 7 32 1.53, 13 49 0.71, 15 120 5.28, 15 43 4.57, 8 182 2.19, 6 14 1.35, 6 27 1.35, 4 315 0.31, 4 60 1.02, 4 38 1.63, 4 40 2.49, 16 23 1.21, 9 21 4.1, 9 22 3.12, 2 26 3.44, 2 76 0.1, 5 134 1.72, 
Transaction 584:18 210 1.61, 7 319 3.75, 13 191 1.47, 13 202 1.52, 15 183 2.97, 8 15 4.19, 8 38 4.21, 8 42 3.55, 6 227 2.1, 17 35 4.78, 6 48 2.05, 6 45 0.04, 6 78 1.97, 17 72 7.01, 4 119 3.26, 9 182 1.61, 2 201 5.75, 2 43 8.58, 5 57 2.71, 3 30 0.31, 
Transaction 585:10 48 1.27, 10 35 0.74, 18 159 2, 18 59 0.8, 10 164 2.45, 10 41 1.41, 14 20 1.84, 18 86 0.08, 18 63 0.42, 18 40 1.79, 18 57 1.88, 18 41 0.68, 15 142 2.4, 15 28 2.28, 15 19 0.47, 15 28 1.24, 8 42 1.44, 17 78 1.3, 17 22 1.55, 17 25 0.82, 9 268 5.54, 9 60 6.13, 2 106 1.14, 3 128 5.86, 
Transaction 586:10 45 1.4, 10 56 1.7, 10 68 1.12, 12 103 1.62, 12 25 0.44, 12 46 1.94, 12 179 1.2, 12 73 3.39, 12 44 5.02, 12 92 3.48, 12 45 4.57, 12 33 5.57, 1 72 1.26, 7 9 0.99, 13 91 0.94, 13 43 0.28, 16 141 0.86, 2 255 0.37, 2 199 4.67, 2 577 2.77, 2 114 2.22, 5 242 1.6, 
Transaction 587:10 30 0.48, 12 175 7.79, 12 60 4.85, 12 95 5.02, 1 187 3.7, 7 106 0.17, 13 42 0.59, 15 175 0.18, 10 40 0.51, 18 178 2.42, 14 38 3.28, 14 42 4.56, 18 160 0.51, 1 557 1.1, 13 110 0.12, 15 44 1.24, 8 34 1.48, 8 31 2.23, 8 18 0.89, 6 142 1.71, 6 31 1.92, 6 74 1.75, 16 227 0.9, 16 55 1.22, 16 291 0.45, 5 259 0.9, 5 58 3.4, 
Transaction 588:10 33 1.43, 10 12 0.34, 10 50 0.82, 18 136 1.39, 18 132 1.46, 18 47 2.25, 18 38 1.17, 14 57 5.43, 18 57 0.45, 13 383 0.68, 15 38 3.69, 8 90 1.24, 17 89 0.93, 5 252 2.37, 
Transaction 589:10 39 1.72, 10 35 1.24, 10 62 2.07, 10 63 1.07, 10 39 1.17, 10 31 0.52, 10 34 1.41, 10 30 1.08, 14 37 3.53, 14 67 4.57, 18 183 1.75, 18 43 1.3, 18 56 1, 18 49 1.25, 18 49 1.28, 14 46 1.52, 18 64 1.27, 18 49 0.89, 15 552 2.03, 8 40 1.32, 8 94 2.32, 17 370 2.11, 1 499 0.71, 1 80 1.05, 13 97 1.32, 15 174 3.83, 15 28 1.46, 15 43 0.01, 15 44 3.31, 15 31 4.46, 8 102 0.85, 8 35 0.97, 8 48 1.34, 6 141 1.48, 6 144 1.59, 6 202 1.85, 6 86 2.4, 6 58 0.75, 6 67 1.99, 17 44 0.06, 9 199 5.85, 5 239 1.14, 16 165 0.93, 9 279 6.43, 11 532 0.21, 5 51 1.87, 5 27 1.21, 5 41 3.34, 3 83 3.71, 
Transaction 590:10 89 4.81, 10 103 9.2, 14 59 17.64, 14 75 8.82, 14 42 16.12, 15 122 0.55, 15 9 3.29, 15 19 0.83, 8 28 2.39, 6 31 0.4, 
Transaction 591:10 45 1.11, 10 98 0.62, 14 50 4.36, 14 29 5.54, 18 72 1.6, 12 103 1.27, 12 37 2.49, 1 46 2.85, 13 63 2.37, 15 116 2.78, 8 77 1.86, 6 86 1.16, 17 52 1.95, 17 25 0.36, 2 243 2.95, 2 196 2.16, 2 60 2.62, 5 201 2.17, 5 8 2.14, 
Transaction 592:10 28 0.35, 10 30 0.11, 10 82 1.26, 10 35 1.27, 10 19 1.4, 10 39 1.12, 14 50 3.98, 18 185 1.93, 14 99 4.22, 18 48 0.93, 1 506 0.53, 1 102 2.14, 1 93 4.25, 13 245 2.2, 17 87 0.5, 17 34 2.08, 4 67 1.39, 5 72 1.31, 3 55 3.76, 3 47 3.22, 
Transaction 593:18 190 5.97, 1 150 1.2, 1 80 0.59, 13 99 2.07, 13 60 3.14, 15 27 3.46, 15 55 2.49, 10 49 6.5, 10 44 6.96, 18 75 2.73, 1 130 0.39, 7 27 5.77, 13 66 1.89, 13 7 1.62, 13 85 2.19, 15 74 0.97, 6 88 0.9, 17 51 5.86, 17 24 9.03, 9 238 1.09, 3 219 6.61, 3 46 1, 
Transaction 594:10 26 0.87, 14 28 0.74, 12 223 1.98, 12 66 7.83, 13 229 0.32, 13 67 1.14, 15 52 3.72, 15 141 4.29, 8 25 1.42, 8 21 0.37, 16 652 0.85, 16 123 1.84, 9 375 3.6, 
Transaction 595:18 197 1.43, 1 110 3.36, 1 57 4.52, 1 58 0.31, 1 52 2.64, 1 57 2.86, 16 158 1.25, 11 149 0.54, 3 62 1.82, 
Transaction 596:14 98 3.82, 14 33 1.62, 12 402 7.29, 12 51 2.67, 1 91 0.93, 7 86 1.04, 7 59 1.09, 13 92 1.3, 8 87 1.68, 6 96 0.96, 8 92 0.26, 4 215 1.91, 4 47 1.75, 4 35 2.2, 4 38 3.35, 4 49 1.51, 4 50 2.48, 4 44 2.27, 4 61 1.36, 4 67 1.32, 4 33 0.06, 4 41 1.41, 16 60 0.5, 16 39 0.92, 9 136 6.52, 9 148 3.66, 9 66 3.39, 9 102 8.49, 9 102 2.93, 9 100 7.81, 9 93 3.67, 9 115 10.27, 2 78 3.84, 2 58 3.04, 2 28 2.19, 2 68 2.69, 2 55 4.93, 2 65 4.03, 2 72 4.61, 2 62 4.02, 2 52 1.04, 2 56 4.26, 11 51 1.6, 11 28 1.13, 4 109 2.27, 16 63 2, 9 110 1.27, 9 106 6.68, 2 44 4.19, 2 43 1.01, 
Transaction 597:10 53 4.35, 10 19 9.57, 10 106 7.73, 10 37 6.82, 14 303 11.49, 18 177 5.3, 12 45 4.52, 15 231 2.65, 8 134 4.31, 17 272 1.84, 17 58 7.71, 17 174 4.02, 5 108 5.86, 
Transaction 598:10 38 8.27, 10 88 6.1, 18 159 5.84, 12 96 5.38, 12 88 4.3, 1 96 1.39, 1 86 0.9, 1 107 0.96, 1 215 0.81, 1 46 1.62, 7 156 6.72, 7 31 1.56, 13 85 1.35, 13 45 2.56, 13 54 1.57, 16 76 4.91, 5 215 3.47, 5 42 2.55, 5 30 6.43, 3 173 1.72, 
Transaction 599:10 38 2.07, 18 68 0.23, 18 59 1.48, 18 54 1.36, 18 70 1.3, 18 75 1.48, 18 71 0.8, 1 91 1.22, 13 59 0.82, 15 29 2.99, 8 63 0.51, 6 170 1.36, 17 40 1.28, 5 633 1.49, 
Transaction 600:10 26 0.81, 18 144 0.13, 12 130 3.18, 15 343 4.02, 15 68 2.08, 15 47 2.03, 8 36 1.38, 6 218 1.42, 6 61 1.43, 6 115 1.28, 6 138 0.33, 6 123 1.49, 6 62 0.02, 16 401 1.23, 9 209 0.55, 
Transaction 601:10 41 3.03, 18 92 5.97, 18 70 3.29, 18 55 4.64, 1 263 0.6, 13 331 1.13, 15 27 1.84, 15 41 1.24, 15 28 3.48, 15 37 2.67, 15 16 2.54, 15 27 3.93, 15 33 1.72, 15 40 3.22, 10 25 6.55, 18 250 1.85, 13 239 2.16, 15 26 1.26, 
Transaction 602:14 235 5.94, 14 55 4.84, 14 42 3.51, 14 20 2.38, 14 40 3.12, 12 194 0.36, 12 53 5.56, 12 52 2.61, 12 57 4.31, 12 47 1.98, 1 74 2, 1 62 2.02, 7 28 1.14, 7 144 1.4, 7 33 2.07, 7 46 2.29, 7 37 1, 7 28 2.3, 13 60 1.39, 13 53 2.2, 13 45 1.07, 13 56 0.03, 13 166 0.78, 15 41 2.86, 6 190 1.74, 6 67 0.59, 6 61 1.69, 6 88 1.29, 6 116 1.54, 6 81 1.88, 6 276 1.04, 6 69 1.47, 6 255 1.42, 6 63 1.05, 6 56 1.07, 4 131 2.08, 9 154 5.9, 9 98 4.07, 1 97 2.97, 7 120 1.98, 7 58 2.54, 7 67 1.88, 7 66 1.93, 7 65 1.22, 7 51 1.44, 7 41 2.63, 6 459 2.2, 6 152 1.25, 4 321 2.12, 4 48 2.1, 4 56 1.08, 4 53 1.63, 4 60 1.65, 
Transaction 603:10 39 0.83, 10 43 0.94, 10 31 0.58, 10 20 1.08, 13 52 1.82, 13 35 1.22, 15 138 2.27, 15 38 4.15, 15 23 1.01, 6 151 0.95, 6 42 2.4, 6 24 0.66, 6 25 0.68, 17 63 1.25, 17 27 1.17, 11 455 1.93, 5 29 2.29, 3 79 3.45, 3 40 5.96, 3 35 7.26, 3 26 4.83, 3 43 3.54, 3 43 2.05, 
Transaction 604:10 38 5.42, 10 38 7.41, 10 48 8.51, 18 297 6.56, 18 43 0.79, 5 320 2.73, 3 80 3.65, 3 28 6.1, 3 46 4.46, 3 36 3.96, 
Transaction 605:10 134 2.91, 7 326 3.46, 6 193 2.38, 11 698 3.89, 
Transaction 606:10 45 0.63, 10 34 1.3, 10 55 1.26, 18 260 1.24, 18 202 0.13, 18 46 1.3, 18 45 1.47, 18 25 1.37, 18 49 0.9, 18 49 0.24, 18 40 1.14, 7 611 1.28, 13 45 1.07, 13 107 1.5, 13 54 0.61, 13 47 0.6, 5 775 2.49, 5 23 1.92, 5 28 1.62, 3 73 1.43, 
Transaction 607:10 27 4.67, 18 149 3.66, 12 40 9.2, 12 49 1.45, 1 83 0.8, 7 54 4.58, 15 88 2.4, 8 41 2.23, 8 34 0.07, 8 36 2.49, 8 29 5.47, 8 81 7.62, 8 20 5.02, 8 31 4.58, 8 31 3.77, 8 49 6.51, 8 26 1.43, 5 1184 1.02, 
Transaction 608:10 35 5.33, 10 90 2.49, 14 130 9.62, 14 105 1.22, 12 148 6.08, 1 43 0.52, 7 189 5.8, 15 178 2.38, 8 68 2.71, 8 86 3.6, 8 105 4.18, 6 170 0.39, 16 284 3.22, 2 196 11.84, 2 39 2.27, 9 571 1.1, 2 135 11.93, 2 36 17.59, 11 427 4.51, 5 83 4.44, 
Transaction 609:14 205 1.47, 14 44 0.87, 14 50 5.73, 14 28 4.67, 12 278 0.93, 12 51 0.28, 1 85 2.47, 1 55 2.67, 1 61 0.97, 1 64 1.45, 1 64 0.98, 1 78 2.29, 7 53 2.63, 13 53 0.49, 4 346 1.21, 4 51 1.08, 16 57 1.07, 9 32 6.89, 9 130 5.55, 9 63 3.73, 2 61 4.57, 2 72 4.63, 2 64 3.57, 11 22 1.88, 
Transaction 610:10 41 6.43, 10 58 5.78, 10 39 4.38, 14 27 12.78, 14 26 11.5, 18 102 4.49, 12 176 8.08, 1 33 1.12, 2 432 14.16, 3 168 3.8, 
Transaction 611:14 279 2.73, 7 123 0.01, 4 249 1.76, 4 38 0.16, 4 56 1.17, 4 70 1.72, 16 29 0.06, 16 37 1.22, 16 34 1.66, 9 14 5.44, 2 67 2.52, 2 73 3.39, 2 64 3.91, 2 79 3.36, 11 38 0.61, 
Transaction 612:10 91 8.5, 10 33 2.58, 14 39 6.56, 14 26 5.37, 12 132 3.61, 1 19 1.51, 13 45 1.15, 15 17 1.01, 8 72 1.6, 8 40 2.82, 8 59 5.11, 1 266 0.98, 1 26 1.16, 1 34 0.6, 13 81 1.44, 15 57 0.71, 8 115 4.17, 6 158 0.91, 17 29 5.71, 17 19 8.54, 17 48 1.55, 16 62 1.18, 
Transaction 613:18 276 7.32, 12 32 6.53, 12 43 4.07, 12 50 2.6, 12 42 4.81, 12 27 0.71, 12 23 1.7, 16 133 5.84, 11 211 2.49, 2 208 10.47, 5 223 2.04, 3 131 4.65, 
Transaction 614:10 44 0.69, 14 67 4.41, 18 94 1.43, 18 79 1.17, 1 162 1.26, 1 66 1.79, 18 102 0.72, 18 54 1.39, 18 50 0.9, 18 48 0.52, 1 276 1.61, 1 64 3.43, 15 106 1.22, 15 17 3.03, 15 71 2.22, 15 27 3.6, 15 9 3.9, 8 281 1.84, 8 40 1.44, 6 39 0.09, 6 19 2.02, 4 82 2.23, 9 146 8.52, 9 28 9.33, 9 26 9.76, 2 66 3.31, 5 38 3.57, 3 123 2.75, 
Transaction 615:10 38 0.06, 18 124 1.78, 18 107 1.36, 1 353 0.1, 7 129 1.21, 13 86 1.4, 6 260 1.76, 15 353 0.31, 8 76 1.16, 8 51 1.03, 6 15 1.26, 6 21 1.37, 6 17 1.88, 6 27 2.18, 13 405 1.38, 13 71 0.12, 8 185 1.35, 8 71 0.79, 8 60 1.02, 6 71 1.72, 6 56 0.44, 11 724 0.98, 16 29 1.27, 11 403 1.1, 11 68 1.53, 5 20 0.91, 3 130 2.38, 
Transaction 616:10 44 0.59, 15 29 1.32, 6 137 0.66, 6 88 0.8, 6 40 1.2, 17 25 2.18, 16 306 1.51, 9 53 3.13, 9 173 2.46, 9 44 5.31, 9 279 8.93, 2 269 0.18, 5 174 3.92, 
Transaction 617:10 22 0.89, 18 95 1.46, 18 60 2.14, 13 297 1.27, 13 44 0.86, 13 130 0.46, 13 93 0.59, 13 85 0.71, 15 98 5.81, 6 184 0.81, 17 288 1.75, 17 26 0.5, 17 34 1.78, 17 23 1.77, 17 26 1.26, 17 33 0.15, 17 27 2.41, 17 25 2.41, 17 17 2.22, 4 221 1.05, 1 483 2.76, 7 67 1.31, 13 87 0.9, 15 19 2.06, 15 47 2.57, 15 38 0.36, 15 43 0.02, 15 125 2.93, 6 130 0.72, 17 166 1.46, 17 23 1.5, 17 59 2.67, 17 28 2.01, 5 215 3.23, 3 85 3.04, 
Transaction 618:10 31 4.49, 10 30 8.42, 10 46 10, 10 19 4.01, 14 43 4.07, 18 159 7.86, 18 48 4.38, 18 56 3.61, 7 249 3.73, 7 48 1.84, 15 162 2.6, 8 35 6.85, 17 247 1.76, 5 567 1.7, 3 117 4.61, 3 80 2.82, 
Transaction 619:10 32 0.99, 10 37 0.85, 10 38 0.96, 10 51 1.09, 10 19 1.31, 10 37 0.85, 18 100 1.52, 18 82 1.8, 1 145 0.91, 1 152 2.47, 13 151 0.15, 13 63 1.79, 13 55 1.2, 13 53 0.64, 15 78 1.74, 15 44 5.22, 15 45 2.91, 15 31 3.45, 15 41 2.06, 8 61 1.17, 6 165 1.23, 6 64 2.04, 17 31 1.89, 17 15 1.62, 17 40 0.89, 17 19 2.6, 17 31 0.92, 17 25 1.12, 17 26 1.69, 17 34 1.53, 17 28 2.01, 4 57 2.02, 4 65 1.42, 4 53 1.97, 4 63 3.32, 9 596 3.77, 3 260 4.86, 3 39 5.84, 
Transaction 620:10 56 0.75, 15 19 0.04, 15 24 2.24, 15 19 3.6, 15 8 4.37, 15 39 5.95, 8 327 1.14, 6 61 2.94, 6 45 1.78, 6 36 1.57, 6 30 2.3, 6 32 0.63, 17 27 1.03, 17 27 1.36, 4 112 1.16, 
Transaction 621:7 110 0.02, 13 36 2.43, 13 48 1.49, 6 303 2.13, 9 394 2.36, 
Transaction 622:14 120 5.09, 14 53 5.17, 14 52 5.24, 18 58 7.1, 12 213 5.38, 12 58 2.17, 1 117 1.47, 13 96 2.56, 13 47 1.74, 15 190 1.81, 6 368 2.24, 6 57 0.67, 6 72 0.74, 6 59 1.24, 6 53 2.26, 6 73 1.72, 4 143 0.91, 
Transaction 623:10 37 1.26, 10 38 1.41, 18 116 0.61, 1 137 2.3, 13 621 1.56, 15 50 4.27, 6 140 1.52, 6 62 2.03, 17 23 1.52, 17 37 0.91, 4 103 2.99, 17 794 2.46, 6 149 1.04, 6 265 1.4, 17 22 0.46, 17 33 2.85, 4 116 0.97, 4 113 1.66, 2 275 0.58, 2 89 1.24, 3 197 0.52, 
Transaction 624:10 50 4.61, 10 34 8.83, 10 62 8.46, 10 64 6.04, 10 41 2.74, 10 60 9.68, 10 38 10.31, 10 39 3.39, 10 63 7.88, 10 228 5.08, 10 53 3.81, 18 50 6.37, 18 83 9.19, 18 64 4.81, 9 196 1.8, 9 25 1.56, 9 59 0.85, 9 30 2.65, 2 418 3.88, 2 396 5.22, 3 78 5.95, 
Transaction 625:10 42 1.68, 18 128 1.99, 15 210 2.8, 15 50 2.3, 15 24 2.65, 8 145 1.87, 6 46 1.25, 6 66 1.95, 4 340 2.23, 16 159 0.03, 9 179 7.86, 2 144 4.87, 5 41 1.86, 5 109 2.67, 5 11 2, 
Transaction 626:14 303 4.38, 14 26 2.73, 12 92 2.63, 1 23 0.74, 7 5 1.82, 7 11 1.8, 7 25 0.94, 13 32 1.02, 13 48 0.28, 15 43 1.15, 4 158 1.16, 16 62 1.5, 11 147 0.78, 11 21 1.7, 11 13 1.16, 
Transaction 627:10 51 0.96, 10 73 1.22, 14 24 4.97, 12 108 4.55, 1 41 1.79, 15 179 3.92, 15 29 2.12, 8 211 1.92, 6 29 2.47, 
Transaction 628:12 208 5.81, 1 166 2.64, 1 42 3.41, 1 27 2.98, 1 31 2.89, 1 26 1.31, 13 155 1.44, 15 73 2.29, 14 207 3.47, 14 27 0.93, 14 22 7.01, 14 51 5.06, 18 59 1.19, 18 174 1, 12 195 2.27, 12 46 1.13, 12 45 3.54, 13 97 1.71, 15 23 1.69, 15 20 2.87, 15 34 2.35, 6 76 0.44, 6 19 0.62, 6 48 1.61, 8 54 1.24, 8 120 1.85, 8 34 0.45, 8 50 1.18, 8 59 1.74, 8 56 1.18, 6 78 0.81, 6 76 0.94, 17 24 1.5, 17 33 2.11, 16 118 1.13, 16 40 1.44, 11 307 1.35, 
Transaction 629:8 42 0.16, 8 26 3.64, 8 72 5.86, 6 71 0.36, 6 187 0.61, 6 60 1.51, 6 118 1.41, 17 314 3.22, 17 55 4.52, 17 148 6.75, 16 378 4.46, 17 605 1.96, 15 114 2.92, 15 35 0.48, 15 43 1.93, 10 28 6.04, 10 27 6.47, 10 25 8.39, 10 77 6.77, 10 30 3.84, 10 27 4.72, 14 110 18.81, 14 52 8.57, 14 155 13.3, 18 125 7.37, 12 26 1.66, 1 48 0.23, 1 66 2.63, 1 97 0.92, 1 47 0.28, 7 53 6.43, 15 198 2.37, 15 52 1.81, 15 171 0.41, 10 29 0.43, 10 24 2.37, 12 176 5.99, 1 42 0.78, 1 55 0.3, 1 70 0.79, 1 168 1.02, 15 150 3.86, 8 35 1.34, 8 75 4.38, 6 83 0.58, 17 89 0.91, 17 28 2.24, 16 109 4.69, 
Transaction 630:10 40 1.4, 10 75 1.61, 10 68 1.74, 14 78 3.94, 12 175 3.73, 12 30 5.1, 12 56 7.28, 12 110 3.34, 12 75 5.78, 12 51 2.61, 12 315 2.65, 12 105 0.41, 12 60 4.5, 12 90 3.39, 12 61 3.77, 1 66 4.29, 1 77 3.83, 1 96 3.24, 1 140 3.45, 15 223 4.19, 15 49 1.47, 8 60 1.43, 6 136 1.81, 17 135 0.5, 16 109 0.8, 
Transaction 631:10 51 1.47, 18 192 1.44, 12 91 4.49, 9 512 2.67, 2 150 3.62, 
Transaction 632:12 410 5.89, 12 78 5.26, 12 48 8.04, 12 62 7.67, 12 54 7.53, 1 50 1.18, 1 66 0.61, 7 189 4.91, 13 78 2.58, 15 51 4.69, 6 214 1.07, 6 64 0.9, 4 57 6.79, 4 40 2.36, 
Transaction 633:14 131 14.91, 1 219 2, 1 107 1.62, 13 115 0.94, 7 9 3.2, 13 288 0.61, 13 52 1.89, 15 112 2.52, 8 36 2.19, 6 99 1.16, 6 31 0.86, 3 378 6.27, 
Transaction 634:10 40 1.43, 14 65 4.68, 18 111 1.26, 18 41 0.46, 1 286 1.16, 1 46 2.57, 1 27 3.79, 9 249 6.86, 5 369 1.69, 3 25 4.34, 3 66 0.35, 
Transaction 635:10 24 1.11, 10 39 2.08, 10 22 1.59, 10 27 0.56, 10 43 0.73, 10 26 0.06, 18 261 0.54, 15 461 3.55, 15 36 1.63, 15 30 0.84, 17 351 1.55, 17 27 1.09, 17 27 2.15, 9 456 7.08, 9 154 6.45, 9 90 7.17, 9 105 4.57, 11 550 2.64, 11 128 1.15, 5 117 2.08, 5 32 3.34, 3 128 3.92, 3 43 2.74, 
Transaction 636:10 28 1.9, 10 80 0.91, 14 261 3.58, 7 217 1.09, 15 162 1.46, 15 44 4.25, 8 130 0.57, 6 76 2.04, 6 163 1, 17 159 2.73, 17 30 1.96, 17 33 0.84, 4 91 2.18, 9 141 3.74, 2 475 4.56, 5 329 2.66, 
Transaction 637:10 36 1.37, 14 88 0.73, 14 122 1.25, 14 62 3.08, 14 52 1.61, 14 176 1.99, 12 119 4.57, 15 223 4.58, 8 46 1.05, 8 81 1.11, 17 165 0.92, 4 68 1.35, 16 120 0.97, 2 206 1.65, 11 85 0.82, 
Transaction 638:10 40 1.51, 10 90 0.89, 18 192 1.68, 18 239 1.12, 12 49 6.26, 1 80 4.21, 1 55 3.89, 1 74 2.23, 15 95 3.33, 15 48 3.16, 8 43 1.2, 8 45 2.12, 8 39 0.43, 6 29 0.66, 6 27 2.17, 6 40 3.46, 6 21 0.74, 17 103 0.69, 17 57 0.27, 17 57 2.81, 9 155 2.71, 2 30 1.37, 11 46 1.47, 5 14 3.58, 
Transaction 639:10 94 6.81, 18 123 6.49, 12 30 6.52, 12 20 2.82, 1 18 1.19, 7 53 6.65, 13 81 3.05, 13 55 1.7, 15 107 1.3, 16 317 1.29, 16 46 4.89, 2 259 5.95, 2 332 13.76, 2 206 15.4, 11 16 4.94, 5 42 2.04, 3 80 1.73, 
Transaction 640:10 53 1.11, 10 67 1.26, 10 52 1.89, 10 58 1.61, 10 58 0.52, 10 48 1.37, 10 57 0.98, 10 80 1, 10 78 0.81, 14 40 5.36, 18 58 1.18, 18 59 1.43, 1 131 2.45, 1 67 2.02, 13 42 1.25, 13 45 0.98, 15 23 1.75, 15 28 2.82, 8 44 1.07, 6 141 1.02, 6 11 0.38, 6 28 1.45, 15 85 1.69, 15 28 3.07, 8 23 1.32, 6 128 0.61, 6 17 1.96, 17 50 3.98, 4 305 0.87, 16 121 2.2, 9 117 6.92, 9 73 2.07, 2 71 3.28, 5 38 2.39, 3 48 0.9, 
Transaction 641:10 49 0.61, 10 63 1.2, 14 33 2.13, 14 47 3.38, 12 274 4.06, 1 213 2.75, 1 41 2.1, 7 13 1.28, 7 21 1.4, 7 7 0.71, 13 109 1.2, 15 36 2.44, 15 70 3.77, 15 14 3, 15 31 3.45, 17 66 1.48, 5 144 3.79, 5 6 3.71, 
Transaction 642:14 70 25.17, 18 109 2.19, 18 65 3.09, 14 134 5.06, 14 119 11.19, 18 79 2.97, 1 232 1.73, 7 83 3.49, 13 60 1.24, 13 59 2.23, 13 98 0.57, 13 40 3.31, 7 29 5.24, 13 113 2.35, 15 35 1.02, 15 55 1.45, 6 115 0.89, 6 42 1.61, 17 176 5.36, 15 33 2.19, 8 39 3.44, 8 63 2.14, 6 85 0.96, 6 41 1.42, 6 81 0.9, 6 53 1.75, 6 107 0.76, 17 17 0.93, 17 27 5.8, 17 31 6.79, 17 31 6.8, 16 269 2.54, 16 130 6.46, 5 411 5.28, 
Transaction 643:14 348 14.45, 14 36 6.85, 12 435 7.59, 12 33 3.62, 1 22 0.82, 9 67 0.6, 2 67 4.41, 2 69 14.23, 2 113 9, 
Transaction 644:10 39 7.74, 10 37 5.19, 18 111 4.87, 18 28 2.3, 1 287 0.33, 1 138 1.72, 1 68 1.05, 1 48 0.08, 18 89 4.35, 7 94 6.55, 15 217 3.61, 6 208 1.12, 6 55 1.66, 17 58 1.69, 17 30 4.04, 17 33 8.96, 17 39 5.23, 17 40 3.87, 15 100 2.17, 15 160 1.16, 15 25 2.85, 6 278 0.97, 6 126 1.94, 6 71 1.55, 17 30 9.51, 3 233 3.47, 3 73 1.6, 
Transaction 645:10 93 0.5, 15 15 2.93, 15 22 3.52, 15 33 1.65, 15 14 3.58, 15 12 4.98, 15 31 4.1, 15 37 2.48, 8 138 0.71, 15 71 0.59, 15 31 2.55, 6 150 0.3, 6 30 2.26, 6 18 1.32, 6 31 1.39, 6 30 2.83, 6 102 1, 17 25 1.84, 17 26 0.72, 17 18 1.05, 17 16 0.89, 17 22 2.02, 17 23 1.99, 3 24 4.13, 
Transaction 646:10 80 1.48, 10 109 1.93, 12 342 2.06, 12 67 4.16, 12 26 3.41, 12 47 6.48, 12 36 5.36, 11 227 2.12, 3 185 2.14, 3 42 4.49, 3 86 1.81, 
Transaction 647:10 53 7.27, 13 84 1.45, 15 63 0.73, 8 33 5.04, 8 33 2.37, 6 146 0.37, 4 79 1.99, 2 481 13.61, 2 44 5.24, 2 214 14.1, 11 69 4.13, 5 63 5.45, 5 32 3.26, 
Transaction 648:14 154 2.56, 12 110 5.48, 12 89 1.28, 12 122 6.27, 12 65 4.13, 12 52 5.07, 1 330 3, 7 272 1.14, 15 216 3.67, 8 45 0.82, 6 17 1.92, 
Transaction 649:10 42 1.88, 10 57 1.01, 10 37 1.4, 10 88 0.76, 15 45 0.39, 8 51 1.1, 17 316 2.37, 17 15 0.82, 17 14 1.15, 17 19 2.09, 17 29 2.21, 17 29 1.62, 17 37 0.82, 17 31 0.27, 17 35 2.95, 9 213 8.96, 9 61 5.82, 2 36 2.53, 2 143 2.1, 11 181 1.46, 3 84 2.64, 3 41 1.36, 
Transaction 650:10 49 6.65, 12 167 7.33, 12 49 4.74, 12 31 8.16, 12 99 2.26, 12 83 3.16, 1 44 0.28, 7 5 1.77, 13 71 1.69, 13 71 1.75, 2 334 19.06, 
Transaction 651:10 33 1.18, 10 31 1.49, 10 44 1.01, 10 33 0.05, 10 40 1.15, 10 189 1.28, 14 72 4.73, 18 39 1.3, 18 35 1.67, 13 785 1.32, 13 49 1.21, 13 127 0.8, 13 61 1.1, 13 51 1.99, 13 56 1.83, 15 86 2.7, 15 44 2.83, 15 49 1.72, 15 30 1.35, 15 21 3.13, 15 34 5.12, 15 91 2.43, 6 85 2.26, 8 94 0.31, 6 94 1.76, 6 81 1.51, 6 140 1.01, 17 24 2.29, 17 31 1.6, 4 112 0.32, 4 22 1.99, 4 37 1.84, 16 187 0.28, 2 402 5.29, 2 55 2.51, 5 61 1.79, 5 28 3.9, 3 51 4.99, 3 22 5.76, 3 59 4.23, 
Transaction 652:10 62 1.15, 13 513 1.33, 8 71 1.63, 6 17 1.78, 17 50 1.13, 17 23 1.12, 13 439 1.28, 13 39 1.48, 15 24 1.86, 8 95 1.7, 6 306 1.11, 17 56 2.98, 16 153 1.31, 5 590 2.77, 3 37 3.44, 3 212 5.59, 
Transaction 653:10 35 1.88, 10 35 1.29, 12 317 1.73, 12 102 6.64, 1 173 2.94, 7 155 1.61, 15 232 3.12, 15 52 5.21, 17 99 2.59, 9 407 6.4, 9 193 0.32, 16 533 0.8, 16 49 0.96, 2 245 3.12, 
Transaction 654:18 137 1.31, 18 172 0.67, 1 93 1.09, 13 80 0.59, 6 111 2.03, 17 47 2.25, 4 162 2.02, 5 117 3.49, 5 11 0.75, 5 21 1.2, 3 81 3.63, 3 47 3.16, 
Transaction 655:10 33 1.04, 10 43 0.4, 14 46 3.01, 18 103 1.76, 18 48 0.43, 1 234 2.67, 7 145 1.11, 10 115 1.91, 14 124 3.31, 18 44 0.35, 18 46 1.62, 18 62 0.91, 18 39 0.79, 18 68 1.36, 18 42 2.8, 18 68 0.78, 18 62 1.83, 18 55 1.11, 18 43 1.2, 18 46 1.46, 18 58 0.37, 18 33 2.14, 18 43 0.26, 18 35 1.19, 18 499 1.55, 18 29 0.86, 13 454 0.62, 13 180 0.83, 15 54 2.71, 17 37 0.03, 17 26 2.12, 17 52 1.43, 17 28 1.28, 17 29 1.56, 17 30 0.78, 17 55 1.69, 17 33 1.58, 17 27 1.68, 9 383 6.06, 11 564 0.69, 11 58 1.6, 
Transaction 656:15 135 3.21, 15 76 2.28, 8 148 2.1, 4 211 1.68, 5 333 2.71, 5 67 3.98, 
Transaction 657:10 59 0.6, 10 55 0.79, 10 52 1, 14 17 1.14, 14 26 3.09, 14 85 3.21, 18 230 1.3, 18 195 1.19, 18 39 1.61, 12 49 6.19, 12 52 2.7, 12 125 6.2, 12 33 5.56, 12 48 4.78, 12 49 1.98, 12 30 4.35, 12 84 6.72, 12 90 3.11, 12 45 0.75, 12 28 5.94, 1 39 0.27, 7 56 1.51, 15 80 4.03, 8 39 1.52, 8 28 0.88, 6 46 0.99, 17 100 1.43, 16 177 0.57, 2 118 2.23, 2 66 6, 
Transaction 658:10 35 8.25, 10 40 3.72, 10 99 6.57, 10 57 5.93, 10 48 7.92, 14 33 10.28, 14 27 8.63, 1 277 0.76, 15 106 2.05, 15 37 1.28, 17 75 8.99, 4 178 4.74, 16 206 7.46, 2 186 13.15, 11 24 7.76, 5 52 0.6, 5 11 2.18, 3 90 2.26, 
Transaction 659:10 109 0.73, 10 30 0.17, 14 24 2.46, 18 69 1.09, 12 235 7.27, 12 33 4.31, 12 26 5.96, 12 44 3.66, 1 29 3.17, 13 95 1.33, 13 62 1.25, 15 78 3.01, 15 24 0.09, 17 183 2.76, 17 107 1.16, 4 49 1.77, 5 124 2.7, 5 21 1.99, 3 90 5.11, 5 8 2.85, 
Transaction 660:10 21 0.95, 10 29 5.76, 18 94 6.7, 1 212 1.27, 1 59 0.83, 1 63 1.18, 7 518 6.95, 7 161 5.24, 13 98 2.54, 13 68 1.46, 13 72 1.85, 15 53 1.72, 10 43 7.72, 18 146 5.13, 18 54 7.32, 18 69 4.38, 18 61 4.9, 18 51 3.95, 18 69 7.49, 18 75 6.22, 1 159 1.11, 5 535 5.3, 3 60 4.05, 
Transaction 661:10 32 0.88, 10 70 0.89, 10 28 1.23, 10 47 1.7, 13 95 1.31, 8 74 1.64, 8 34 0.75, 6 105 0.99, 6 46 2.06, 6 52 1.08, 6 53 0.75, 17 33 2.31, 17 19 2.71, 17 22 1.79, 17 22 1.3, 17 20 1.14, 17 26 1.74, 16 261 1.72, 16 220 1.57, 9 232 0.38, 3 400 1.41, 
Transaction 662:10 41 0.31, 10 33 0.99, 10 78 0.92, 10 28 0.43, 10 41 0.95, 10 33 0.3, 10 23 1.54, 10 41 0.33, 18 180 1.04, 18 32 1.79, 18 98 1.46, 11 1086 1.12, 3 248 4.34, 3 26 3.34, 
Transaction 663:10 29 1.03, 14 73 4.28, 18 67 1.13, 1 218 1.41, 15 155 3, 6 215 1.03, 17 48 1.88, 17 24 2.13, 17 19 1.4, 17 25 2.36, 5 379 2.69, 3 38 2.75, 
Transaction 664:10 91 0.65, 12 238 2.12, 12 26 1.8, 12 51 2.7, 1 78 1.48, 7 89 1.12, 13 76 0.76, 8 161 1.42, 8 40 1.2, 8 36 2.34, 6 74 1.25, 4 111 1.38, 16 55 1.9, 2 341 4.02, 2 46 1.51, 11 138 0.44, 5 23 3.42, 5 84 0.97, 5 26 2.83, 
Transaction 665:12 253 7.99, 12 70 6.07, 12 45 1.78, 12 98 0.6, 12 34 7.1, 1 60 1.51, 1 31 0.48, 15 109 2.43, 14 84 2.19, 18 113 5.92, 12 126 6.29, 12 21 5.37, 1 135 1.34, 7 52 6.32, 15 69 0.62, 15 23 0.89, 15 37 1.92, 8 40 2.08, 8 104 5.45, 6 111 2.39, 16 193 5.59, 16 111 4.87, 16 121 1.16, 
Transaction 666:10 27 3.85, 10 29 7.4, 12 222 3.57, 12 44 6.37, 1 79 0.78, 7 155 5.67, 13 96 1, 15 25 1.69, 8 167 3.36, 6 53 1.15, 6 204 2.21, 6 73 0.92, 6 54 1.95, 17 118 7.13, 4 60 0.2, 4 93 2.63, 4 66 2.19, 16 67 3.61, 2 115 7.97, 
Transaction 667:10 66 6.13, 10 52 0.45, 10 77 3.9, 10 52 7.16, 10 48 4.1, 10 26 3.1, 18 254 2.21, 12 154 3.88, 1 39 1.46, 7 23 5.77, 7 9 2.66, 15 154 2.11, 8 32 4.78, 8 21 3.65, 8 70 3.24, 6 74 1.49, 6 37 2.43, 8 49 3.88, 8 36 5.02, 8 75 4.16, 6 25 1.67, 2 585 5.49, 2 64 0.15, 2 147 6.69, 2 46 2.84, 2 331 15.23, 11 79 8.16, 5 36 2.78, 3 60 5.06, 
Transaction 668:15 726 4.56, 4 331 0.02, 4 58 2.87, 4 50 1.3, 16 33 0.81, 9 34 7.85, 9 40 8.79, 1 33 1.92, 1 20 2.86, 1 24 0.48, 7 14 1.75, 13 50 0.28, 4 223 1.53, 16 45 1.28, 9 108 4.18, 2 92 3.49, 11 25 0.99, 
Transaction 669:10 42 1.97, 10 26 1.09, 10 55 1.2, 15 10 2.94, 17 32 0.19, 17 26 1.51, 17 30 2.48, 17 47 2.13, 17 36 0.63, 15 26 2.85, 15 46 3.05, 8 210 1.58, 6 162 2.46, 6 34 1.63, 17 28 2.15, 9 132 3.18, 3 306 0.68, 
Transaction 670:10 33 1.07, 8 92 0.75, 8 70 1.29, 6 41 0.51, 6 23 1.78, 4 224 1.13, 16 76 0.92, 2 190 2.89, 5 56 1.99, 5 10 5.38, 4 369 0.65, 16 44 0.22, 7 34 1.96, 7 12 2.73, 13 50 0.38, 13 45 1.29, 15 19 4.24, 15 26 2.17, 10 170 1.22, 10 58 1.32, 18 336 0.93, 12 49 3.24, 12 37 6.9, 1 122 2.71, 1 63 2.6, 7 16 2.27, 13 53 0.57, 13 58 1.53, 13 33 1.21, 15 13 3.53, 15 24 4.52, 8 71 1.6, 6 18 1.04, 6 35 1.51, 6 21 2.07, 6 52 0.69, 6 43 1.79, 6 29 0.29, 6 53 1.76, 6 42 0.76, 6 21 1.19, 6 53 2.66, 9 373 6.53, 9 18 6.11, 9 20 1.5, 2 178 0.87, 2 82 3.53, 11 22 1.52, 5 30 1.27, 5 15 2.43, 
Transaction 671:10 38 1.03, 10 102 0.88, 10 54 0.68, 10 41 0.44, 10 47 1.64, 18 292 0.96, 12 32 1, 1 39 2.2, 1 27 0.24, 13 235 0.64, 13 58 0.78, 15 112 3.18, 8 65 1.71, 8 43 2.65, 14 171 1, 18 58 1.11, 12 94 2.69, 1 46 0.58, 1 28 1.69, 7 11 1.31, 7 16 0.74, 7 22 1.79, 13 26 1.96, 15 104 1.6, 15 36 0.96, 15 43 1.52, 15 46 3.12, 15 26 1.37, 15 17 1.32, 8 55 1.06, 8 91 1.52, 6 20 0.6, 4 161 1.52, 
Transaction 672:14 59 2.48, 12 95 4.4, 12 42 3.01, 1 137 1.91, 1 81 3.66, 1 60 1.09, 7 53 1.15, 7 45 0.96, 7 32 2.56, 13 60 1.48, 13 52 0.35, 13 212 1.27, 6 243 1.34, 6 61 0.07, 4 56 0.39, 4 40 1.83, 16 44 0.04, 16 103 0.5, 9 207 10.96, 9 77 8.99, 9 109 7.3, 9 86 6.71, 9 76 7.62, 9 132 4.54, 9 75 7.05, 9 144 11.33, 2 66 2.1, 2 55 2.91, 
Transaction 673:10 26 0.1, 10 42 1.48, 15 20 5.32, 8 212 1.9, 8 386 1.85, 8 44 0.88, 6 28 1.42, 17 20 1.69, 4 50 0.72, 16 20 1.19, 5 222 3.4, 3 34 2.21, 
Transaction 674:10 35 2.12, 10 33 0.8, 10 84 0.96, 18 267 0.77, 18 68 1.54, 1 213 2.29, 18 352 0.66, 12 177 3.42, 12 64 0.05, 1 75 1.07, 7 148 2.6, 13 26 1.12, 13 58 1.61, 15 35 5.1, 15 41 2.28, 8 54 0.97, 8 35 0.61, 8 48 2.01, 8 35 0.55, 6 56 1.72, 16 232 1.88, 16 145 1.28, 9 97 4.03, 9 201 4.28, 2 247 0.98, 5 216 3.39, 2 852 5.45, 11 64 1.28, 11 24 1.26, 11 25 0.34, 
Transaction 675:12 625 8.15, 12 38 5.91, 1 18 1.21, 7 16 8.63, 
Transaction 676:10 54 0.71, 18 72 2.18, 12 42 1.44, 1 43 2.89, 7 100 0.68, 13 65 0.66, 15 15 2.27, 6 181 0.89, 17 23 1.52, 17 36 2.31, 17 18 1.2, 17 19 1.75, 17 30 3.09, 17 27 1.79, 4 122 0.9, 16 106 1, 16 50 0.36, 9 54 4.75, 3 225 4.47, 3 36 2.43, 
Transaction 677:10 38 8.23, 18 147 2.23, 18 56 6.76, 18 51 3.36, 18 64 5.92, 7 184 4.29, 13 57 1.46, 14 43 13.35, 18 63 3.56, 15 362 0.45, 15 38 2.73, 6 233 1.78, 17 21 3.93, 17 25 5.69, 17 32 3.46, 17 22 9.94, 17 33 9.86, 17 43 6.15, 9 223 1.2, 5 293 2.33, 
Transaction 678:10 33 3.34, 10 28 2.33, 18 156 6.55, 12 241 3.87, 1 100 0.93, 13 77 0.02, 2 439 9.9, 5 160 2.73, 5 58 6.92, 5 52 4.25, 5 142 3.88, 
Transaction 679:10 38 8.11, 10 37 1.1, 10 14 10.82, 18 111 1.81, 13 190 1.28, 15 47 2.55, 6 178 0.91, 17 25 4.91, 9 510 1.69, 9 553 2.02, 9 114 1.88, 9 87 1.95, 11 220 9.74, 11 45 7.82, 4 102 3.99, 16 64 5.25, 13 126 2.77, 15 48 3, 15 38 2.66, 15 60 2.37, 15 33 4.09, 15 47 1.54, 15 114 1.74, 15 39 3.36, 15 26 1.2, 15 59 1.57, 15 67 0.46, 15 76 4.82, 15 90 2.45, 15 41 2.02, 6 121 2.88, 17 27 5.7, 17 43 8.12, 2 514 5.02, 3 249 4.97, 3 33 2.81, 3 23 2.99, 
Transaction 680:10 37 0.64, 12 190 0.19, 12 50 1.57, 1 82 3.02, 13 111 1.14, 13 94 1.57, 15 29 5.18, 15 159 3.97, 15 103 0.5, 8 49 0.38, 8 28 1.39, 6 100 1.44, 3 315 4.1, 
Transaction 681:10 43 5.57, 18 338 9.94, 12 68 5.96, 1 41 1.13, 7 57 3.75, 13 208 1.1, 13 45 0.96, 13 46 2.56, 16 172 7.16, 16 53 0.14, 2 176 11.28, 2 175 5.61, 
Transaction 682:10 36 0.88, 14 39 2.05, 18 95 0.07, 18 36 1.77, 1 366 2.43, 13 163 0.97, 15 25 3.47, 17 248 1.23, 17 35 2.42, 3 44 1.91, 3 52 1.41, 3 37 4.81, 3 48 1.84, 3 26 3.61, 3 45 2.82, 3 52 2.83, 
Transaction 683:10 50 2.61, 10 164 4.89, 14 36 7.45, 14 133 9.81, 18 100 7.27, 18 94 5.24, 12 43 7.35, 1 21 0.68, 1 60 0.72, 1 26 1.85, 15 201 0.72, 15 28 3.09, 2 325 6.9, 2 66 6.27, 2 251 3.01, 2 308 5.41, 2 82 6.97, 5 67 0.42, 
Transaction 684:10 34 1.35, 18 66 1.89, 18 55 1.73, 18 70 1.51, 18 45 1.16, 18 58 1.65, 18 71 1.87, 18 52 1.41, 18 34 1.73, 18 30 1.32, 1 82 1.8, 13 67 0.71, 13 46 1.18, 13 26 0.46, 15 68 4.5, 17 28 0.56, 17 32 1.37, 17 36 2.15, 17 12 1.07, 15 21 0.58, 15 43 1.46, 15 34 0.89, 15 45 2.42, 6 119 1.4, 
Transaction 685:10 38 3.98, 10 32 5.56, 10 51 7.56, 18 103 9.6, 18 30 7.46, 1 148 0.5, 13 68 2.19, 13 45 0.93, 15 45 0.55, 15 19 3.19, 8 66 5.46, 8 266 4.43, 6 67 0.57, 6 40 2.19, 6 25 0.48, 6 17 1.19, 17 42 7.6, 4 144 4.93, 9 80 1.29, 9 117 1.22, 2 157 5.62, 11 65 5.26, 3 199 7.19, 3 41 1.91, 3 44 4.67, 3 101 5.27, 
Transaction 686:14 166 13.31, 18 82 3.41, 13 75 2.12, 13 41 3.08, 15 30 3.04, 15 35 3.47, 15 26 3.89, 8 47 3.48, 8 92 2.42, 8 101 1.92, 8 167 4.31, 6 17 1.3, 17 28 4.34, 17 28 6.5, 17 27 8.82, 4 81 1.66, 4 105 1, 5 22 3.84, 3 69 3.12, 3 126 3.45, 3 39 3.27, 
Transaction 687:10 36 6.2, 10 38 2.73, 18 103 2.21, 1 308 0.42, 1 183 0.9, 13 224 0.04, 15 52 4.07, 17 33 2.03, 17 22 2.32, 17 25 10.29, 17 29 3.99, 4 70 1.09, 4 123 2.8, 3 527 5.36, 
Transaction 688:10 22 1.34, 10 25 1.74, 12 203 3.89, 12 112 2.74, 12 33 1.91, 12 46 4.16, 7 86 1.58, 7 195 0.69, 13 73 0.15, 15 62 0.68, 8 135 0.93, 8 33 1.15, 6 210 0.67, 1 1060 1.84, 1 85 2.54, 1 86 3.48, 1 163 2.49, 1 51 1.61, 7 82 0.43, 13 92 1.26, 15 20 6.74, 15 102 2.56, 15 39 3.25, 6 166 0.46, 6 48 1.29, 17 61 3.5, 17 56 1.87, 6 432 3, 6 64 2.29, 17 60 2.39, 4 158 2.95, 16 121 1.66, 2 605 1.98, 5 104 2.79, 5 77 4.03, 5 29 3.25, 
Transaction 689:10 42 0.14, 10 63 0.57, 10 49 1.13, 14 54 3.97, 18 132 1.01, 18 76 1.04, 12 32 2.79, 12 73 2.9, 12 36 2.27, 12 48 4.18, 12 27 7.78, 12 40 4.89, 12 159 0.1, 12 66 8.1, 1 32 1.9, 12 348 7.35, 12 53 5.31, 1 70 1.3, 7 12 0.47, 13 85 0.77, 15 25 4.25, 6 225 1.21, 17 141 0.3, 17 40 0.36, 4 129 1.79, 16 111 0.28, 9 25 7.75, 2 817 2.49, 2 126 2.4, 11 209 1.93, 5 77 2.45, 11 47 1.25, 
Transaction 690:10 101 1.2, 14 24 4.5, 14 84 0.61, 13 32 0.12, 13 53 0.44, 15 230 3.32, 8 77 1.4, 6 132 1.71, 6 78 1.02, 6 97 1.74, 6 59 1.65, 17 159 1.02, 17 172 3.04, 15 125 4.84, 8 18 1.26, 8 43 1.8, 8 30 0.45, 8 27 2.24, 8 45 1.86, 8 37 0.75, 6 142 1.32, 17 25 1.46, 4 122 2.41, 16 70 0.45, 16 58 1.51, 2 898 2.13, 2 144 3.11, 2 61 1.58, 2 101 4.66, 2 159 4.92, 
Transaction 691:10 27 1.16, 14 55 3.77, 18 49 1.39, 18 33 0.99, 18 44 1.06, 18 42 1.68, 13 429 1.48, 15 43 2.73, 15 39 2.74, 6 160 1.97, 17 23 1.94, 17 26 1.73, 16 179 0.79, 9 117 7.23, 2 351 2.47, 2 180 3, 5 126 3.04, 3 99 0.49, 3 78 2.63, 
Transaction 692:10 32 0.7, 14 8 4.38, 18 67 1.3, 13 184 1.6, 15 168 1.51, 15 73 3.51, 8 62 1.14, 8 30 1.57, 6 61 1.11, 6 163 1.4, 9 670 5.54, 2 350 3.66, 2 107 2.76, 11 11 1.33, 3 136 1.44, 
Transaction 693:10 36 5.85, 10 43 4.28, 10 46 6.65, 18 81 2.72, 18 53 5.1, 18 69 1.84, 18 35 0.86, 18 33 5.37, 18 60 4.18, 18 66 8.98, 18 63 0.4, 13 225 1.45, 15 89 2.01, 17 29 2.61, 9 266 2.1, 9 29 1.67, 11 233 8.39, 2 358 9.55, 5 114 4.73, 3 48 6.61, 3 38 3.59, 
Transaction 694:14 133 4.41, 14 57 4.1, 14 51 3.32, 18 45 0.46, 12 249 4.2, 1 91 2.06, 7 74 1.61, 13 30 1.26, 13 59 0.91, 13 84 1.46, 15 156 1.77, 4 223 0.51, 4 56 2.07, 4 31 0.16, 4 34 0.97, 16 72 1.81, 16 37 0.78, 16 38 0.67, 16 54 1.2, 16 48 0.09, 16 59 0.99, 9 69 7.53, 2 46 2.2, 2 29 2.47, 2 64 3.15, 11 47 1.1, 5 59 3.38, 11 84 1.86, 4 298 0.3, 16 49 0.87, 16 194 1.31, 16 56 1.04, 16 58 1.22, 9 67 5.88, 9 225 4.9, 9 177 7.84, 9 119 5.94, 9 75 1.65, 2 29 2.99, 11 19 2.41, 11 17 1.05, 11 23 1.23, 11 7 0.98, 11 32 0.77, 
Transaction 695:10 70 8.16, 10 38 4.84, 14 95 4.8, 18 144 7.04, 12 17 8.47, 1 63 0.75, 7 41 8.08, 13 103 2.57, 15 126 2.1, 8 89 4.88, 8 48 2.46, 17 61 8.56, 15 57 2.23, 10 104 6.61, 10 34 6.25, 14 29 2.7, 14 31 9.17, 18 129 3.48, 18 217 2.58, 12 60 3.28, 1 82 0.93, 1 39 1.49, 1 30 1.41, 1 33 1.49, 1 44 1.75, 1 28 0.97, 1 10 1.49, 1 25 0.68, 1 32 0.95, 1 37 1.47, 1 61 0.96, 13 62 1.05, 13 42 1.45, 15 14 2.83, 8 41 5.05, 15 148 2.84, 15 60 1.08, 15 16 2.69, 15 23 2.98, 15 22 3.39, 15 17 1.96, 8 63 3.72, 6 28 1.74, 2 653 11.16, 11 164 7.24, 5 86 2.27, 
Transaction 696:10 44 5.26, 10 60 3.52, 14 29 7.38, 18 105 5.03, 12 168 4.82, 13 218 1.25, 15 86 0.69, 15 48 0.94, 15 52 1, 15 27 1.29, 8 198 2.85, 15 78 2.14, 8 123 0.5, 8 78 4.99, 8 108 1.42, 8 44 0.67, 6 340 1.15, 2 637 2.86, 2 112 5.96, 11 52 3.13, 5 15 4.03, 
Transaction 697:10 29 1.57, 10 33 1.42, 10 79 0.83, 10 184 1.13, 12 323 3.42, 1 76 2.38, 15 93 5.24, 15 23 4.19, 6 85 1.51, 17 22 2.14, 17 62 1.87, 4 166 0.94, 2 161 4.28, 2 61 0.35, 2 45 5.48, 2 38 0.93, 5 81 2.6, 
Transaction 698:10 28 1.96, 10 35 1.08, 10 22 0.63, 10 66 0.93, 10 37 1.2, 14 89 3.72, 18 179 1.04, 12 121 5.03, 12 25 5.26, 12 68 7.08, 12 61 0.71, 1 172 2.42, 8 228 1.49, 8 109 0, 6 63 1.75, 6 57 1.91, 17 243 1.98, 13 181 1.03, 17 69 0.11, 
Transaction 699:10 114 3.36, 10 45 6.52, 14 21 12.22, 18 304 6.21, 7 81 2.54, 7 13 2.71, 7 7 4.85, 15 46 2.25, 15 19 0.87, 8 123 4.21, 6 21 0.96, 6 75 1.25, 17 44 9.34, 16 176 4.95, 16 487 5.89, 9 395 2.5, 2 281 6.28, 2 187 0.8, 2 36 5.89, 5 180 4.23, 
Transaction 700:10 47 1.3, 10 42 0.58, 10 38 1.34, 18 101 1.23, 18 67 1.61, 18 80 0.87, 18 40 1.39, 18 54 1.07, 18 45 0.26, 18 31 1.47, 1 314 2.66, 1 78 2.45, 15 292 1.87, 6 226 0.94, 17 38 1.31, 13 387 0.87, 13 33 1.53, 17 222 1.74, 4 41 0.96, 16 188 0.79, 9 300 4.57, 9 85 8.77, 9 133 2.37, 9 310 4.27, 5 257 2.43, 3 61 5.1, 3 19 2.74, 3 19 5.03, 
Transaction 701:10 82 3.09, 18 76 3.78, 9 85 1.28, 5 226 2.64, 
Transaction 702:10 142 1.05, 10 86 1.86, 12 237 5.54, 15 147 3.4, 6 173 1.76, 6 27 0.92, 6 40 0.86, 6 21 0.86, 17 66 1.04, 17 86 1.99, 4 73 0.74, 
Transaction 703:13 203 1.98, 15 19 2.29, 8 51 1.85, 8 49 1.6, 8 63 0.64, 8 59 3.29, 8 45 3.89, 6 26 1.77, 6 30 1.36, 13 350 1.87, 8 136 0.38, 6 87 1.33, 17 87 8.9, 
Transaction 704:10 69 0.9, 14 96 1.73, 18 44 1.26, 18 41 1.39, 12 72 6.52, 12 47 0.5, 13 306 1.36, 15 106 5.29, 15 36 3.45, 17 19 2.16, 17 65 2.16, 17 55 1.63, 2 743 2.05, 2 54 3.94, 11 77 1.47, 
Transaction 705:10 26 0.46, 18 142 1.45, 7 30 0.95, 9 249 8.76, 5 534 4.14, 5 57 2.06, 3 63 1.11, 
Transaction 706:14 171 3.42, 18 65 1.2, 18 51 0.31, 18 87 2.41, 18 58 0.21, 1 173 3.64, 2 117 1.67, 5 170 2.08, 5 9 2.86, 
Transaction 707:10 457 1.81, 10 48 0.45, 14 30 7.27, 14 33 4.39, 14 20 0.17, 13 233 0.54, 13 40 1.65, 13 39 0.51, 13 105 0.63, 15 21 3.07, 8 51 0.61, 6 59 1.39, 6 21 2.42, 6 21 2.66, 4 155 1.27, 4 53 1.16, 16 41 0.22, 16 49 0.38, 16 27 1.49, 16 51 1.25, 16 36 1.25, 16 28 0.44, 16 40 0.58, 16 29 0.92, 16 48 0.94, 16 42 0.93, 16 20 0.96, 16 29 0.49, 16 52 1.12, 16 45 1.28, 16 99 0.82, 9 24 9.94, 9 16 6.79, 9 38 9.8, 9 30 2.14, 9 32 4.51, 9 25 9.67, 2 69 2.6, 2 60 2.53, 
Transaction 708:10 33 1.06, 18 125 1.97, 18 59 2.01, 18 83 0.74, 1 38 1.35, 13 137 0.54, 16 232 1.36, 13 204 1.74, 6 127 1.97, 6 43 1.34, 6 22 1.03, 17 33 1.07, 17 24 2.06, 3 19 4.31, 3 27 2.36, 3 26 2.59, 
Transaction 709:10 26 0.86, 18 89 1.38, 12 65 3.2, 1 127 0.91, 7 34 1.83, 13 79 0.69, 15 72 2.97, 15 62 2.81, 15 38 2.03, 8 92 1.75, 8 42 2.17, 6 97 1.22, 6 286 1.58, 4 84 2.5, 16 226 1.02, 16 128 0.59, 16 35 1.28, 11 342 1.09, 11 21 1.28, 11 17 1.2, 5 38 2.45, 5 90 3.34, 
Transaction 710:10 36 1.53, 10 49 1.69, 10 60 1.45, 14 27 3.23, 12 141 4.76, 1 35 1.1, 1 40 2.36, 1 63 2.1, 7 14 2.47, 7 15 1.72, 13 80 1.01, 15 100 3.05, 15 20 3.74, 15 72 3.66, 4 204 2.33, 16 273 1.18, 2 175 3.45, 2 76 4.12, 2 146 1.77, 2 65 5.52, 11 16 0.59, 3 220 3.54, 3 37 2.14, 
Transaction 711:10 30 1.47, 18 255 1.05, 15 314 1.28, 10 131 1.97, 18 286 0.17, 12 107 2.43, 12 37 6.94, 12 99 4.62, 12 60 6.56, 12 47 2.42, 1 57 1.84, 13 193 0.9, 13 57 0.94, 8 164 1.72, 8 26 1.12, 8 20 1.66, 8 38 0.8, 17 76 2.16, 11 936 0.86, 11 74 0.72, 3 103 5.45, 3 119 4.22, 
Transaction 712:10 50 0.5, 18 114 0.12, 18 48 1.54, 18 54 0.13, 18 56 0.88, 18 66 1.19, 18 70 0.78, 12 30 2.47, 1 34 0.94, 1 35 0.5, 1 58 4.17, 15 110 1.4, 15 28 1.81, 6 195 0.77, 17 27 1, 3 76 4.39, 
Transaction 713:10 46 0.86, 10 66 0.69, 10 43 1.41, 18 152 1.05, 13 142 1.19, 15 38 1.42, 8 46 1.13, 8 39 1.55, 8 65 0.51, 8 76 2.37, 6 64 1.11, 6 22 1.33, 16 114 0.47, 9 52 6.59, 11 226 1.16, 3 54 5.4, 
Transaction 714:10 30 4.73, 10 91 5.48, 18 412 5.39, 18 58 0.57, 12 53 3.42, 12 91 6.48, 1 74 1.39, 7 75 2.16, 13 84 2.36, 15 49 0.94, 15 45 4.25, 8 47 4.76, 8 29 3.43, 8 24 10.36, 6 58 0.74, 7 401 3.25, 13 134 1.9, 13 180 1.6, 15 42 1.25, 15 47 2.38, 15 39 2.33, 15 52 4.56, 15 92 0.35, 8 60 5.65, 6 108 1.3, 17 26 4.82, 4 48 6.42, 9 522 1.49, 2 61 5.74, 2 40 6.7, 2 54 8.47, 2 142 0.14, 2 53 13.64, 2 44 5.42, 5 46 5.58, 5 39 3.18, 3 295 5.48, 
Transaction 715:15 113 2.69, 15 296 1.54, 8 127 0.97, 6 99 1.28, 17 113 1.12, 
Transaction 716:10 266 0.98, 14 24 3.83, 12 492 7.72, 12 34 5.91, 1 29 1.14, 7 7 0.59, 13 75 1.56, 6 213 2.02, 4 62 1.36, 4 53 2.01, 4 67 1.37, 16 34 1.4, 9 16 8.32, 2 76 4.16, 
Transaction 717:10 33 1.15, 10 50 0.05, 18 232 0.97, 18 51 1.59, 18 30 1.18, 1 109 3.22, 9 22 6.92, 3 374 6.57, 3 44 5.72, 
Transaction 718:10 29 1.73, 14 31 6.9, 12 238 0.82, 1 79 3.74, 1 89 2.13, 7 44 1.55, 7 36 1.86, 5 380 1.41, 3 40 3.01, 
Transaction 719:10 19 1.39, 10 39 4.25, 10 23 5.8, 14 50 2.72, 18 227 6.22, 18 50 8.78, 13 311 1.73, 13 59 1.35, 15 113 1.54, 15 31 2.81, 17 95 1.92, 5 588 4.99, 5 111 2.77, 3 155 1.46, 3 29 1.68, 
Transaction 720:10 23 0.09, 14 24 4.91, 18 122 0.42, 18 84 0.97, 18 59 1.01, 7 24 1.87, 13 63 1, 15 82 0.71, 15 16 3.87, 15 17 3.72, 15 34 1.47, 6 74 1.39, 17 19 2.25, 17 29 0.43, 17 20 1.38, 17 26 1.1, 17 41 1.33, 17 25 0.13, 17 22 0.16, 5 169 0.61, 3 56 3, 3 108 1.67, 
Transaction 721:10 37 2.71, 10 90 6.44, 12 386 7.09, 1 49 0.81, 13 74 0.67, 15 14 0.46, 6 108 1.49, 6 20 0.83, 16 233 3.9, 9 49 1.02, 2 172 5.57, 5 243 3.25, 
Transaction 722:14 92 2.18, 14 58 5.11, 12 157 3.95, 12 54 3.08, 12 47 4.87, 12 35 4.84, 1 59 1.17, 1 31 1.72, 4 195 0.38, 4 34 0.84, 16 61 0.59, 9 114 9.66, 9 92 0.48, 2 85 2.61, 2 62 3.76, 
Transaction 723:10 72 1.3, 15 92 2.68, 15 54 3.2, 15 41 2.28, 15 42 0.55, 8 41 1.5, 17 210 1.68, 5 104 2.42, 
Transaction 724:10 33 1.18, 12 155 5.04, 12 33 6.83, 12 161 7.84, 1 72 4.19, 1 88 3.29, 15 279 2.3, 6 129 2.37, 
Transaction 725:10 19 1.43, 18 101 1.82, 18 40 0.57, 18 54 1.72, 18 70 1.31, 18 58 1.62, 1 113 2.08, 13 170 0.05, 15 93 2.51, 15 125 4.74, 15 26 3.97, 15 59 2.51, 15 36 2.27, 15 34 2.91, 6 76 1.28, 17 25 1.58, 17 33 3.06, 17 45 2.4, 17 45 1.85, 17 73 1.54, 17 24 1.01, 3 19 5.42, 3 31 3.66, 
Transaction 726:10 46 1.08, 18 91 1.11, 12 146 6.56, 12 27 5.04, 18 185 1.34, 18 39 1.24, 12 108 5.12, 1 29 0.72, 1 29 1.96, 13 113 0.48, 13 26 1.51, 15 32 2.31, 8 194 1.52, 6 24 1.19, 17 50 2.79, 16 346 0.37, 2 114 3.83, 11 86 1.35, 11 27 0.7, 
Transaction 727:10 22 0.19, 14 75 3.15, 18 195 2.17, 1 129 1.98, 1 99 2.24, 1 55 2.62, 7 69 1.86, 13 119 1.3, 15 133 3.72, 15 49 1.58, 15 46 4.13, 15 48 2.58, 8 39 1.69, 8 35 0.7, 8 42 1.37, 6 67 1.84, 17 57 1.97, 17 36 2.7, 6 64 0.9, 6 106 1.66, 6 44 0.91, 6 47 0.2, 6 60 1.85, 6 56 1.89, 6 111 1.92, 16 123 0.35, 1 380 2.04, 18 70 1.43, 18 56 1.56, 18 134 1.2, 12 43 5.54, 1 76 2.01, 1 35 2.47, 1 141 1.47, 15 355 2.88, 8 77 2.62, 8 43 0.15, 17 155 1.79, 
Transaction 728:10 82 1.97, 1 367 1.68, 15 75 3.44, 15 25 2.62, 6 123 1.52, 6 45 1.21, 6 25 2.22, 6 30 1.14, 6 57 1.19, 8 100 0.38, 6 49 1.03, 17 115 1.92, 4 66 1.85, 16 112 0.22, 9 125 5.46, 9 16 2.79, 9 27 6.91, 2 116 3.33, 9 84 1.08, 5 240 2.18, 5 31 1.81, 
Transaction 729:10 38 0.55, 10 34 0.72, 10 162 0.77, 14 75 1.59, 18 36 2.17, 18 163 2.06, 1 145 1.15, 13 81 0.61, 13 31 1.11, 13 64 0.68, 13 82 0.82, 13 35 0.77, 13 58 0.53, 13 134 1.27, 13 85 0.62, 3 135 0.62, 
Transaction 730:10 29 5.87, 10 23 5.31, 18 92 5.58, 18 40 3.95, 18 47 1.18, 18 56 5.44, 18 42 7.29, 18 43 5.04, 18 55 1.54, 18 59 1.59, 1 195 0.96, 13 308 0.61, 13 147 0.99, 15 44 3.94, 15 60 2.32, 6 138 0.74, 6 118 1.09, 17 32 8.19, 3 233 6.76, 3 30 4.27, 3 89 2.54, 3 71 8.21, 3 30 1.45, 3 45 5.73, 3 37 2.84, 
Transaction 731:10 12 1.11, 10 38 1.65, 10 19 0.36, 10 29 0.62, 18 73 1.91, 18 53 1.51, 1 538 1.56, 13 155 1.25, 13 267 1.08, 15 34 2.06, 15 35 1.38, 6 167 1.23, 17 17 2.63, 5 605 3.29, 5 34 2.9, 3 42 4.45, 3 100 4.14, 3 48 0.3, 
Transaction 732:6 266 2.02, 6 21 2.46, 6 23 1.14, 6 54 3.57, 6 56 0.41, 17 31 0.75, 4 42 0.86, 9 236 7.8, 9 27 5, 5 201 1.85, 
Transaction 733:10 30 5.84, 12 620 6.12, 12 47 5.41, 1 49 0.85, 7 45 1.99, 14 181 6.07, 14 31 4.19, 18 186 5.8, 12 97 4.29, 1 203 2, 7 139 4.19, 7 34 5.57, 15 67 1.22, 8 67 9.62, 6 69 1.33, 17 34 4.37, 17 33 7.85, 2 469 7.88, 2 104 8.99, 11 24 6.53, 5 74 3.99, 3 95 0.51, 
Transaction 734:10 43 0.49, 18 98 1.01, 1 59 1.67, 7 51 1.23, 13 113 0.97, 15 103 2.32, 15 18 3.03, 15 29 2.46, 15 29 2.06, 17 31 1.54, 17 15 1.67, 5 253 0.12, 3 46 6.5, 
Transaction 735:10 37 2.84, 18 114 8.35, 12 134 3.74, 12 53 4.78, 12 55 5.41, 12 99 9.56, 12 66 3.18, 1 160 0.13, 1 94 1.55, 1 27 1.31, 13 138 3.07, 13 60 1.13, 13 169 1.34, 13 96 1.69, 13 49 0.7, 13 39 1.38, 15 45 3.89, 8 89 5.63, 8 90 4.67, 6 38 0.93, 6 93 1.9, 6 203 0.36, 17 29 3.46, 16 196 3.51, 7 93 5.3, 15 131 2.46, 15 55 3.2, 15 48 1.72, 7 179 0.34, 13 30 2.56, 13 49 2.48, 15 97 3.37, 8 21 1.17, 8 18 4.27, 17 123 9.33, 3 60 5.22, 3 126 6.01, 
Transaction 736:10 132 0.57, 18 135 1.54, 12 31 5, 1 90 1.97, 7 43 0.11, 7 40 1.75, 13 41 1.57, 8 261 1.11, 6 70 1.74, 4 196 2.07, 16 49 0.67, 16 57 1.16, 16 43 0.23, 16 50 1.54, 16 20 1.41, 9 82 5.78, 2 41 6.52, 11 13 0.8, 11 46 1.4, 
Transaction 737:10 141 1.09, 14 107 1.61, 14 27 2.47, 12 215 4.43, 12 35 4.09, 12 45 3.43, 1 118 1.34, 9 16 5.71, 2 68 3.22, 2 85 2.96, 
Transaction 738:14 214 24.67, 14 44 6.71, 14 178 9.88, 14 61 4.98, 14 58 8.67, 14 48 8.7, 14 53 8.21, 12 86 3.47, 12 27 4.04, 12 115 5.66, 12 41 8.87, 12 49 8.32, 12 49 1.26, 12 45 5.73, 1 84 1.02, 13 198 2.83, 13 47 1.09, 13 53 0.23, 13 58 2.1, 13 25 0.74, 13 50 0.85, 4 47 5.57, 4 40 0.13, 4 22 0.84, 4 158 5.16, 4 52 5.77, 4 38 5.42, 16 68 3.49, 16 74 3.97, 16 77 5.12, 9 107 1.18, 9 76 1.63, 2 65 1.88, 2 63 13.92, 2 54 3.86, 
Transaction 739:10 28 0.91, 10 32 0.55, 10 41 0.19, 18 84 2, 1 237 1.91, 1 73 2.48, 13 117 0.52, 13 166 1.63, 6 105 0.53, 6 213 2.67, 6 59 0.32, 6 54 2.18, 17 78 0.55, 17 35 2.41, 17 40 3.14, 3 52 4.02, 3 102 6.04, 
Transaction 740:10 86 1.35, 14 54 1.8, 18 106 1.39, 12 115 5.04, 12 39 6.54, 1 34 2.39, 1 42 0.53, 15 81 4.25, 4 304 1.7, 16 149 0.81, 9 226 4.78, 11 128 1.37, 
Transaction 741:10 34 6.9, 10 32 6.54, 10 49 5.46, 10 48 3.71, 14 132 9.35, 18 44 6.48, 18 39 5.28, 18 122 1.76, 12 206 3.18, 1 27 1.81, 15 117 4.01, 15 23 0.73, 8 101 4.98, 8 27 7.6, 6 19 0.77, 9 273 0.22, 2 84 7.61, 
Transaction 742:10 45 0.46, 10 28 2.17, 10 268 0.78, 14 43 1.91, 14 26 2.84, 14 38 3.96, 18 157 1.46, 12 40 5.73, 12 50 4.11, 1 69 3.08, 1 98 2.2, 1 32 2.72, 9 56 2.93, 1 63 2.82, 1 39 3.09, 8 189 1.16, 8 42 1.77, 6 26 0.11, 6 30 0.28, 17 198 2.39, 17 15 1.3, 17 78 0.99, 
Transaction 743:1 510 1.27, 1 22 1.41, 7 10 3.4, 7 13 0.14, 7 21 2.07, 1 30 0.09, 1 28 0.27, 1 31 1.17, 1 40 0.26, 1 41 1.15, 7 8 6.19, 13 49 2.07, 15 31 2.59, 15 24 4.39, 4 337 2.2, 4 147 1.93, 4 50 5.97, 9 83 1.74, 11 125 8.02, 
Transaction 744:6 381 0.41, 6 50 1.64, 4 83 1.84, 4 71 1.19, 4 40 0.51, 16 41 1.24, 16 37 0.98, 16 21 1.06, 9 22 5.28, 9 31 4.38, 9 20 5.78, 9 21 3.95, 9 19 4.57, 9 27 8.82, 9 50 6.04, 9 25 6.46, 9 19 14.45, 9 23 5.64, 9 28 9.04, 9 14 8.91, 2 81 4.21, 11 31 1.23, 
Transaction 745:14 174 12.91, 18 104 0.15, 12 39 5.93, 12 53 8.91, 12 37 4, 12 49 8, 12 46 1.87, 12 73 2.14, 12 48 7.95, 12 55 6.44, 12 62 6.84, 7 198 3.86, 7 83 5.5, 6 252 0.75, 6 50 0.62, 4 300 0.63, 16 51 4.78, 16 28 4.45, 
Transaction 746:10 53 7.36, 18 72 2.77, 1 236 1.78, 13 266 2.14, 13 41 0.36, 15 42 3.43, 6 117 1.79, 6 42 0.47, 17 27 7.38, 3 36 4.08, 3 47 4.39, 3 48 3.34, 
Transaction 747:10 32 2.08, 14 56 10.4, 14 86 7.71, 18 169 5.66, 13 389 2.37, 15 83 1.43, 15 35 3.47, 15 27 1.44, 15 61 2.73, 15 99 2.54, 8 68 2.51, 6 40 0.3, 6 111 2.04, 6 217 2.44, 7 245 2.93, 13 165 1.49, 13 45 0.91, 2 671 6.65, 11 331 3.64, 3 224 2.56, 
Transaction 748:10 174 8.3, 14 24 0.3, 7 130 1.91, 4 141 3.97, 16 31 1.78, 7 6 4.32, 7 11 2.33, 13 110 0.77, 8 284 7.17, 6 77 1, 4 179 5.51, 4 66 4.08, 16 39 1.62, 16 37 3.48, 16 51 4.33, 16 46 2.02, 16 31 2.45, 16 53 5.73, 16 38 3.56, 16 29 3.02, 9 21 2.8, 9 21 1.21, 2 75 3.7, 2 61 11, 9 32 0.59, 9 27 0.09, 9 23 2.1, 9 22 0.17, 9 33 1.46, 9 36 0.05, 9 19 1.71, 9 18 2.66, 2 81 9.97, 11 95 4.99, 11 45 5.25, 
Transaction 749:10 71 0.22, 10 45 0.67, 10 29 1.45, 10 76 1.02, 18 140 1.39, 13 453 0.54, 13 71 0.92, 13 50 1.09, 16 295 0.67, 5 222 1.82, 5 51 0.95, 5 123 3.97, 5 94 1.6, 5 62 1.24, 5 22 2.45, 5 34 2.33, 5 26 2.81, 5 20 3.26, 
Transaction 750:10 59 0.99, 18 120 1.09, 12 139 2.74, 12 67 2.69, 12 16 6.13, 12 21 3.58, 12 41 8.07, 7 54 1.08, 12 103 3.29, 12 50 3.71, 13 143 0.97, 13 57 1.56, 15 55 1, 2 322 6.44, 9 22 6.09, 9 194 0.23, 2 112 2.31, 2 73 0.55, 11 94 1.93, 11 104 1.19, 5 120 2.39, 3 22 2.8, 
Transaction 751:10 33 0.94, 12 274 3.41, 12 53 6.18, 7 109 0.87, 13 48 0.96, 15 92 4.28, 8 174 1.7, 6 54 1.51, 17 29 3.67, 4 180 0.28, 4 54 1.54, 16 63 0.77, 16 60 2.1, 2 231 3.26, 2 56 2.34, 2 53 1.74, 
Transaction 752:18 109 0.38, 14 77 2.13, 14 74 1.37, 1 279 2.48, 7 11 0.23, 18 151 1.36, 12 39 1.62, 12 38 3.98, 12 55 5.68, 12 27 2.15, 1 28 1.32, 13 68 1.91, 13 40 1.26, 8 74 1.43, 8 35 0.83, 8 64 1.43, 6 101 0.7, 8 64 2.97, 8 53 0.27, 8 43 1.22, 6 80 1.2, 17 74 1.71, 15 81 2.64, 8 170 1.18, 8 65 1.25, 8 51 0.61, 6 143 1.73, 9 298 4, 2 91 2.18, 2 69 3.43, 2 181 0.49, 2 65 6, 2 373 5.46, 2 194 4.88, 2 227 2.25, 
Transaction 753:10 41 0.88, 14 25 3.26, 10 37 1.04, 12 187 5.09, 7 326 1.04, 13 53 1.41, 6 101 1.65, 6 23 1.65, 6 35 0, 6 45 0.89, 6 18 0.33, 17 21 0.99, 6 55 0.95, 6 30 2.35, 6 14 1.59, 6 60 1.79, 6 96 0.96, 4 139 0.9, 2 277 4.18, 2 99 2.96, 2 184 2.85, 2 136 4.47, 
Transaction 754:10 48 2.35, 10 49 4.9, 15 46 4.72, 15 59 1.94, 17 23 9.67, 17 22 11.4, 17 29 7.23, 4 32 4.12, 16 102 3.9, 2 321 13.04, 11 106 2.05, 5 66 6.94, 3 121 4.84, 3 41 5.31, 3 32 5.36, 3 29 3.67, 
Transaction 755:10 79 7.14, 10 23 11.86, 14 55 0.14, 18 86 5.88, 18 45 1.83, 18 67 0.52, 18 101 1.22, 18 61 2.89, 18 30 8.95, 18 55 2.61, 13 151 2.02, 15 34 0.4, 15 14 1.38, 8 29 3.23, 6 95 1.31, 6 164 0.76, 17 27 1.07, 17 29 0.54, 16 117 4.12, 9 94 0.33, 9 186 2.21, 2 38 5.04, 2 70 7.6, 2 145 3.2, 3 99 4.91, 3 49 7.42, 
Transaction 756:10 31 1.75, 10 19 0.41, 14 41 2.56, 18 85 1.51, 18 61 1.92, 1 295 0.4, 13 285 0.87, 13 112 0.76, 6 223 0.67, 6 63 2.49, 17 48 1.81, 17 28 0.56, 17 27 1.06, 17 41 1.17, 4 58 0.74, 4 154 0.72, 16 113 0.33, 9 62 8.81, 9 183 0.24, 3 192 2.63, 
Transaction 757:10 21 0.84, 18 289 1.55, 18 60 1.09, 18 46 0.22, 18 42 1.65, 1 119 3.32, 1 82 3.3, 13 186 0.63, 18 117 0.91, 1 269 4.04, 1 135 1.88, 1 52 1.53, 13 128 1.02, 13 54 1.15, 18 149 0.68, 1 556 1.84, 13 93 1.14, 15 68 1.67, 15 53 2.79, 15 49 3.57, 15 91 0.31, 15 29 3.55, 15 44 2.27, 8 80 0.27, 17 124 0.11, 3 37 5.78, 3 79 4.13, 3 44 3.5, 
Transaction 758:10 24 8.38, 14 48 7.22, 7 132 3.85, 13 63 2.94, 13 48 2.79, 15 59 1.31, 15 74 0.44, 17 61 5.74, 17 26 8.35, 16 329 5.94, 16 71 3.28, 2 152 5.84, 2 109 12.56, 2 181 4.01, 2 193 4.1, 
Transaction 759:10 113 1.76, 10 38 2.95, 10 39 5.31, 10 56 0.56, 10 64 6, 14 87 3.42, 12 137 0.02, 7 122 6.84, 13 64 1.88, 5 403 3.79, 5 27 3.48, 5 29 1.72, 
Transaction 760:10 26 0.41, 10 104 1.57, 18 152 0.51, 18 49 1.84, 18 55 0.96, 1 144 0.8, 13 209 0.05, 14 35 3.65, 18 59 0.76, 18 58 0.73, 18 47 0.34, 1 185 2, 13 117 1.83, 13 144 0.96, 15 38 4.25, 15 56 4.24, 17 20 1.78, 17 35 0.7, 17 40 1.47, 17 22 1.43, 17 27 2.06, 17 37 0.76, 17 19 2.05, 17 27 0.4, 17 24 1.5, 17 34 1.21, 17 22 1.45, 2 410 1.19, 
Transaction 761:18 333 6.77, 12 60 8.39, 7 207 3.14, 13 45 1.54, 4 138 2.33, 16 164 5.87, 9 67 2.13, 2 92 6.24, 17 192 0.27, 6 70 1.76, 16 176 4.73, 16 81 3.34, 9 347 1.11, 2 103 2.8, 5 85 0.7, 5 53 2.53, 
Transaction 762:10 43 7.6, 10 30 3.96, 18 151 6.06, 18 49 9.36, 6 344 2.07, 6 37 1.29, 17 26 5.65, 2 382 10.32, 5 185 5.28, 3 27 0.83, 
Transaction 763:14 79 3.72, 12 151 6.1, 12 42 6.01, 12 105 3.25, 12 84 6.54, 1 73 1.33, 7 45 4.93, 7 44 3.16, 15 226 3.43, 8 18 6.05, 6 39 0.77, 6 92 0.39, 6 42 0.25, 4 167 1.46, 16 36 0.24, 16 54 2.35, 9 135 1.72, 2 52 18.48, 2 52 6.91, 9 57 0.11, 9 96 2.41, 9 92 1.79, 9 115 2.33, 9 95 2.25, 9 58 1.44, 9 59 1.44, 9 131 2.15, 9 101 1.7, 2 66 7.28, 11 14 7.4, 
Transaction 764:10 41 7.1, 10 26 9.23, 10 46 3.03, 10 31 0.39, 10 32 8.25, 15 50 3.93, 8 69 2.26, 6 206 0.26, 6 52 1.13, 6 76 0.71, 17 67 5.44, 17 30 3.31, 17 32 7.35, 17 24 4.94, 17 34 8.01, 17 21 5.86, 17 30 4.99, 17 24 5.38, 17 82 1.73, 11 935 11.4, 5 176 5.33, 3 38 7.32, 3 42 4.22, 
Transaction 765:10 34 0.72, 10 54 0.59, 10 123 1.31, 14 59 1.46, 14 75 2.06, 18 212 1.62, 18 284 1.12, 12 43 6.08, 1 38 1.77, 1 31 2.06, 1 35 1.14, 1 54 1.93, 13 263 2.01, 13 30 0.96, 15 20 3.34, 8 55 0.52, 6 16 1.14, 17 24 2.18, 16 152 1.06, 
Transaction 766:10 76 1.22, 10 21 0.03, 10 28 1.12, 18 94 1.29, 18 59 1.17, 18 55 1.27, 1 129 1.12, 1 36 3.12, 15 212 6.89, 6 336 2.14, 17 28 1.21, 17 20 1.87, 4 53 0.61, 11 392 0.01, 5 38 4.03, 5 21 1.23, 5 26 3.82, 
Transaction 767:14 46 2.39, 12 333 7.62, 12 28 6.45, 1 23 0.81, 1 43 1.32, 15 101 0.83, 15 52 2.7, 15 35 2.49, 6 64 1.52, 4 129 1.8, 16 44 2.99, 16 44 3.66, 16 34 4.3, 16 23 2.11, 16 71 7.24, 16 78 6.15, 16 32 3.77, 16 31 4.27, 9 54 2.44, 9 23 2.69, 16 48 6.36, 16 33 6.23, 9 13 1.32, 2 79 9.83, 11 77 2.7, 
Transaction 768:14 231 8.85, 14 29 5.52, 14 32 8.19, 14 34 14.32, 14 25 3.45, 18 34 3.88, 12 161 1.11, 7 35 2.1, 1 39 0.24, 7 14 3.36, 7 8 6, 7 26 4.17, 13 45 1.3, 15 39 3.26, 14 189 4.63, 12 156 5.91, 12 53 5.9, 12 28 6.44, 12 30 5.13, 12 41 2.9, 1 22 0.75, 7 18 3.73, 7 12 3.22, 7 12 6.26, 13 182 2.57, 8 154 2.46, 6 306 1.01, 6 32 0.82, 6 46 1.54, 4 82 2.28, 16 38 6.09, 16 38 4.7, 9 23 1.77, 2 50 13.01, 2 53 3.54, 2 101 11.61, 2 52 14.26, 2 46 12.55, 2 59 13.23, 
Transaction 769:10 38 3.76, 18 111 3.06, 1 134 0.35, 1 70 0.77, 1 19 1.07, 15 106 2.91, 6 107 1.27, 6 16 2.04, 17 82 4.84, 17 60 0.43, 17 51 3.26, 5 491 0.15, 3 73 4.46, 3 47 3.53, 3 39 3.15, 3 51 1.51, 3 22 6.15, 3 36 3.49, 
Transaction 770:10 90 1.26, 10 39 7.22, 10 76 3.38, 18 157 3.02, 12 75 6.04, 7 32 8.56, 15 195 2.37, 15 30 2.08, 15 39 2.72, 8 99 1.04, 6 33 1.85, 6 17 0.54, 17 35 5.79, 2 528 11.61, 2 74 15.33, 2 661 15.97, 2 45 13.21, 5 76 2.68, 3 45 4.35, 
Transaction 771:10 45 0.14, 10 30 0.43, 18 89 2.28, 18 55 1.86, 18 50 1.4, 18 62 1.35, 13 402 0.8, 15 18 2.16, 15 32 1.91, 8 85 0.82, 6 61 0.72, 17 22 3.09, 17 26 1.31, 17 30 1.38, 4 59 0.99, 17 25 1.02, 17 67 1.46, 17 27 2.32, 17 40 1.41, 17 43 1.42, 17 24 1.57, 17 26 2.08, 17 24 1.56, 17 30 2.54, 17 33 2.64, 17 17 1.21, 9 414 7.43, 2 130 3.72, 5 70 1.26, 3 45 2.13, 
Transaction 772:10 65 8.29, 18 217 5.04, 13 227 2.05, 13 41 1.3, 15 21 2.8, 15 73 1.69, 6 185 1.02, 6 53 0.81, 17 30 0.53, 4 110 5.59, 4 73 3.43, 4 351 5.36, 5 264 5.62, 3 50 1.01, 
Transaction 773:10 43 1.2, 10 29 0.74, 10 35 1.48, 12 164 4.1, 1 94 0.95, 7 26 0.33, 13 106 1.27, 15 95 2.86, 15 40 2.4, 15 25 4.42, 15 95 3.23, 15 65 1.52, 17 72 1.91, 
Transaction 774:10 34 6.34, 10 32 6.77, 18 93 2.22, 18 40 3.41, 18 71 6.6, 18 50 8.43, 5 635 4.76, 3 82 2.8, 3 32 2, 
Transaction 775:12 243 3.62, 12 234 3.17, 12 53 1.92, 7 103 2.6, 13 131 1.18, 15 35 5.37, 8 99 1.61, 8 14 1.44, 8 38 1.78, 8 31 0.27, 6 184 0.8, 6 47 1.14, 17 420 0.61, 17 22 0.89, 17 76 1.04, 2 255 1.67, 2 115 3.23, 2 176 4.21, 
Transaction 776:18 166 1.82, 18 122 0.49, 13 144 0.58, 15 34 2.57, 15 46 0.62, 17 40 1.47, 9 467 5.52, 11 599 2.37, 5 48 2.45, 
Transaction 777:18 183 2.04, 12 68 4.22, 12 155 7.47, 8 320 0.66, 8 22 1.36, 6 76 2.38, 6 43 1.85, 17 61 1.17, 16 192 0.65, 9 153 9.41, 2 140 2.91, 2 41 1.93, 11 43 0.9, 5 56 1.03, 3 53 1.13, 
Transaction 778:10 41 0.68, 14 86 1.91, 12 152 1.33, 12 55 6, 1 139 3.91, 13 222 1.71, 15 24 1.5, 15 99 1.82, 15 30 2.6, 8 36 1.2, 6 251 0.46, 17 32 1.62, 
Transaction 779:10 44 1.89, 10 43 4.93, 14 60 5.48, 14 199 8.89, 18 148 4.59, 18 52 5.92, 18 75 3.1, 13 54 3.29, 13 49 1.37, 15 26 1.93, 6 288 1.66, 6 48 1.6, 17 40 2.05, 17 13 7.12, 2 267 6.08, 11 28 5.1, 5 69 3.99, 5 11 3.36, 
Transaction 780:10 29 7.81, 10 45 4.93, 10 29 0.65, 12 204 7.53, 1 59 0.36, 2 373 8.03, 5 118 1.65, 3 80 1.78, 
Transaction 781:10 31 1.52, 18 190 1.1, 18 346 0.74, 12 34 1.52, 1 77 2.87, 16 51 1.19, 5 256 0.69, 5 51 2.89, 
Transaction 782:13 323 1.23, 13 39 2.16, 13 60 0.94, 8 322 1.09, 4 203 2.36, 4 60 1.96, 4 34 0.94, 4 40 1.65, 4 29 0.82, 16 59 2.07, 16 43 0.33, 16 106 0.87, 9 106 4.28, 9 58 2.36, 9 105 10.98, 9 104 1.64, 9 116 5.49, 9 80 9.71, 2 56 5.72, 11 23 0.88, 
Transaction 783:10 38 0.59, 10 34 0.43, 10 32 1.18, 14 58 4.25, 18 101 0.97, 18 49 0.75, 7 381 1.48, 18 57 0.27, 18 44 0.78, 18 66 2.07, 18 39 1.58, 18 141 1.12, 18 34 2.17, 18 60 1.39, 18 70 1.68, 1 713 1.55, 1 95 2.41, 13 176 0.07, 13 59 1.64, 13 60 1.06, 15 51 3.56, 15 42 1.78, 15 30 5.5, 8 39 1.41, 6 307 1.87, 17 35 1.53, 5 64 0.41, 3 40 4.98, 3 53 1.59, 
Transaction 784:10 40 0.23, 10 23 0.38, 10 33 1.49, 10 42 0.44, 10 36 1.46, 18 139 1.08, 13 421 1.06, 14 122 4.21, 18 176 1.89, 18 40 0.29, 13 320 0.43, 15 43 1.87, 15 43 3.16, 15 45 0.9, 15 56 0.18, 6 189 1.92, 6 169 0.33, 17 18 0.85, 4 58 2.42, 5 35 0.84, 3 93 0.54, 
Transaction 785:10 33 0.92, 18 216 0.63, 18 178 1.84, 13 413 1.29, 13 59 0.6, 15 26 0.38, 15 101 1.55, 8 42 1.08, 6 156 1.75, 
Transaction 786:10 266 1.39, 14 31 4.91, 14 104 2.32, 14 22 1.74, 14 120 3.92, 14 31 5.41, 14 46 2.34, 14 44 1.68, 12 346 5.93, 12 42 8.34, 12 28 3.59, 12 44 4.58, 12 33 3.38, 12 60 3.86, 1 50 2.97, 7 8 1.35, 13 100 1.26, 13 41 1.97, 6 154 1.13, 6 17 0.99, 6 17 0.35, 4 68 1.97, 16 49 0.89, 16 29 0.41, 16 39 0.73, 9 33 9.82, 9 20 3.63, 9 20 5.06, 2 60 3.8, 2 68 0.89, 2 35 2.17, 2 77 4.49, 2 68 2.47, 11 39 2.13, 11 23 0.47, 
Transaction 787:10 68 4.5, 7 237 2.3, 13 39 2.05, 13 272 1.34, 15 123 2.35, 15 44 2.02, 15 61 3.54, 15 44 4.24, 8 33 3.29, 8 42 6.95, 8 39 0.83, 6 118 0.34, 6 55 0.61, 6 60 0.47, 6 199 0.7, 6 76 0.85, 6 52 1.06, 
Transaction 788:10 39 0.88, 10 37 1.38, 10 53 1.29, 18 79 0.83, 18 57 0.8, 18 493 0.95, 18 39 1.34, 7 181 1.59, 13 191 1.61, 13 49 0.89, 13 126 1.95, 15 164 1.79, 15 92 5.46, 17 183 1.68, 17 26 1.1, 17 31 1.42, 16 435 0.32, 5 325 5.08, 
Transaction 789:10 73 0.42, 14 74 1.45, 12 84 3.87, 12 41 6.53, 12 38 4.42, 12 29 2.49, 12 94 1.31, 12 38 3.53, 12 54 4.71, 1 49 4.99, 7 11 1.18, 6 305 0.99, 
Transaction 790:10 44 1.14, 10 35 0.44, 10 45 1.58, 18 58 1.16, 18 52 1.79, 18 69 1.17, 18 67 1.48, 15 126 2.49, 15 21 4.69, 15 23 2.57, 17 154 1.94, 17 32 1.53, 4 49 0.36, 16 239 1.01, 1 108 1.28, 1 64 0.41, 13 146 1.07, 13 40 1.72, 13 70 2.26, 15 24 2.04, 15 11 0.14, 15 43 2.72, 6 196 2.01, 6 34 1.17, 17 62 1.14, 17 29 2.98, 3 172 2.39, 3 76 0.49, 3 32 4.9, 3 30 1.58, 
Transaction 791:10 28 1.18, 10 14 0.94, 10 36 1, 10 19 0.91, 10 66 2.03, 10 23 0.06, 10 19 0.22, 10 30 2.32, 18 150 0.14, 18 59 0.73, 18 134 1.44, 1 289 3.51, 1 223 1.79, 7 325 1.81, 18 122 0.81, 18 59 2.12, 18 52 0.98, 18 35 0.36, 18 49 1.32, 1 367 2.87, 15 251 6.14, 15 34 3.86, 15 51 4.28, 15 62 2.27, 15 35 4.45, 17 245 1.53, 17 45 1.11, 9 362 6.83, 1 341 5.08, 13 102 1.01, 4 43 1.52, 9 211 11.67, 2 120 1.33, 2 238 2.37, 3 124 5.25, 
Transaction 792:10 39 0.19, 10 28 1.46, 10 29 0.71, 10 38 0.93, 10 47 1.17, 7 988 1.84, 15 93 4.21, 15 79 2.51, 15 44 4.38, 15 53 1.63, 15 75 3.62, 10 74 0.09, 10 32 1.99, 10 35 0.74, 10 24 0.01, 18 210 1.7, 1 433 3.01, 13 123 1.18, 4 131 2.64, 9 133 3.28, 5 267 4.33, 5 59 2.64, 5 31 3.9, 3 36 2.59, 3 29 8.15, 3 42 3.77, 
Transaction 793:10 38 0.33, 18 206 1.08, 18 275 0.91, 18 31 1.49, 12 176 4.07, 12 46 5.17, 1 65 1.86, 7 56 2.24, 13 31 1.82, 15 97 2.35, 6 117 1.75, 6 52 1.28, 6 99 1.16, 17 101 1.37, 17 61 1.34, 15 155 4.36, 15 300 2.08, 15 48 4.63, 8 91 1.72, 8 31 1.22, 8 25 0.5, 8 38 1.96, 8 70 1.19, 8 66 0.37, 8 41 0.95, 8 29 1.25, 8 34 0.61, 5 388 0.05, 5 23 4.51, 5 26 1.3, 
Transaction 794:10 29 1.23, 18 99 1.01, 1 211 1.61, 13 122 0.41, 13 82 0.73, 4 117 3.28, 5 605 3.09, 3 93 3.21, 3 26 1.71, 3 38 2.66, 3 23 1.78, 
Transaction 795:10 38 1.48, 10 30 1.56, 18 250 0.48, 18 67 0.61, 1 205 1.32, 13 190 0.18, 13 109 0.59, 4 170 2.15, 4 117 1.02, 16 471 2.07, 5 505 2.96, 3 108 4.48, 
Transaction 796:10 38 0.36, 10 21 0.98, 10 38 1.31, 10 38 0.27, 13 120 2.02, 15 96 2.47, 6 345 1.5, 17 34 1.53, 17 20 1.4, 3 557 3.26, 3 67 0.56, 3 55 5.76, 
Transaction 797:10 51 0.83, 10 27 0.95, 10 24 0.75, 10 30 1.9, 10 27 0.24, 10 42 1.32, 10 43 0.25, 10 37 0.69, 14 34 0.5, 18 125 1.28, 18 52 1.02, 18 46 0.25, 13 236 1.6, 15 150 0.64, 13 89 0.24, 8 111 0.48, 17 310 1.2, 4 236 1.68, 9 112 0.17, 9 82 8.8, 9 87 7.87, 9 34 7.52, 3 269 2.56, 
Transaction 798:18 135 2.56, 7 170 2.06, 13 51 0.69, 15 34 2.58, 15 32 2.36, 15 48 2.52, 6 117 1.78, 6 20 0.88, 
Transaction 799:10 43 4.91, 18 72 7.95, 12 221 5.53, 12 53 10.44, 12 34 5.66, 1 74 0.84, 1 88 0.56, 16 287 6.98, 16 103 3.67, 16 42 5.36, 11 119 7.53, 11 111 2.48, 5 35 4.25, 5 21 3.26, 3 46 3.11, 3 40 1.9, 
Transaction 800:10 30 9, 18 91 5.62, 1 222 1.01, 7 332 0.98, 15 119 0.73, 10 78 2.45, 10 40 4.65, 10 37 7.66, 10 37 2.82, 18 247 5.01, 1 1183 0.75, 13 369 1.54, 17 111 7.2, 17 72 5.04, 17 37 4.81, 17 25 8.77, 10 93 6.71, 10 43 0.76, 18 99 3.53, 18 30 7.1, 18 44 2.25, 1 256 1.26, 13 290 1.14, 15 194 3.81, 8 204 2.69, 6 108 1.26, 6 52 0.74, 17 34 3.09, 17 27 4.01, 17 43 12.75, 17 22 8.36, 17 28 4.65, 17 29 5.09, 16 181 0.76, 3 317 3.55, 
Transaction 801:10 26 1.07, 10 27 2.39, 10 72 1.32, 18 96 0.54, 13 277 1.72, 8 138 1.69, 6 177 0.24, 6 54 0.46, 6 55 1.75, 17 21 1.16, 17 22 1.79, 17 37 2.06, 15 112 4.29, 15 78 3.32, 8 38 1.2, 8 66 1.33, 8 43 1.53, 6 42 1.38, 17 205 1.96, 9 442 6.52, 3 265 2.85, 3 35 3.48, 3 83 2, 3 45 1.51, 
Transaction 802:10 101 0.16, 10 47 0.97, 10 68 1.47, 10 43 0.99, 10 23 1.72, 10 52 0.31, 10 59 1.48, 14 96 2.53, 18 71 1.92, 15 209 4.46, 15 14 0.9, 8 37 0.98, 6 30 1.69, 6 30 2.44, 6 21 2.77, 17 60 1.87, 17 25 1.22, 17 28 1.67, 17 33 1.61, 3 48 3.44, 
Transaction 803:14 76 6.75, 12 264 5.8, 1 14 1.24, 7 9 3.28, 7 12 8.79, 13 51 1.03, 6 231 0.91, 6 23 0.92, 6 46 1.18, 4 104 4.77, 4 57 4.17, 4 55 5.32, 4 41 4.35, 16 45 3.46, 9 14 1.67, 2 88 4.34, 2 63 8.95, 
Transaction 804:10 35 6.56, 10 154 7.3, 18 151 4.65, 12 56 2.68, 12 58 8.06, 12 103 5.26, 12 77 7.78, 1 77 1.39, 1 55 1.54, 13 201 1.2, 15 39 3.34, 8 82 3.9, 6 48 0.85, 6 79 1.39, 6 74 1.63, 17 24 5.26, 17 27 8.33, 17 52 2.59, 17 32 0.91, 4 58 2.47, 9 509 0.95, 2 145 12.19, 5 103 3.43, 5 29 5.27, 5 30 2.65, 5 64 6, 
Transaction 805:10 42 0.19, 14 152 0.59, 12 95 2.87, 1 77 3.2, 1 54 3.18, 1 59 1.38, 7 52 1.7, 13 213 1.16, 13 212 0.74, 15 147 3.61, 15 113 4.25, 15 35 2.62, 15 44 3.27, 8 229 1.91, 17 164 2.41, 15 161 0.49, 15 124 0.71, 10 114 0.81, 10 128 0.1, 18 319 0.67, 18 209 0.9, 12 106 4.39, 1 134 1.23, 15 268 0.95, 15 42 3.13, 6 215 1.39, 17 28 1.78, 17 49 1.34, 16 162 1, 2 498 2.88, 2 130 6.03, 2 71 4.12, 
Transaction 806:10 34 4.82, 10 78 4.83, 12 115 3.39, 15 144 3.41, 15 17 2.62, 8 54 2.24, 8 36 3.14, 17 56 4.75, 
Transaction 807:10 32 3.2, 10 31 5.52, 14 91 14.32, 18 70 5.96, 18 25 6.18, 1 307 1.27, 1 59 0.29, 13 96 2.32, 13 61 1.71, 13 25 1.86, 13 53 0.88, 13 42 0.64, 4 62 4.32, 4 42 1.84, 2 487 2.54, 5 69 3.42, 3 42 0.31, 
Transaction 808:10 83 3.29, 14 293 13.14, 14 37 6.49, 14 36 5.37, 14 30 8.93, 12 126 3.8, 12 22 9.55, 1 75 0.55, 7 11 1.2, 7 9 5.76, 13 66 2.07, 13 50 2.5, 13 60 2.38, 13 28 2.81, 13 45 2.14, 13 24 0.94, 13 43 2.67, 6 326 2.01, 4 451 6.53, 16 31 2.49, 7 13 3.75, 13 162 2.75, 8 233 4.61, 8 107 3.47, 4 212 3.86, 4 38 2.34, 16 29 7.06, 16 37 1.7, 16 22 3.98, 16 43 6.03, 16 20 1.6, 16 32 3.26, 16 33 4.59, 9 27 1.65, 9 22 1.26, 2 72 18.85, 2 85 9.03, 2 49 10.44, 2 71 19.63, 2 50 14.79, 2 52 9.4, 2 60 9.92, 2 55 11.69, 2 160 14.88, 2 87 11.8, 2 80 17.65, 2 68 6.01, 11 34 8.27, 11 34 11.78, 
Transaction 809:10 30 1.2, 10 152 0.9, 12 107 2.65, 12 44 4.95, 1 33 1.24, 8 142 0.33, 8 41 1.14, 8 58 1.31, 8 50 1.1, 8 40 1.59, 8 62 1.8, 8 57 0.58, 8 58 0.73, 6 92 1.55, 17 61 2.22, 16 198 1.25, 9 50 9.86, 2 41 2.26, 11 115 0.13, 
Transaction 810:10 21 1.26, 18 302 2.2, 12 90 2.97, 13 128 2.02, 13 43 1.37, 13 60 1.16, 13 238 0.97, 4 50 1, 16 40 0.98, 9 30 2.87, 2 94 1.9, 2 81 4.4, 3 303 3.35, 
Transaction 811:10 35 0.22, 14 212 1.72, 12 110 4.38, 7 134 1.59, 13 38 0.99, 15 112 0.45, 8 25 1.13, 8 39 1.17, 15 64 1.59, 13 92 0.84, 13 51 1.18, 13 204 1.71, 15 374 3.54, 15 31 3.86, 15 44 1.35, 15 197 4.24, 13 91 1.53, 15 89 4.6, 15 60 3.1, 12 314 5.86, 1 75 5.3, 13 217 1.38, 15 119 0.25, 15 37 3.82, 15 38 4.21, 6 198 0.51, 6 79 2.81, 16 501 2.01, 2 234 4.29, 2 94 1.17, 2 40 1.57, 11 43 0.73, 
Transaction 812:10 52 1.16, 10 39 1.12, 18 133 1.1, 18 43 1.37, 12 25 7.04, 13 191 1.4, 13 145 2.05, 13 96 1.07, 13 34 0.76, 13 105 1.53, 15 39 3.61, 6 91 1.36, 
Transaction 813:14 106 0.72, 14 35 5.08, 18 76 2.85, 12 95 2.83, 1 51 0.04, 7 36 5.68, 13 39 0.47, 15 416 4.31, 8 36 2.66, 4 224 1.16, 
Transaction 814:10 51 0.87, 14 33 3.05, 12 125 5.07, 7 210 0.7, 13 132 1.34, 15 108 2.9, 8 25 0.69, 6 75 0.72, 6 40 0.81, 9 286 6.33, 2 86 5.03, 2 69 5.13, 2 200 1.88, 5 125 4.46, 
Transaction 815:10 32 1.57, 10 29 1.47, 18 126 2.34, 18 101 1.7, 18 62 0.38, 7 1173 0.65, 13 112 0.99, 13 43 2.07, 4 108 1.97, 4 112 2.99, 17 193 0.53, 4 101 1.6, 4 42 2.5, 9 188 4.75, 2 303 0.02, 
Transaction 816:10 92 1.11, 18 139 0.16, 1 203 2.86, 1 103 2.55, 13 232 1.73, 13 121 0.4, 13 117 0.14, 15 68 4.28, 15 97 1.64, 15 88 1.57, 15 44 4.31, 15 80 4.92, 15 49 3.05, 17 104 1.44, 15 47 4.46, 8 84 1.34, 6 39 1.41, 17 26 1.06, 3 36 4.65, 
Transaction 817:14 68 4.35, 12 275 3.94, 12 44 0.5, 1 78 2.4, 1 30 2.42, 12 66 4, 7 50 1.37, 7 6 0.82, 7 9 1.58, 13 46 1.28, 
Transaction 818:10 33 1.24, 10 46 1.25, 10 42 1.23, 10 17 0.36, 18 232 0.55, 18 51 0.01, 18 56 0.95, 1 130 1.86, 7 183 1.1, 15 183 3.92, 8 138 1.27, 8 20 1.63, 8 39 1.2, 8 148 1.61, 6 55 0.4, 6 66 1.51, 
Transaction 819:14 69 4.97, 12 196 6.04, 12 39 2.42, 8 406 0.35, 6 52 0.59, 9 327 7.05, 11 117 0.63, 
Transaction 820:10 40 1.45, 18 144 0.34, 1 442 1.68, 7 195 2.47, 13 71 1.14, 15 111 3.01, 15 62 3.43, 15 45 2.92, 15 46 2.99, 15 35 3.04, 6 193 1.74, 17 104 1.28, 17 40 1.2, 17 16 2.86, 16 161 1.7, 2 185 5.81, 2 109 2.94, 5 91 3.69, 5 22 2.62, 5 35 3.14, 5 32 2.88, 5 41 2.6, 5 27 1.4, 3 114 5.87, 
Transaction 821:10 42 1.62, 10 53 1.06, 14 25 2.09, 18 152 0.36, 7 7 0.87, 15 264 1.07, 8 56 1.09, 6 18 2.38, 6 61 1.69, 4 134 0.17, 1 318 1.21, 13 209 0.78, 13 162 0.87, 15 45 0.59, 8 41 0.97, 6 28 0.68, 17 24 3.42, 17 28 1.82, 4 34 2.7, 4 60 1.84, 16 122 1.66, 5 225 3.35, 5 19 0.96, 5 12 1.01, 5 23 2.71, 
Transaction 822:10 38 1.78, 12 116 7.82, 12 130 3.87, 12 104 5.77, 1 67 2.03, 1 93 2.13, 7 117 1.28, 13 87 0.28, 17 136 1.48, 2 2366 5.06, 11 396 1.61, 5 49 3.59, 5 42 4.02, 5 26 1.62, 3 177 1.65, 
Transaction 823:10 26 3.68, 14 31 9.68, 12 365 3.38, 1 93 0.69, 1 59 1.38, 13 137 0.98, 4 370 5.19, 11 307 7.51, 5 179 3.16, 3 331 3.99, 
Transaction 824:10 48 9.42, 10 42 3.25, 14 27 12.73, 18 45 3.5, 18 49 4.57, 18 56 4.73, 18 66 8.98, 18 44 5.44, 18 36 5.2, 7 92 4.91, 7 9 2.58, 13 47 1.55, 6 288 2.39, 17 32 2.48, 17 33 4.67, 17 31 6.86, 17 36 8.02, 3 627 4.53, 3 83 3.88, 3 90 2.4, 17 56 2.7, 4 36 3.13, 16 102 3.06, 16 253 3.57, 9 74 2.83, 11 314 6.54, 5 499 0.44, 5 41 3.76, 3 66 2.04, 3 55 6.87, 3 55 0.44, 
Transaction 825:10 37 1.01, 14 40 2.92, 18 75 1.3, 18 109 0.54, 12 48 5.37, 1 76 2.06, 1 37 3.44, 7 24 1.66, 13 53 0.22, 13 32 1, 15 74 0.81, 15 29 2.26, 15 17 1.31, 15 47 4.11, 15 31 4.37, 15 22 4.11, 15 44 2.58, 15 16 3, 15 22 3.05, 15 98 2.13, 8 55 2.31, 8 41 0.48, 17 84 1.53, 17 21 0.61, 16 266 0.49, 7 41 2.57, 7 10 1.56, 13 43 0.78, 13 143 1.11, 13 70 0.37, 13 59 0.47, 15 139 4.05, 8 51 1.98, 8 48 2.04, 6 32 0.53, 6 22 1.25, 6 44 1.39, 6 27 1.18, 16 189 1.68, 9 185 3.29, 11 257 0.7, 2 68 3.37, 2 72 3.42, 5 365 1.77, 
Transaction 826:10 44 7.38, 18 98 4.09, 18 57 5.88, 18 42 6.95, 18 60 5.35, 1 265 2.57, 13 386 1.56, 13 49 0.99, 13 125 1.64, 15 38 1.89, 15 40 3.21, 15 81 0.88, 15 33 3.09, 15 49 3.54, 15 44 2.52, 15 40 1.91, 15 96 2.43, 8 32 2.44, 6 89 2.68, 6 114 1.94, 6 72 1.81, 6 68 0.72, 17 17 2.58, 5 294 5.11, 3 186 4.73, 
Transaction 827:10 32 1.15, 18 255 0.38, 12 55 4.25, 1 128 0.81, 15 117 2.32, 6 215 1.26, 6 43 1, 6 50 0.86, 6 60 1.09, 
Transaction 828:10 75 1.64, 12 286 7.48, 1 48 0.29, 1 77 2.24, 1 93 0.89, 13 172 1.19, 13 58 1.06, 10 150 1.19, 12 158 4.68, 1 327 3.94, 13 155 1.7, 13 48 1.25, 15 78 2.69, 15 41 2.34, 15 100 3.22, 15 24 1.43, 8 43 1.36, 6 96 0.32, 17 87 1.39, 16 166 1.17, 2 394 5.82, 5 112 1.93, 5 57 2.38, 5 29 2.48, 
Transaction 829:10 82 0.75, 10 28 1.84, 14 84 2.36, 12 186 3.98, 12 48 3.57, 1 179 2.81, 4 193 1.47, 16 79 0.99, 2 145 6.06, 2 109 4.28, 3 169 3.84, 
Transaction 830:10 36 1.58, 14 140 13.85, 12 188 4.73, 12 38 5.05, 12 41 4.82, 1 60 1.11, 1 12 1.04, 13 87 1.08, 13 59 2.29, 13 50 1.58, 13 139 1.74, 13 48 2.12, 12 150 3.92, 1 22 0.87, 7 13 6.31, 18 94 2.98, 12 187 6.09, 1 64 0.94, 1 37 0.59, 1 31 1.22, 1 76 1.5, 15 131 3.47, 8 50 3.43, 8 40 6.01, 8 96 4.36, 15 23 4.24, 15 43 0.67, 8 60 5.55, 17 57 4.05, 9 188 0.6, 9 93 2.74, 2 82 5.06, 11 107 7.15, 
Transaction 831:10 34 0.25, 18 165 1.11, 12 55 1.94, 1 78 4.27, 7 115 1.12, 4 429 1.52, 9 561 4.11, 1 214 1.17, 7 172 2.49, 7 75 0.44, 7 53 2.54, 1 87 1.42, 7 55 2.24, 13 70 0.84, 13 119 0.72, 15 45 4.49, 8 34 1.04, 6 48 1.72, 6 190 0.61, 17 34 2.33, 17 116 2.46, 4 69 3.02, 4 45 2.13, 9 250 3.45, 2 61 4.19, 11 22 1.09, 11 10 1.67, 5 88 0.1, 3 128 2.65, 
Transaction 832:10 43 1.56, 10 48 0.13, 18 81 1.64, 18 58 1.09, 7 11 1.64, 16 174 1.42, 9 136 8.9, 2 86 3.94, 5 115 0.19, 3 43 4.48, 
Transaction 833:10 86 1.34, 10 39 4.24, 10 36 6.49, 14 58 10.2, 18 191 3.81, 18 73 8.07, 18 100 2.72, 12 144 8.09, 1 74 0.03, 7 48 6.37, 7 35 1.94, 15 309 2.18, 15 67 1.52, 8 65 3.48, 6 79 1.51, 6 78 0.83, 6 19 1.45, 9 717 2.76, 
Transaction 834:10 32 8.21, 18 84 1.81, 18 50 0.3, 18 46 4.12, 18 62 5.37, 13 200 1.06, 15 63 0.85, 8 63 3.14, 6 42 1.48, 17 186 7.48, 17 37 3.42, 4 181 2.96, 9 526 0.94, 3 632 7.36, 
Transaction 835:10 63 6.42, 10 39 0.34, 10 53 6.05, 10 35 4.49, 18 195 8.1, 12 127 6.48, 15 246 3.13, 8 74 2.06, 8 49 6.98, 11 398 5.62, 5 100 0.25, 5 58 4.08, 
Transaction 836:10 16 2.01, 14 226 3.16, 18 55 0.91, 1 273 2.04, 1 82 3.67, 13 69 1.45, 13 28 1.12, 13 98 1.27, 8 56 1.33, 8 22 1.25, 8 44 1.69, 6 47 0.36, 8 89 1.63, 6 100 2.13, 6 69 0.4, 5 210 3.01, 11 18 1.14, 11 53 1.19, 16 56 1.23, 16 59 0.92, 1 267 2.82, 1 68 0.57, 1 125 2.32, 13 173 0.44, 13 61 1.84, 2 541 1.85, 2 112 2.98, 
Transaction 837:10 69 3.62, 10 48 4.71, 10 39 4.7, 10 74 5.13, 10 49 6.16, 14 58 10.18, 10 33 4.24, 14 64 4.02, 14 25 6.59, 15 173 1.81, 15 19 1.28, 15 20 1.87, 15 29 3.62, 15 28 1.31, 8 113 4.35, 8 37 3.34, 17 54 2.29, 17 29 8.03, 4 178 6.28, 5 339 4.19, 
Transaction 838:10 42 0.52, 15 32 3.64, 15 54 1.17, 8 133 1.59, 8 53 0.81, 6 133 1.71, 13 579 0.13, 13 64 0.85, 13 44 0.57, 15 105 2.5, 8 50 0.91, 6 10 0.73, 6 24 1.47, 6 14 1.48, 16 369 1.41, 9 47 0.57, 2 296 4, 2 98 3.01, 11 218 1.27, 3 128 7.45, 
Transaction 839:10 41 0.47, 10 52 1.63, 14 25 2.45, 18 54 1.28, 18 62 1.93, 15 309 5.67, 15 58 2.41, 6 95 2.01, 17 34 2.07, 17 27 0.53, 17 28 1.7, 9 194 5.66, 3 165 3.43, 
Transaction 840:14 131 4.46, 8 354 1.6, 6 61 0.43, 6 81 1.64, 17 31 0.03, 16 120 0.32, 16 85 0.11, 2 938 0.86, 3 283 3.83, 
Transaction 841:10 69 0.4, 18 53 1.99, 18 38 0.66, 1 219 2.68, 
Transaction 842:14 139 11.16, 14 15 10.35, 14 31 15, 14 20 12.99, 14 28 13.03, 14 27 5.03, 14 174 6.97, 12 182 4.46, 12 37 2.89, 12 34 2.14, 12 44 5.73, 12 39 5.39, 12 14 8.59, 12 47 7.43, 1 22 1.71, 1 21 0.88, 1 21 1.35, 1 81 0.13, 1 45 1.62, 1 34 0.34, 1 41 1.16, 7 9 7.69, 7 16 5.45, 7 9 3.65, 7 26 6.31, 7 10 9.96, 12 276 10.68, 1 38 1.74, 7 15 5.88, 13 53 3.54, 13 118 3.04, 13 68 1.56, 13 40 2.6, 4 45 3.05, 16 46 5.38, 16 21 1.13, 16 37 2.22, 16 39 3.17, 9 28 0.88, 9 12 1.76, 9 32 2.54, 2 44 9.54, 2 35 7.82, 2 70 11.87, 16 94 4.31, 16 53 3.8, 9 31 2.94, 2 90 7.37, 11 27 4.63, 
Transaction 843:10 101 1.31, 18 101 2.2, 12 128 1.22, 1 82 2.11, 1 33 2.34, 1 50 1.4, 7 30 0.4, 13 151 0.81, 15 93 1.49, 15 41 1.73, 17 31 2.14, 4 29 2.6, 16 32 1.17, 16 162 0.63, 2 148 3.64, 2 128 2.78, 2 126 5.96, 2 63 1.34, 11 26 0.52, 
Transaction 844:14 100 3.1, 14 24 5.69, 18 171 1.35, 13 258 1.35, 13 59 1.3, 15 34 1.92, 13 51 1.31, 13 37 1.41, 15 74 4.66, 17 26 0.97, 4 167 1.07, 2 691 2.72, 
Transaction 845:10 34 0.68, 18 106 2.36, 15 323 1.76, 8 273 1.65, 6 194 0.54, 17 26 0.6, 17 34 0.51, 17 24 2.11, 17 32 1.05, 17 27 1.73, 17 34 0.94, 15 133 5.98, 15 58 1.84, 15 51 1.55, 15 97 1.83, 15 104 3.98, 15 98 4.03, 15 83 0.98, 15 44 1.16, 6 92 0.77, 17 20 1.1, 17 26 0.96, 4 36 0.42, 16 126 1.58, 13 122 1.25, 13 46 1.55, 13 26 0.82, 13 48 1.28, 13 81 1.15, 13 41 0.76, 11 752 1.17, 5 46 3.31, 5 53 1.79, 3 32 3.2, 3 42 1.97, 
Transaction 846:10 112 1.09, 10 49 0.37, 14 95 2.47, 12 344 4.11, 1 34 2.49, 5 146 2.05, 5 18 1.22, 5 16 1.25, 5 15 2.03, 3 31 3.3, 
Transaction 847:10 36 6.58, 10 48 4.45, 10 35 4, 10 41 4.55, 10 53 3.43, 10 26 10.46, 10 48 3.31, 10 48 1.72, 14 67 8.17, 10 103 7.19, 10 38 6.93, 10 140 5.08, 10 57 8.45, 10 39 9.23, 10 33 5.8, 10 49 4.88, 18 133 3.67, 18 60 3.08, 18 62 2.83, 18 60 5.85, 18 48 7.39, 18 47 2.34, 18 53 6.51, 13 116 1.48, 13 51 1.88, 15 81 2.46, 17 214 0.27, 3 96 2.18, 
Transaction 848:6 80 1.13, 6 189 1.37, 17 116 0.52, 17 17 2.58, 17 15 1.56, 17 30 1.89, 17 33 1.11, 17 36 0.68, 17 23 0.2, 3 99 2.46, 3 34 2.32, 3 38 1.2, 
Transaction 849:10 25 0.93, 10 37 0.5, 14 271 2.43, 14 33 1.12, 13 127 0.94, 15 132 2.33, 15 49 3.73, 15 56 3.28, 15 41 5.45, 8 54 1.16, 8 30 0.17, 8 26 0.17, 8 28 1.9, 8 40 1.28, 15 147 2.71, 8 70 2.15, 8 38 1.31, 6 48 0.91, 6 49 2.19, 6 126 0.86, 17 16 1.45, 16 142 1, 16 55 0.72, 16 293 1.73, 16 46 1.83, 2 738 3.85, 
Transaction 850:10 26 0.48, 10 32 1.68, 14 86 2.38, 18 68 0.62, 13 665 1.09, 13 41 1.74, 15 34 3.91, 15 44 3, 15 40 1.33, 13 33 0.53, 15 268 3.3, 15 62 1.35, 8 98 0.01, 8 106 1.41, 6 165 1.61, 6 64 1.33, 6 65 1.65, 6 37 0.75, 6 37 1.47, 6 62 3.12, 6 37 1.3, 6 75 0.76, 6 44 0.19, 
Transaction 851:10 135 7.25, 10 37 6.92, 12 159 2.02, 12 39 4.46, 12 38 7.91, 12 44 5.23, 1 72 1.37, 1 58 1.4, 1 56 0.63, 1 96 0.98, 7 196 4.6, 13 53 3.82, 15 72 3.09, 15 9 1.32, 15 46 3.64, 8 54 2.37, 6 24 0.19, 3 106 5.4, 
Transaction 852:10 74 1.2, 14 93 2.64, 13 285 1.52, 13 192 1.35, 13 164 1.24, 13 144 0.79, 15 93 0.33, 15 61 1.63, 10 20 1.67, 10 34 0.87, 10 22 1.06, 12 183 4.02, 12 68 4.33, 12 37 2.82, 12 41 0.69, 12 36 2.65, 12 66 6.48, 7 116 1.56, 13 99 1.71, 13 43 1.01, 15 145 4.48, 15 43 2.35, 15 121 3.24, 6 82 1.53, 6 65 1.43, 6 51 0.73, 17 114 1.6, 17 235 1.72, 2 1356 3.62, 5 170 2.2, 
Transaction 853:10 62 0.2, 10 34 1.28, 10 28 1.95, 10 34 0.35, 10 72 0.84, 10 61 0.81, 14 131 0.14, 10 74 1.56, 12 205 3.81, 1 78 0.07, 13 106 0.63, 15 136 5.79, 15 162 2.92, 8 77 1.42, 8 56 0.69, 8 67 1.52, 6 119 2.3, 16 304 0.64, 9 310 6.88, 2 135 2.23, 5 109 1.73, 3 73 3.72, 
Transaction 854:10 31 1.02, 10 57 1.02, 18 142 5.93, 18 121 8.79, 12 43 9.64, 12 93 7.32, 1 54 0.29, 15 243 2.68, 15 153 1.91, 15 24 3.65, 15 62 4.48, 15 21 3.01, 15 44 2.07, 15 29 2.78, 15 29 3.97, 15 134 2.87, 8 55 0.2, 8 30 3.54, 8 198 5.53, 8 30 4.92, 8 28 4.71, 6 86 0.98, 17 33 4.66, 17 15 5.77, 17 117 7.07, 5 1122 1.37, 5 103 1.38, 
Transaction 855:10 24 7.27, 10 51 3.7, 10 42 7, 10 46 8.43, 14 48 6.32, 15 153 3.21, 15 20 2.41, 15 26 2.1, 15 22 0.09, 15 32 0.19, 8 124 5.9, 6 22 0.91, 6 28 1.55, 13 541 0.77, 15 24 2.75, 8 101 8.48, 17 102 9.52, 15 225 3.57, 15 21 0.99, 15 31 2.11, 10 175 7.96, 10 46 7.04, 18 55 4.48, 18 101 2.52, 12 101 1.52, 12 54 7.28, 12 39 0.68, 12 53 10.26, 1 27 0.43, 1 45 0.9, 1 24 0.9, 15 162 2.2, 15 10 2.11, 8 132 3.21, 8 58 3.81, 6 56 1.26, 17 31 4.32, 16 190 2.46, 16 100 3.44, 16 22 5.69, 11 565 6.7, 
Transaction 856:10 44 1, 10 34 1.21, 10 29 1.26, 10 45 0.53, 10 42 0.44, 10 65 0.77, 10 38 0.92, 10 24 0.55, 10 32 1.25, 10 39 0.43, 10 53 0.99, 10 53 0.27, 10 48 0.76, 14 30 4.07, 18 85 1.23, 18 39 1.08, 18 41 1.72, 18 49 1.28, 18 68 1.21, 18 61 1.58, 18 38 1.43, 13 235 1.28, 13 61 1.5, 15 33 3.21, 15 20 1.68, 17 113 1.92, 17 31 2.31, 17 127 0.63, 17 34 1.61, 17 46 0.49, 17 20 2.53, 17 28 1.54, 4 148 1.14, 5 310 2.12, 5 23 1.56, 5 13 0.34, 3 32 3.34, 
Transaction 857:10 27 0.85, 10 41 0.08, 18 271 1.03, 12 358 2.41, 1 62 2.65, 9 98 5.74, 2 288 2.84, 11 86 2.28, 
Transaction 858:10 41 0.93, 10 42 0.07, 10 45 1.31, 14 24 5.45, 10 65 0.95, 14 14 1.57, 12 85 3.3, 12 66 3.84, 12 42 5, 12 40 3.33, 1 23 2.32, 1 29 0.14, 1 27 0.54, 7 34 0.17, 7 7 0.97, 12 148 1.67, 12 32 6.25, 8 170 1, 6 106 1.24, 6 45 2.04, 6 37 2.25, 6 35 0.66, 6 80 0.48, 6 23 1.06, 6 28 1.75, 17 46 0.71, 17 54 1.97, 16 194 0.78, 1 54 1.97, 8 151 1.07, 8 61 1.15, 6 73 1.74, 6 30 2.36, 6 35 1.18, 16 110 0.81, 16 49 0.4, 2 315 3.19, 5 52 1.54, 
Transaction 859:10 32 1.68, 10 243 0.89, 14 83 2.71, 14 44 3.09, 18 262 0.76, 18 73 1.38, 13 96 0.7, 15 46 5.56, 15 38 5.64, 15 35 4.01, 8 72 1.33, 8 67 1.23, 8 35 1.84, 8 56 0.51, 6 239 0.98, 4 469 0.32, 16 96 1.12, 16 50 1.28, 16 67 1.7, 16 74 1.47, 11 231 1.5, 3 139 3.52, 
Transaction 860:10 30 1.19, 18 113 2.24, 7 144 1.84, 18 70 0.52, 18 52 1.4, 13 359 1.13, 15 34 3.22, 17 31 1.17, 17 36 0.57, 3 182 8.39, 
Transaction 861:10 42 0.8, 14 39 4.19, 12 104 0.77, 12 85 4.22, 12 57 1.58, 1 65 4.63, 7 40 0.94, 13 101 1.05, 8 154 1.43, 8 23 0.44, 6 57 1.57, 17 136 1.25, 16 259 0.33, 16 82 1.01, 11 242 1.92, 5 71 3.09, 3 54 4.28, 
Transaction 862:10 44 0.47, 14 19 5.6, 18 53 1.45, 12 24 2.34, 1 36 2.62, 1 125 2.3, 1 20 3.62, 13 201 0.86, 8 105 1.31, 8 66 1.28, 8 39 2.2, 8 160 1.11, 6 25 1.73, 17 23 2.88, 4 24 2.92, 16 54 1.05, 9 20 5.58, 2 136 3.51, 
Transaction 863:10 28 1.76, 10 96 1.31, 18 95 0.73, 18 78 0.74, 18 63 0.31, 18 40 1.4, 18 53 0.81, 18 63 0.92, 18 53 1.18, 18 38 0.99, 15 207 3.15, 15 35 1.47, 15 17 4.57, 15 46 2.47, 15 50 3.29, 15 29 1.53, 15 38 3.53, 17 22 1.25, 4 47 2.24, 16 32 0.61, 9 53 5.99, 5 466 0.91, 3 61 5.73, 
Transaction 864:10 35 4.92, 10 75 4.25, 10 59 1.55, 10 56 6.8, 10 138 1.64, 10 32 2.09, 10 38 1.71, 10 39 4.71, 14 38 11.15, 14 102 8.96, 18 118 5.66, 18 295 5.56, 18 48 4.01, 12 35 6.22, 12 33 1.72, 1 81 1.08, 7 62 5.56, 7 18 6.03, 13 125 1.07, 15 36 1.58, 8 53 3.32, 3 141 3.35, 
Transaction 865:10 25 1.29, 10 53 0.96, 18 76 1.37, 18 45 0.56, 15 222 3.26, 15 120 2.98, 15 19 0.56, 6 72 1.06, 6 22 0.84, 6 70 1.87, 17 51 1.04, 6 28 2.29, 17 20 2, 17 34 0.04, 4 90 0.29, 16 131 1.12, 16 36 1.68, 2 294 6.64, 5 551 3.23, 3 31 2.38, 3 90 1.76, 
Transaction 866:10 41 5.2, 10 58 5.54, 10 34 3.47, 14 18 16.26, 18 48 6.21, 18 75 5.61, 18 49 5.91, 18 42 10.25, 18 73 4.3, 1 123 1.44, 15 100 1.86, 15 25 1.81, 15 7 1.99, 6 58 0.12, 6 42 1.98, 17 50 6.77, 6 61 0.27, 6 24 1.25, 6 67 1.78, 17 45 2.92, 17 8 5.54, 17 27 4.53, 17 21 8.75, 3 564 7.32, 3 79 7.82, 3 34 2.04, 3 38 5.9, 17 33 9.39, 17 28 7.53, 17 28 7.61, 17 28 4.44, 17 23 3.35, 4 50 6, 5 19 5.32, 3 45 1.73, 
Transaction 867:10 33 1.51, 10 44 0.93, 13 179 0.82, 15 86 4.34, 10 18 1.13, 18 188 2.22, 18 81 1.04, 18 59 1.66, 18 56 0.47, 18 43 0.72, 18 56 0.1, 13 80 1.26, 15 96 1.91, 8 41 2.52, 15 88 3.08, 15 62 0.7, 8 150 1.3, 6 52 1.38, 17 68 2.09, 17 26 2.03, 17 26 1.76, 17 29 0.57, 17 25 1.62, 4 86 0.9, 16 92 0.51, 9 259 9, 2 127 4.94, 2 181 2.79, 5 523 0.77, 5 26 0.02, 5 23 2.57, 3 63 2.81, 3 74 2.52, 
Transaction 868:10 45 0.79, 10 59 1.03, 10 46 0.8, 18 150 1.51, 18 58 1.72, 1 123 4.05, 13 94 0.79, 15 75 3.9, 15 20 4.09, 15 18 4.08, 15 24 3.54, 15 22 1.34, 8 50 2.22, 6 90 1.93, 17 24 1.77, 4 78 2.8, 4 46 1.41, 5 73 0.47, 5 14 0.3, 3 55 3.45, 3 36 2.64, 
Transaction 869:10 29 6.28, 10 54 5.07, 10 49 3.3, 10 32 6.83, 10 81 2.13, 10 37 7.72, 10 38 4.38, 10 52 3.75, 10 36 6.8, 10 44 0.34, 10 82 2.85, 15 127 2.03, 15 26 3.35, 15 19 3.48, 8 54 3.56, 8 127 4.46, 4 284 7.21, 2 253 5.04, 5 210 1.25, 
Transaction 870:10 23 4.74, 10 31 2.78, 10 27 6.95, 10 46 4.96, 14 85 14.39, 18 174 4.61, 18 41 1.09, 1 269 0.69, 13 94 2.44, 13 56 1.91, 6 208 0.98, 17 124 1.46, 17 34 4.18, 4 184 5.42, 3 613 7.86, 3 54 2.7, 3 43 3.61, 3 27 6.99, 3 49 1.55, 3 41 2.43, 3 40 8.02, 
Transaction 871:10 32 1.07, 10 29 0.54, 18 82 1.45, 18 40 1.48, 1 98 1.58, 13 207 1.05, 15 32 3.12, 15 55 4.51, 15 25 3.97, 8 53 0, 6 156 1.05, 6 29 2.41, 6 59 1.35, 6 27 0.43, 6 48 0.61, 17 81 1.14, 17 21 0.81, 17 34 2.68, 11 500 0.95, 5 12 1.42, 5 11 3.29, 5 14 2.94, 5 23 3.05, 3 42 4.71, 
Transaction 872:14 67 0.27, 14 24 3.68, 12 67 5.78, 12 66 4.38, 12 21 2.65, 12 40 4.97, 12 43 2.39, 12 33 5.18, 1 47 1.14, 7 14 0.21, 13 30 2.4, 13 69 1.36, 13 39 0.01, 4 40 3.55, 16 45 0.54, 16 34 1.33, 16 82 1.98, 9 28 0.06, 2 84 4.15, 2 68 0.45, 2 74 1.95, 
Transaction 873:10 126 0.88, 13 133 0.12, 13 104 1.11, 13 92 1.28, 13 41 0.87, 13 87 1.03, 13 41 1.17, 8 84 1.42, 8 44 1.58, 8 45 0.5, 6 56 1.53, 16 145 1.6, 16 48 0.61, 11 477 1.01, 11 24 1.08, 5 10 3.4, 5 9 0.72, 3 107 2.39, 3 19 4.46, 
Transaction 874:14 192 3.2, 14 35 4.9, 12 115 6.57, 13 150 0.75, 13 199 1.58, 13 44 1.64, 4 39 2.71, 4 65 0.27, 4 63 2.99, 16 75 5.68, 9 89 2.61, 9 106 2.4, 9 99 1.16, 2 61 9.02, 2 36 8.91, 2 58 10.54, 2 69 6.78, 11 34 12.66, 
Transaction 875:10 56 5.59, 10 39 1.96, 10 42 4.13, 10 53 8.16, 14 11 6.99, 14 132 17.24, 13 68 1.81, 15 122 1.37, 15 40 3.62, 8 123 0.89, 8 50 7.71, 8 43 3.96, 6 26 1.74, 17 10 7.8, 6 141 1.02, 6 51 0.76, 4 143 4.02, 2 142 10.58, 2 302 3.42, 11 26 7.31, 
Transaction 876:10 51 0.79, 8 293 1.37, 8 28 1.49, 8 19 1.33, 9 512 3.61, 
Transaction 877:10 21 1.74, 10 38 1.21, 10 69 1.69, 10 27 1.08, 10 38 1.08, 14 250 3.04, 18 159 2.47, 18 64 1.74, 18 47 0.66, 12 356 0.25, 1 74 2.03, 1 72 2.12, 1 108 0.54, 7 143 2.63, 7 46 1.95, 13 62 1.88, 13 37 0.35, 15 34 4.65, 8 32 0.63, 11 1040 0.71, 5 52 1.77, 3 28 0.44, 17 21 0.88, 17 52 0.67, 4 46 2.05, 16 69 0.78, 16 47 0.58, 9 346 8.28, 2 239 3.3, 2 108 4.04, 2 139 2.91, 11 14 0.88, 
Transaction 878:10 22 0.97, 10 42 1.28, 10 71 1.05, 10 47 1.41, 10 22 0.1, 10 117 1.1, 10 82 1.17, 10 31 1.26, 14 146 0.13, 12 148 4.93, 12 28 7.56, 12 36 1.14, 12 56 5.3, 12 62 2.99, 12 127 3.58, 1 48 2.41, 7 259 0.61, 13 81 1.62, 8 205 0.75, 8 39 1.11, 8 44 0.3, 6 140 0.47, 15 150 3.66, 8 51 1.04, 16 666 0.49, 2 761 2.63, 2 231 2.25, 2 91 9.8, 5 65 2.53, 
Transaction 879:14 140 3.14, 14 42 2.22, 14 42 3.19, 14 37 1.6, 18 166 2.13, 12 113 1.28, 1 105 0.64, 7 127 1.46, 7 34 1.46, 7 31 1.3, 7 29 1.55, 13 59 0.91, 15 98 3.87, 
Transaction 880:10 25 8.08, 10 23 5.1, 10 23 4.42, 18 87 7.95, 18 105 1.58, 18 44 4.61, 18 58 3.43, 18 47 0.28, 18 43 3.81, 18 53 7.77, 13 228 0.3, 15 37 2.51, 15 24 2.08, 15 75 3.35, 8 31 2.81, 6 154 2.45, 17 75 8.97, 17 31 5.18, 17 57 5.18, 3 119 3.46, 
Transaction 881:10 82 1.11, 18 79 1.44, 18 38 0.54, 1 81 3.28, 13 107 1.84, 13 35 0.24, 15 69 3.75, 15 36 1.87, 10 109 0.7, 18 141 2.6, 10 125 1.37, 10 80 0.93, 18 233 0.5, 12 34 5.96, 2 568 2.03, 2 57 4.07, 2 175 0.1, 11 123 1.64, 
Transaction 882:10 35 4.58, 14 93 11.55, 18 48 8.24, 7 448 4.22, 7 176 9.18, 17 282 4.85, 17 29 0.17, 17 23 4.65, 4 219 3.3, 16 163 5.04, 2 581 7.8, 2 127 5.71, 5 159 3.18, 5 28 2.86, 3 82 4.1, 
Transaction 883:14 63 11.92, 14 52 13.46, 12 227 3.54, 1 82 0.34, 7 48 6.24, 13 51 0.38, 13 60 1.36, 15 49 1.79, 6 92 1.87, 6 74 1.15, 6 58 0.87, 6 46 1.25, 4 123 4.98, 4 67 2.57, 16 58 0.22, 16 50 1.37, 16 49 2.47, 16 62 5.38, 16 61 0.03, 9 98 1.41, 2 63 2, 2 50 13.42, 11 40 9.52, 11 42 12.45, 11 26 7.9, 11 29 6.49, 11 18 7.57, 
Transaction 884:10 31 1.89, 18 99 6.59, 18 156 11.41, 1 155 1.13, 13 145 1.06, 15 55 4.32, 8 31 0.49, 8 141 5.31, 6 134 1.54, 4 72 6.51, 3 74 4.44, 
Transaction 885:12 320 0.99, 1 27 0.4, 1 18 0.95, 13 121 2.51, 8 108 5.37, 8 103 5.1, 8 43 0.81, 8 59 2.11, 8 59 3.01, 17 83 6.68, 1 342 1.18, 15 140 2.92, 10 48 9.07, 10 93 8.2, 10 39 9.44, 15 353 2.9, 8 39 3.49, 8 61 5.57, 8 55 3.8, 6 20 1.66, 4 344 6.52, 2 240 4.04, 
Transaction 886:10 62 6.57, 14 37 3.83, 18 130 7.36, 12 205 4.25, 7 38 3.81, 13 74 0.69, 13 46 3.4, 15 28 3.08, 6 68 1.04, 6 54 1.9, 16 199 5.25, 2 467 10.42, 11 147 8.87, 11 25 6.26, 
Transaction 887:10 30 1.53, 10 42 1.53, 10 34 1.32, 18 154 1.3, 18 54 1.42, 18 61 1.71, 15 376 3.33, 6 216 0.71, 17 82 1.45, 17 37 2.57, 17 34 0.8, 3 26 1.9, 3 41 5.83, 
Transaction 888:10 27 0.01, 10 27 1.88, 14 106 2.59, 18 27 1.6, 18 174 0.8, 12 82 3.05, 12 35 6.11, 15 380 2.93, 15 74 6.98, 15 42 1.01, 15 108 1.95, 15 46 2.48, 15 101 2.97, 15 44 0.87, 15 207 5.29, 15 85 3.08, 15 95 4.21, 15 88 3.43, 15 23 1.2, 15 42 4, 8 196 1.64, 17 197 0.39, 16 135 0.72, 2 419 5.17, 5 542 0.86, 5 70 2.14, 5 88 3, 5 48 3.66, 
Transaction 889:10 55 1.86, 10 55 1.71, 12 162 6.96, 1 25 3.11, 1 23 3.37, 1 43 3.35, 1 42 2.4, 13 85 0.8, 15 77 2.48, 15 24 2.03, 17 64 1.6, 1 305 2.59, 1 34 3.32, 7 50 0.83, 13 63 1.4, 8 139 1.82, 6 104 0.92, 6 157 0.99, 6 23 1.35, 6 52 1.5, 8 192 1.71, 8 31 1.01, 8 28 1.84, 2 700 6.96, 5 35 1.92, 
Transaction 890:10 48 6.4, 10 41 7, 18 83 1.82, 18 55 9.22, 18 147 5.41, 1 82 0.89, 18 103 2.55, 18 35 6.13, 18 63 7.46, 18 35 1.72, 1 229 0.31, 18 86 7.53, 18 68 10.14, 18 51 4.46, 18 57 6.49, 6 370 2.35, 17 48 2.67, 17 35 1.5, 17 18 7.92, 17 16 1.55, 16 181 3.28, 7 29 8.74, 2 445 9.63, 2 138 18.58, 5 350 2.82, 3 68 5.06, 
Transaction 891:10 44 3.01, 10 84 3.63, 10 39 1.05, 10 40 2.26, 14 50 7.26, 14 25 12.58, 18 168 6.54, 12 49 3.71, 13 141 1.37, 15 27 4.63, 15 29 3.44, 15 23 2.08, 6 111 1.8, 6 29 2.05, 6 44 1.17, 6 25 1.98, 17 27 9.96, 5 111 0.83, 3 124 3.98, 3 85 6.05, 
Transaction 892:10 30 1.64, 10 56 1.67, 10 36 0.3, 10 35 0.2, 10 36 1.23, 18 193 1.97, 18 116 0.39, 7 311 1.6, 13 226 1.1, 13 64 1.82, 13 73 0.45, 13 42 0.69, 15 47 0.67, 10 72 0.38, 10 43 0.42, 14 35 6.59, 14 346 3.37, 14 51 2.22, 18 45 1.43, 18 53 0.01, 18 41 0.8, 18 67 1.84, 13 628 1.18, 15 38 0.88, 17 101 0.88, 13 98 1.32, 15 37 3.98, 15 28 3.32, 17 187 0.63, 17 36 2.76, 17 64 0.18, 5 116 2.74, 3 30 4.31, 3 37 3.5, 
Transaction 893:10 23 0.83, 10 30 1.54, 10 36 1.23, 10 41 0.96, 10 38 1.1, 10 35 1.5, 10 66 1.78, 10 39 0.92, 14 88 4.27, 18 134 1.34, 18 48 1.16, 12 54 3.81, 12 60 1, 13 208 0.91, 8 67 0.72, 3 438 3.58, 17 52 1.55, 4 42 1.15, 2 335 3.49, 11 151 1.02, 11 19 1.16, 5 51 2.72, 4 241 0.04, 2 274 1.08, 2 51 1.56, 2 111 4.17, 11 21 0.75, 5 22 1.99, 5 53 0.29, 3 110 2.54, 3 38 1.59, 
Transaction 894:10 48 5.23, 18 53 7.96, 18 31 5.77, 18 37 4.93, 18 47 3.52, 13 72 2.06, 17 173 9.01, 5 592 3.35, 3 75 3.58, 3 48 5.44, 
Transaction 895:10 37 0.16, 18 195 1.26, 12 391 4.56, 12 72 3.61, 7 82 1.55, 7 7 1.3, 13 107 1, 15 19 2.05, 15 13 2.26, 15 89 1.22, 10 52 0.24, 14 45 2.03, 12 225 5.57, 1 36 2.67, 15 134 2.04, 15 26 4.5, 15 44 4.73, 15 41 4.89, 15 46 1.11, 15 19 3.21, 8 137 0.76, 6 55 0.88, 6 94 1.89, 17 22 1.25, 17 71 0.8, 2 217 1.24, 2 67 4.22, 11 43 0.73, 5 30 0.03, 5 21 2.91, 5 9 3.52, 
Transaction 896:10 37 8.5, 10 29 7.85, 10 36 2.63, 18 178 1.87, 18 49 8.17, 1 380 0.22, 2 161 5.63, 
Transaction 897:14 321 4.1, 18 306 4.37, 18 204 3.86, 12 91 2.97, 1 42 1.02, 7 12 3.33, 13 58 0.24, 6 225 1.32, 4 256 4.95, 16 39 6.02, 16 45 5.22, 16 39 4.04, 7 13 7.82, 7 45 5.03, 13 43 0.49, 13 59 1.13, 12 170 1.03, 12 23 3.33, 12 29 8.95, 12 80 0, 7 90 6.3, 7 30 0.99, 13 126 0.98, 4 42 4.54, 16 49 6.13, 9 103 1.34, 1 70 1.59, 1 44 1.43, 7 9 7.48, 7 11 2.92, 7 10 0.24, 13 66 2.48, 13 48 1.26, 6 89 1.18, 6 23 0.95, 6 17 2.21, 4 129 0.69, 9 62 1.67, 9 24 2.49, 9 21 1.58, 9 36 1.25, 2 95 7, 2 46 8.65, 11 35 6.16, 
Transaction 898:10 35 2.72, 10 82 6.6, 8 162 1.65, 8 36 2.28, 8 35 2.21, 8 82 4.95, 6 59 1.53, 17 17 2.92, 16 186 1.17, 9 147 1.67, 9 83 1.25, 2 287 17.29, 5 167 1.56, 
Transaction 899:10 75 4.23, 10 45 5.49, 12 172 8.28, 1 175 0.91, 1 52 0.55, 13 279 1.53, 15 125 0.54, 15 58 1.83, 15 97 3.28, 4 155 4.75, 16 52 5.05, 7 24 9.88, 13 117 0.14, 15 33 2.65, 17 204 11.74, 2 750 3.26, 5 228 0.59, 5 110 2.49, 5 51 2.88, 
Transaction 900:10 32 3.47, 10 71 4.84, 10 66 7.28, 10 89 4.73, 12 231 8.83, 1 62 0.5, 7 227 6.54, 13 102 3.37, 7 43 6.94, 16 249 3.3, 16 73 4.26, 16 48 3.84, 9 467 0.98, 2 501 13.21, 2 45 11.83, 
Transaction 901:10 47 4.3, 10 37 2.08, 10 46 5.43, 10 99 5.94, 10 43 3.91, 1 181 0.56, 15 70 2.43, 15 90 3, 15 63 2.67, 6 123 1.14, 6 25 1.24, 6 56 1.05, 17 39 4.14, 15 102 3.93, 15 22 4.19, 8 63 5.69, 17 91 0.29, 16 90 4.88, 2 97 8.66, 5 282 4.69, 3 104 4.95, 
Transaction 902:10 43 1.56, 10 43 0.52, 10 32 1.24, 18 107 1.47, 18 43 1.68, 1 811 2.16, 5 872 3.12, 5 88 1.39, 5 26 1.49, 3 106 3.9, 3 30 2.15, 
Transaction 903:12 411 7.14, 1 9 1.03, 1 49 0.74, 1 38 0.92, 1 21 1.49, 7 55 5.25, 7 17 2.67, 13 109 1.28, 13 48 2.04, 7 66 2.33, 7 13 2.75, 13 46 1.77, 13 52 3.67, 14 239 9.24, 14 144 15.64, 14 47 0.87, 14 30 4.29, 14 34 10.29, 14 41 5.84, 14 43 17.42, 12 144 5.04, 12 47 3.56, 1 36 1.2, 7 13 10.8, 15 115 1.25, 8 291 2.22, 6 239 0.63, 6 64 1.58, 
Transaction 904:10 23 3.26, 10 44 3.42, 10 29 5.48, 18 94 7.6, 18 57 8.91, 18 65 2.26, 18 45 4.85, 1 370 1.07, 13 202 1.64, 13 48 1.8, 13 51 1.72, 15 59 1.47, 15 28 0.58, 6 203 0.59, 17 115 6.64, 17 18 6.64, 4 38 0.52, 4 101 2.56, 4 54 6.22, 9 159 1.62, 5 314 3.6, 
Transaction 905:14 82 10.1, 14 60 5.67, 10 28 3.07, 18 180 6.13, 18 53 4.51, 18 69 5.86, 12 79 0.01, 12 51 5.55, 12 122 3.15, 12 39 6.14, 10 405 8.98, 14 43 2.26, 12 177 6.21, 12 105 3.79, 1 121 0.97, 1 95 1, 12 24 3.6, 12 67 8.73, 1 63 0.39, 15 153 4.63, 13 74 3.75, 15 36 3.12, 15 36 2.38, 15 91 2.54, 15 40 3.44, 15 46 2.59, 8 36 5.03, 6 169 1.79, 6 184 1.49, 4 160 3.48, 16 150 0.4, 9 127 1.62, 2 264 9.59, 2 36 3.1, 5 60 2.7, 5 90 3.53, 5 29 3.1, 5 44 4.89, 5 46 1.06, 
Transaction 906:10 37 6.74, 18 150 0.36, 7 84 3.33, 15 105 3.76, 15 26 2.02, 10 83 6.8, 10 30 5.52, 18 105 5.8, 1 327 2.07, 1 123 1.18, 7 57 2.87, 15 78 3.29, 15 13 1.9, 6 100 1.42, 17 23 4.73, 17 34 3.74, 16 212 2.74, 16 268 2.11, 3 295 5.75, 3 28 4.2, 
Transaction 907:10 67 1.28, 14 133 12, 12 290 8.06, 13 75 2.05, 4 105 5.98, 4 72 6.66, 16 173 4.65, 11 194 6.87, 5 27 2.99, 3 66 5.11, 
Transaction 908:10 96 4.06, 12 241 8.61, 1 77 1.25, 7 173 7.93, 11 386 1.85, 11 24 4.54, 11 38 9.73, 
Transaction 909:10 84 1.28, 14 67 3.23, 12 137 9.36, 7 114 2.37, 8 110 1.56, 6 30 1.49, 6 43 2.08, 6 53 1.17, 17 72 2.06, 7 145 1.03, 4 318 1.81, 9 277 7.17, 2 49 0.78, 5 152 5.51, 3 108 5.04, 3 94 6.44, 
Transaction 910:14 62 15.56, 14 100 1.67, 14 52 10.86, 18 61 0.62, 18 126 2.55, 12 443 4.81, 12 42 10.21, 6 394 0.58, 6 88 0.81, 8 41 2.16, 8 62 3.11, 6 98 1.35, 4 316 4.4, 16 62 2.62, 16 35 5.55, 16 34 3.75, 16 49 1.4, 9 98 1.7, 9 99 1.42, 16 76 0.45, 16 49 5.26, 16 75 4.9, 9 131 1.7, 9 123 1.08, 9 75 1.63, 2 207 11.51, 2 63 13.64, 11 20 12.83, 
Transaction 911:10 35 3.39, 12 321 6.9, 15 472 1.75, 8 104 4.73, 8 36 5.26, 8 39 2.99, 8 27 0.23, 6 60 0.82, 6 163 1.72, 17 95 4.9, 17 25 6.82, 17 25 1.05, 15 108 2.31, 15 38 3.21, 8 21 2.88, 8 41 7.01, 8 15 2.66, 8 31 3.69, 8 64 6.18, 6 56 1.42, 16 168 3.87, 11 182 7.12, 5 164 3.22, 5 23 1.53, 11 42 7.56, 2 58 5.32, 5 62 3.72, 3 72 3.41, 
Transaction 912:10 37 0.97, 14 36 2.06, 18 34 1.8, 1 288 2.47, 1 78 1.36, 13 126 1.72, 8 306 1.5, 6 62 1.22, 17 24 0.56, 17 33 1.55, 15 300 3.77, 15 86 3.01, 15 36 4.55, 8 43 2.59, 17 144 1.64, 17 24 0.68, 17 25 2.65, 17 32 1.65, 3 55 1.45, 
Transaction 913:14 82 1.96, 14 21 3.08, 12 290 5.74, 12 50 3.31, 12 46 4.88, 12 26 3.55, 1 44 3.06, 1 76 3.81, 7 8 2.18, 7 10 2.44, 7 10 2.15, 13 71 1, 13 103 0.63, 14 297 2.58, 12 148 4.22, 1 38 3.21, 1 14 2.7, 7 11 1.23, 7 11 0.95, 7 8 0.6, 13 54 0.75, 15 46 1.3, 8 114 2.3, 6 185 1.39, 6 19 1.42, 4 191 2.5, 16 43 1.37, 9 24 4.63, 2 34 1.99, 2 90 0.47, 9 11 1.61, 9 21 5.31, 9 24 8.68, 9 20 7.06, 9 23 5.29, 9 24 3.38, 9 33 5.24, 9 29 2.4, 9 32 9.47, 9 19 4.85, 9 21 4.64, 9 25 6.03, 9 16 3.49, 9 22 7.33, 2 67 1.7, 2 51 3.39, 2 60 3.29, 11 22 1.67, 4 142 1.84, 4 40 1.36, 4 50 0.11, 4 56 1.03, 4 61 1.16, 4 49 1.53, 16 45 1.65, 16 23 0.93, 4 135 0.86, 4 70 0.29, 4 51 0.67, 16 54 1.72, 9 26 8.01, 9 28 6.66, 9 21 1.63, 2 47 2.38, 
Transaction 914:10 163 2.09, 10 99 7.12, 14 22 8.82, 14 131 10.46, 6 278 0.73, 6 47 2.65, 6 43 1.56, 11 650 12.04, 11 169 6.57, 5 61 6.73, 3 43 3.11, 
Transaction 915:10 29 0.58, 18 129 1.26, 18 43 2.69, 18 73 0.22, 13 532 0.07, 13 61 0.68, 4 94 1.22, 4 101 0.03, 17 29 3.04, 17 31 2.06, 17 29 1.42, 3 269 4.38, 
Transaction 916:10 19 3.7, 10 35 5.06, 18 71 5.15, 18 42 3.58, 13 425 2.9, 15 106 2.77, 15 23 3.53, 15 32 3.51, 15 39 3.1, 15 89 2.42, 17 204 9.01, 17 26 5.7, 17 26 6.55, 17 35 6.62, 17 28 7.05, 17 22 6.34, 17 44 1.72, 17 71 8.74, 17 47 8.24, 17 26 7.56, 17 43 2.02, 17 16 0.19, 6 53 0.51, 6 131 1.71, 17 24 5.61, 17 31 2.47, 17 42 7.57, 8 117 4.43, 8 121 3.25, 8 38 5.45, 6 40 1.27, 6 163 1.42, 17 26 4.92, 17 28 4.06, 17 45 7.44, 17 31 2.92, 15 49 1.66, 15 26 1.22, 15 121 0.33, 17 33 8.31, 4 61 7.93, 9 520 2.45, 9 526 1.98, 5 424 1.34, 3 55 8.77, 3 46 4.3, 3 39 6.1, 
Transaction 917:12 407 3.54, 12 65 6.78, 12 58 7.12, 1 74 3.64, 13 276 1.15, 15 40 0.25, 15 93 1.01, 15 41 0.36, 8 81 2.1, 8 31 1.38, 8 55 1.53, 8 24 1.48, 8 21 1.86, 8 57 0.55, 8 20 1.65, 8 111 1.06, 6 293 0.07, 4 284 1.28, 16 143 0.78, 16 104 0.53, 5 387 3.3, 5 24 3.28, 5 27 0.66, 
Transaction 918:10 41 1.97, 10 43 1.1, 18 100 0.45, 13 438 0.41, 15 99 4.16, 10 20 1.66, 18 107 1.87, 13 252 1.7, 15 25 3.21, 15 44 4.49, 15 30 2.28, 15 231 1.16, 17 7 2.89, 17 36 1.02, 17 26 2.3, 16 91 0.94, 1 247 1.54, 1 259 4.51, 1 132 2.53, 15 155 4.59, 15 44 3.9, 15 47 2.16, 15 44 2.73, 15 114 3.8, 17 25 2.34, 17 34 0.12, 17 34 0.97, 17 35 1.92, 17 28 1.48, 4 54 0.06, 16 64 1.38, 16 315 0.27, 15 178 1.96, 15 41 3.53, 15 60 2.39, 15 48 6.5, 8 25 1.68, 8 171 1.57, 6 143 1.78, 6 78 1.54, 17 27 1.72, 6 155 1.83, 6 39 1.55, 6 49 0.75, 6 53 2.25, 6 59 2.51, 17 14 1.17, 17 18 1.94, 17 28 1.49, 16 166 0.66, 13 129 2.01, 8 93 0.89, 6 118 0.62, 6 54 1.19, 17 186 0.37, 16 106 1.86, 5 472 1.13, 3 35 3.57, 3 52 7.69, 
Transaction 919:10 43 4.32, 10 41 3.65, 18 98 5.8, 18 64 5.94, 18 143 6.75, 18 58 8.95, 18 75 10.09, 1 197 0.79, 13 181 1.6, 13 59 3.21, 13 69 0.61, 15 125 3.14, 15 54 4.33, 15 50 2.27, 15 27 2.7, 6 146 1.87, 17 27 7.52, 9 179 1.28, 5 113 4.13, 3 90 6.69, 3 52 3.62, 
Transaction 920:10 45 5.02, 18 110 1.01, 18 267 5.3, 18 45 9.23, 1 174 0.44, 13 141 1.92, 13 58 1.42, 15 53 1.1, 15 28 2.29, 15 32 3.37, 15 70 2.52, 15 25 2.95, 15 47 2.87, 15 66 3.14, 17 87 5.81, 4 57 4.13, 3 708 1.46, 
Transaction 921:10 99 1.05, 10 68 1.92, 10 32 0.53, 10 25 2.04, 14 100 4.37, 14 150 1.78, 18 170 0.51, 18 123 0.78, 18 194 2.07, 18 103 1.4, 18 67 1.18, 18 41 1, 1 179 3.27, 1 85 0.29, 2 322 2.9, 2 188 3.7, 2 196 4.59, 
Transaction 922:10 46 1.3, 10 46 1.11, 10 93 1.51, 10 41 1.14, 14 29 3.38, 18 140 1.71, 18 84 1.25, 1 65 1.64, 1 41 3.8, 15 81 3.52, 10 59 1.22, 10 43 1.27, 10 59 2.24, 10 34 0.63, 14 23 2.49, 18 34 0.6, 18 202 1.37, 1 512 3.48, 1 34 2.13, 1 37 1.78, 15 315 4.15, 8 250 0.39, 17 74 1.11, 17 15 1.79, 17 61 2.09, 17 54 1.63, 3 112 0.91, 3 56 4.73, 3 49 6.88, 3 40 6.35, 
Transaction 923:10 44 1.43, 10 71 1.18, 10 109 1.79, 10 62 0.47, 18 95 1.45, 18 108 1.58, 18 20 0.47, 18 65 0.82, 18 79 0.85, 18 64 0.12, 1 80 1.65, 13 78 1.09, 13 64 0.93, 13 53 1.17, 13 46 1.46, 9 144 3.78, 2 100 1.65, 5 368 1.21, 5 8 1.52, 5 40 1.62, 
Transaction 924:10 39 7.74, 10 45 5.9, 1 284 1.35, 1 41 0.78, 1 105 0.88, 1 145 1.81, 7 56 3.42, 16 52 2.11, 16 113 3.62, 16 38 3.19, 16 45 4.33, 9 96 1.29, 2 470 9.59, 5 110 0.14, 3 44 0.95, 
Transaction 925:14 59 15.06, 14 70 14.82, 12 259 5.49, 7 207 6.5, 13 67 3.84, 15 369 2.43, 6 598 2.45, 6 76 0.69, 4 176 4.56, 4 240 4.13, 16 23 6.83, 9 109 1.77, 9 93 2.1, 2 168 8.24, 2 26 11.53, 11 58 4.69, 
Transaction 926:10 31 0.21, 10 31 0.6, 10 39 0.63, 12 430 0.53, 12 81 2.05, 12 111 2.56, 12 60 2.62, 13 555 0.94, 13 51 1.45, 15 245 2.7, 15 83 1.32, 15 50 0.54, 15 52 0.07, 6 251 1.46, 6 128 1.18, 6 62 0.2, 6 63 1.26, 16 206 1.11, 11 73 1.63, 5 49 2.07, 
Transaction 927:10 48 1.91, 10 63 1.17, 1 248 2.51, 1 45 3.18, 1 24 1.16, 1 76 4.47, 13 71 0.88, 15 21 4.76, 15 30 3.38, 8 93 1.23, 6 235 0.36, 6 60 0.87, 6 16 1.52, 17 31 2.23, 17 36 3.22, 15 25 3.65, 15 92 6.36, 15 33 1.86, 15 21 2.79, 17 33 0.61, 17 18 1.36, 17 23 2.16, 16 67 1.87, 2 86 3.93, 3 179 3.2, 3 28 5.11, 3 48 1.06, 3 39 0.62, 3 93 6.17, 
Transaction 928:14 234 5.49, 18 435 0.46, 12 72 6.59, 12 31 2.86, 1 23 1.47, 1 26 2.57, 13 64 2.16, 13 51 0.6, 15 26 1.68, 6 71 2, 4 94 1.43, 4 74 0.48, 4 60 2.41, 16 26 1.02, 16 32 1.27, 16 28 1.12, 9 21 10.51, 9 15 2.27, 2 68 1.63, 2 81 3.71, 11 35 2.67, 
Transaction 929:14 181 1.48, 14 40 3.65, 12 225 3.44, 12 43 3.44, 1 35 3.87, 7 13 1.31, 7 10 1.63, 7 12 2.41, 13 35 0.63, 13 37 1.77, 13 51 0.92, 13 53 2.02, 7 12 0.65, 
Transaction 930:10 43 1.56, 14 129 4.15, 12 251 2.9, 12 112 6.72, 12 25 6.18, 7 83 4.09, 13 70 0.88, 13 45 1.96, 13 181 1.65, 13 46 2.99, 15 22 0.74, 8 117 2.86, 8 62 6.29, 8 30 6.43, 8 144 4.29, 2 526 4.7, 5 204 1.58, 11 26 2.39, 5 6 2.56, 5 7 0.85, 5 23 0.31, 5 10 2.9, 
Transaction 931:10 163 3.86, 14 134 5.35, 12 167 5.94, 7 39 3.19, 6 269 2.37, 6 25 0.72, 
Transaction 932:14 71 4.16, 14 69 4.77, 18 255 0.37, 12 181 6.05, 12 60 2.38, 12 89 5.52, 13 92 0.84, 8 168 1.59, 6 85 1.66, 6 71 1.07, 6 17 1.53, 6 19 1.28, 4 111 1.96, 4 91 1.09, 16 124 1.72, 9 100 6.3, 11 141 1.4, 5 13 2.45, 3 26 3.96, 3 35 1.39, 
Transaction 933:10 43 0.37, 10 97 1.4, 1 239 2.06, 15 93 4.12, 15 36 4.08, 15 39 1, 15 33 1.95, 8 60 1.74, 6 23 1.19, 17 52 2.73, 13 119 2.22, 17 84 0.04, 3 133 5.49, 
Transaction 934:10 47 6.17, 10 61 1.94, 10 62 7.61, 15 82 2.07, 15 50 1.49, 8 45 0.54, 6 30 1.81, 6 19 0.84, 16 313 2.88, 16 125 3.05, 16 319 4.52, 2 258 5.84, 11 32 3.99, 11 435 15.84, 11 47 10.79, 5 13 2.09, 5 7 0.97, 3 67 6.35, 17 35 8.35, 4 103 3.73, 16 236 4.27, 16 41 5.78, 11 341 4.48, 5 28 2.13, 3 198 2.69, 
Transaction 935:14 284 3.19, 12 150 4.99, 12 64 4.69, 1 76 1.56, 12 52 3.98, 1 92 4.33, 1 79 2.09, 13 90 0.64, 13 40 1.53, 4 44 1.5, 4 30 1.5, 4 51 1.26, 16 73 1.36, 13 97 1.67, 8 123 0.76, 6 81 0.51, 6 55 1.97, 4 76 1.46, 16 45 1.11, 16 58 1.06, 16 109 0.76, 16 27 0.08, 16 30 2.14, 9 199 5.76, 9 49 6.55, 9 113 5.48, 9 85 6.59, 9 135 2.14, 9 100 3.86, 2 36 4.16, 2 51 3.08, 2 53 4.38, 2 38 1.96, 2 35 1.23, 2 41 1.87, 2 76 0.22, 2 71 2.94, 
Transaction 936:10 111 7.98, 18 187 3.46, 13 156 1.15, 13 58 0.04, 15 86 2.11, 15 29 0.44, 6 83 1.71, 6 25 1.51, 6 15 1.36, 6 21 1.36, 6 28 0.77, 17 32 6.6, 17 19 5.32, 4 57 3.38, 4 65 3.68, 1 405 0.66, 15 249 2.42, 17 50 8.17, 17 41 3.47, 5 580 1.07, 3 63 0.8, 3 42 3.55, 17 21 9.99, 16 154 2.17, 9 49 1.4, 1 177 1.04, 1 76 0.37, 7 44 4.55, 13 65 4.36, 15 29 0.36, 15 24 0.91, 15 17 2.21, 15 21 4.37, 8 49 3.66, 8 59 4.62, 8 134 7.39, 8 248 4.14, 6 128 0.71, 17 48 7.16, 17 16 4.21, 3 33 3.58, 
Transaction 937:10 134 2.34, 10 51 0.9, 10 50 1.24, 10 44 1.25, 14 27 3.02, 14 112 4.72, 14 30 2.02, 12 142 3.27, 1 60 4.6, 1 75 2.29, 15 303 3.02, 15 29 3.64, 15 122 4.01, 15 12 0.45, 8 82 1.32, 6 32 1.12, 6 47 2.02, 17 47 1.94, 4 120 2.13, 5 18 2.39, 
Transaction 938:10 56 1.2, 14 39 2.48, 14 244 5.18, 10 33 0.29, 18 260 1.51, 18 55 0.15, 12 39 5.79, 1 156 4.71, 13 102 1.3, 4 330 1.46, 9 325 2.91, 2 45 2.43, 2 224 2.21, 9 103 5.44, 1 78 3.12, 7 70 0.95, 7 40 1.22, 15 70 3.39, 8 5 1.47, 6 58 0.8, 6 170 0.99, 6 121 1.35, 17 26 1.81, 17 71 1.2, 4 52 1.19, 9 440 10.89, 2 55 2.78, 5 103 1.23, 17 67 1.61, 17 30 0.78, 16 215 0.52, 16 55 1.59, 2 296 1.35, 2 149 3.62, 11 89 0.63, 11 17 0.59, 11 28 0.65, 4 253 2.4, 16 169 0.38, 9 527 2.51, 2 566 3.31, 2 93 2.91, 2 60 1.64, 11 33 1.16, 11 16 0.68, 5 11 3.13, 
Transaction 939:14 79 5.71, 14 68 12.41, 8 298 0.67, 8 118 3.96, 6 22 2.33, 17 78 6.28, 4 48 2.22, 
Transaction 940:10 70 1.68, 12 257 6.01, 1 38 1.48, 1 50 1.57, 13 123 0.45, 11 524 5.3, 
Transaction 941:10 86 5.4, 10 41 6.47, 10 39 2.3, 10 32 3.99, 18 150 3.67, 12 44 6.72, 12 97 3.34, 1 44 1.36, 7 87 6.73, 7 21 7.29, 13 46 1.02, 13 97 0.4, 8 158 3.06, 8 45 0.29, 6 112 1.61, 17 23 4.82, 6 78 2.26, 6 48 1.82, 17 63 9.7, 15 73 3.8, 10 90 8.89, 10 78 2.42, 14 94 9.84, 18 85 4.31, 12 178 5.6, 12 65 5.98, 1 33 1.25, 1 48 1.25, 1 228 1.1, 7 27 2.41, 7 23 3.33, 13 101 2.4, 15 40 1.63, 15 60 2.82, 15 31 6.24, 15 43 3.6, 17 60 0.22, 4 208 4.38, 4 97 4.31, 5 261 2.58, 3 122 2.96, 
Transaction 942:10 90 0.68, 15 63 3.84, 8 140 2.35, 8 112 0.94, 8 55 1.54, 8 82 0.47, 6 22 1.48, 6 39 1.83, 17 44 1.19, 16 204 0.22, 2 66 2.02, 5 129 2.55, 
Transaction 943:10 31 1.42, 10 38 0.8, 18 260 0.91, 18 62 1.32, 18 101 1.61, 18 160 0.01, 12 65 4.09, 1 99 1.37, 15 139 5.75, 8 36 0.21, 
Transaction 944:10 81 6.09, 10 45 2.52, 14 170 9.48, 18 99 5.2, 18 184 4.14, 12 201 10.46, 12 37 4.93, 12 85 8.09, 12 40 6.32, 1 30 1.41, 1 35 0.9, 13 170 1.53, 15 44 3.38, 15 50 0.44, 15 25 2.17, 8 70 6, 8 43 4.05, 8 60 2.49, 6 37 0.64, 
Transaction 945:10 62 1.93, 10 30 1.55, 10 40 0.63, 18 311 1.94, 7 209 0.96, 15 146 1.79, 15 43 6.12, 10 28 1.53, 10 38 1.28, 10 44 1.31, 18 138 0.7, 18 48 1.53, 1 235 2.55, 13 126 0.11, 15 46 2.68, 8 63 0.65, 6 192 2.01, 6 82 1.52, 6 50 0.51, 6 174 1.08, 17 121 0.93, 16 284 2.3, 9 423 8.96, 9 143 5.79, 9 242 8.66, 2 444 0.52, 2 171 3.05, 
Transaction 946:1 479 3.65, 7 249 1.55, 13 54 1.67, 13 131 1.96, 13 61 1.22, 13 70 2.21, 13 45 1.76, 15 43 5.29, 8 155 2.79, 6 94 1.28, 5 110 1.2, 
Transaction 947:10 33 1.47, 15 175 4.64, 15 71 3.67, 8 51 1.12, 17 90 0.08, 4 169 1.31, 16 86 2.01, 11 315 0.87, 3 70 2.14, 3 58 5.21, 
Transaction 948:10 39 6.56, 14 28 6.29, 14 36 6.38, 14 37 7.27, 14 81 13.64, 14 34 12.73, 12 237 4.54, 12 33 6.79, 1 134 1.21, 13 141 1.58, 8 153 3.62, 8 30 3.62, 8 29 6.37, 8 40 3.85, 6 259 1.56, 6 99 0.37, 6 65 1.27, 6 83 0.04, 4 105 2.25, 16 127 5.51, 9 203 0.89, 2 53 8.47, 5 57 3.52, 5 55 1.25, 5 18 2.99, 
Transaction 949:10 31 0.67, 18 130 0.92, 18 64 1.85, 18 59 1.21, 15 328 5.43, 8 96 0.62, 17 149 0.82, 4 264 2.09, 16 209 1.34, 16 51 0.95, 16 22 0.84, 16 97 1.23, 16 105 0.77, 9 70 8.63, 9 55 3.75, 9 425 7.26, 9 38 5.31, 9 209 7.38, 9 159 3.63, 2 293 2.1, 3 103 3.44, 3 29 2.37, 5 19 3.51, 5 8 2.07, 5 13 2.56, 3 42 3.42, 3 55 4.76, 3 68 4.66, 
Transaction 950:10 48 0.39, 10 58 0.42, 14 69 3.35, 13 10 0.69, 13 113 0.32, 13 54 1.21, 13 82 1.5, 8 65 1.46, 6 26 1.06, 6 22 1.05, 6 35 2.34, 
Transaction 951:14 65 11.89, 18 263 7.62, 12 40 2.35, 12 62 11.39, 7 221 6.18, 13 30 2.38, 13 49 1.99, 13 98 2.75, 15 53 2.26, 15 59 4.3, 15 56 3.55, 11 519 10.32, 5 35 2.64, 5 69 2.32, 
Transaction 952:10 35 0.98, 10 59 1.69, 10 34 0.75, 10 70 0.21, 14 56 2.7, 18 214 0.05, 1 128 3.22, 13 54 1.55, 15 230 3.97, 15 31 3.75, 15 24 3.48, 15 23 3.14, 15 28 0.12, 10 68 1.65, 10 37 1.42, 1 240 0.58, 1 37 3.87, 1 35 1.47, 17 425 0.36, 17 23 3.21, 17 32 1.35, 17 29 2.29, 8 176 1.37, 8 131 1.21, 8 67 0.75, 8 42 0.53, 8 77 2.11, 6 64 0.38, 6 21 1.94, 6 27 1.51, 6 78 1.39, 17 84 2.05, 2 185 4.32, 11 64 1.59, 11 102 1.38, 
Transaction 953:15 119 0.87, 15 20 2.9, 8 56 2.19, 6 64 0.86, 17 71 2.78, 16 276 1.21, 2 147 3.61, 2 61 5, 2 119 4.15, 
Transaction 954:8 24 0.45, 6 25 1.12, 6 51 0.95, 6 80 1.15, 17 23 3.26, 
Transaction 955:10 36 10.46, 15 93 3.03, 15 32 2.05, 15 13 4.88, 15 41 4.1, 6 104 0.54, 6 19 1.45, 6 57 0.63, 17 20 3.16, 9 308 2.11, 9 85 0.84, 2 142 5.32, 
Transaction 956:10 74 0.54, 10 73 2.03, 18 351 2.3, 12 238 4.05, 12 98 2.79, 12 30 2.72, 1 42 0.01, 13 45 1.76, 17 137 0.18, 3 38 3.58, 
Transaction 957:10 50 1.32, 15 72 2.64, 15 23 2.82, 17 25 2.03, 17 71 1.16, 16 76 0.61, 5 277 3.71, 
Transaction 958:14 126 3.72, 7 139 1.22, 7 8 1.6, 13 32 1.85, 13 102 1.31, 13 56 0.91, 13 44 1.13, 8 132 1.15, 8 191 2.1, 4 271 1.83, 4 52 0.49, 16 55 0.92, 9 17 0.88, 9 39 5.89, 9 26 4.56, 16 40 1.27, 9 29 5.29, 9 30 6.35, 9 19 3.83, 2 74 5.63, 2 69 2.47, 
Transaction 959:14 124 2.51, 14 35 3.21, 14 27 2.67, 12 138 1.03, 7 26 1.66, 16 50 0.74, 9 26 5.43, 9 39 3.76, 2 104 1.24, 2 49 3.38, 
Transaction 960:14 132 2.51, 14 32 7.15, 14 29 3.04, 14 18 4.15, 12 139 4.95, 12 14 2.95, 12 47 7.39, 12 27 5.79, 7 72 0.46, 13 34 0.38, 4 49 2.54, 4 62 0.88, 4 62 2.25, 16 39 0.64, 16 38 0.71, 16 25 1.88, 16 37 1.12, 16 42 2.16, 16 32 1.9, 9 18 4.79, 2 79 0.92, 2 51 4.68, 2 67 1.92, 11 53 1.78, 
Transaction 961:10 63 1.78, 18 123 7.29, 18 58 8.59, 1 148 0.17, 7 58 4.01, 15 98 5.3, 14 91 4.83, 18 365 2.76, 18 42 5.14, 7 43 3.11, 15 277 1.72, 10 63 1.66, 12 181 2.45, 12 31 4.7, 12 31 4.85, 1 99 1.76, 1 37 0.38, 15 123 2.24, 8 50 5.86, 8 26 3.97, 8 33 1.41, 8 65 5.25, 8 23 4.04, 15 117 1.05, 15 29 2.56, 8 109 4.57, 17 240 3.84, 16 135 4.84, 16 53 1.29, 16 58 9.57, 11 145 7.94, 5 24 2.53, 5 19 0.04, 5 26 4.17, 5 11 4.76, 
Transaction 962:8 43 0.03, 8 70 0.9, 8 45 0.49, 8 43 1.89, 6 46 1.08, 6 28 0.97, 7 213 1.7, 16 108 0.76, 2 256 2.25, 2 413 2.99, 2 70 0.79, 5 108 3.01, 5 32 1.84, 
Transaction 963:10 46 0.23, 18 180 1.38, 12 53 5.31, 12 30 5.26, 1 52 2.76, 13 118 0.52, 13 112 1.43, 13 34 1.38, 13 77 0.38, 13 53 0.97, 15 31 2.76, 8 34 0.41, 8 68 0.03, 8 70 1.85, 6 59 2.03, 17 74 2.34, 17 14 0.57, 4 110 2.89, 13 66 1.14, 13 36 0.38, 15 35 4.15, 8 116 1.27, 8 42 0.5, 17 79 2.49, 17 40 0.76, 4 481 0.98, 9 619 3.86, 2 60 2.97, 5 70 2.34, 
Transaction 964:14 84 4.26, 14 34 2.4, 14 23 2.75, 12 179 4.85, 1 87 1.33, 1 107 1.96, 7 68 1.68, 13 101 1.83, 6 456 1.64, 6 56 1.35, 
Transaction 965:10 132 2.36, 10 139 0.81, 18 195 0.6, 12 34 5.2, 12 44 5.09, 1 84 1.82, 7 12 1.17, 15 76 4.58, 8 103 1.22, 8 52 1.56, 8 30 0.89, 8 142 1.54, 17 80 2.33, 16 261 1.43, 16 134 1.16, 16 162 0.11, 11 94 1.16, 
Transaction 966:10 64 0.49, 10 38 0.51, 10 101 0.51, 10 37 1.22, 12 562 7.98, 1 172 3.23, 1 455 5.28, 1 164 1.48, 7 340 2.46, 13 48 0.58, 13 120 0.01, 15 114 2.67, 8 30 1.2, 8 35 0.25, 8 49 1.8, 6 115 0.16, 6 55 1.47, 6 135 1.13, 16 373 0.87, 
Transaction 967:10 31 0.97, 10 54 0.7, 10 40 0.29, 10 54 1.01, 10 38 0.22, 10 57 1.13, 10 38 0.34, 10 31 0.34, 10 23 0.51, 10 41 0.95, 10 37 0.63, 10 34 0.78, 18 90 1.78, 18 34 1.81, 15 200 4.96, 15 33 6.18, 8 190 1.85, 8 43 0.44, 6 39 1.49, 6 30 0.99, 6 58 2.25, 6 56 2.87, 6 49 1.73, 17 56 0.66, 17 38 2.04, 17 33 0.85, 3 699 4.42, 
Transaction 968:10 40 0.61, 18 236 0.69, 12 95 7.25, 1 24 1.71, 9 68 10, 11 573 0.85, 5 30 2.54, 
Transaction 969:10 39 0.96, 10 88 1.1, 10 66 0.92, 10 45 1.06, 18 135 1.21, 12 66 3.11, 1 59 2.17, 1 110 2.18, 13 63 1.68, 15 32 3.49, 15 41 6.57, 8 41 2.93, 8 45 1.18, 6 144 1.76, 6 86 1.99, 17 28 2.34, 9 600 5.49, 16 263 0.62, 2 490 2.42, 5 130 3.41, 5 137 3.28, 3 61 1.81, 
Transaction 970:10 59 6.36, 10 44 0.51, 10 42 3.49, 18 80 2.96, 13 171 2.15, 13 170 0.58, 16 48 6.49, 16 170 5.18, 16 39 1.96, 11 150 9.5, 3 74 2.53, 3 21 6.76, 3 33 5.33, 3 24 4.22, 3 77 5.01, 
Transaction 971:10 34 3.6, 10 42 5.57, 10 42 5.11, 10 36 7.91, 10 37 4.74, 10 27 5.92, 18 125 2.86, 18 59 4.72, 18 30 8.62, 18 58 7.4, 1 264 0.76, 13 328 2.59, 4 162 2.05, 4 78 3.37, 5 399 4.17, 3 129 2.76, 3 39 4.71, 5 72 0.29, 5 35 3.67, 5 29 4.28, 5 144 1.4, 
Transaction 972:10 76 2.88, 10 105 4.93, 10 79 5.59, 10 47 7.04, 13 534 0.69, 7 59 7.43, 7 16 5.71, 13 105 1.52, 13 31 1.74, 13 46 1.84, 7 22 3.81, 13 46 2.59, 15 64 3.19, 15 41 0.14, 6 113 0.71, 
Transaction 973:10 38 3.91, 10 40 1.67, 18 151 3.44, 12 247 1.75, 1 247 1.34, 12 121 6.68, 12 48 8.55, 12 46 3.7, 12 49 1.63, 12 55 4.08, 12 34 7.04, 12 79 7.29, 1 124 0.34, 1 27 1.72, 12 48 0.13, 1 31 1.31, 1 32 0.4, 13 102 1.3, 15 42 0.81, 8 41 3.27, 8 44 0.8, 6 18 1.12, 6 11 0.26, 6 63 1.73, 6 18 0.58, 17 54 4.86, 16 143 5.62, 16 45 3.68, 9 230 2.18, 9 80 0.23, 2 59 5.29, 5 52 0.04, 
Transaction 974:10 35 0, 10 60 1, 14 65 3.72, 18 66 0.96, 18 45 1.95, 18 37 1.53, 7 37 1.67, 13 181 1.33, 13 43 0.59, 13 60 0.85, 13 27 1.22, 13 91 1.16, 15 17 1.3, 8 58 0.74, 17 115 1.5, 4 113 1.31, 1 138 2.25, 1 24 1.68, 1 25 1.9, 1 36 1.6, 1 49 2.96, 13 64 1.51, 13 147 1.44, 15 24 0.18, 15 15 3.55, 15 36 2.05, 6 123 0.57, 17 63 2.03, 17 48 2.26, 4 67 1.48, 16 74 0.33, 9 87 3.81, 2 63 2.89, 2 35 2.68, 5 57 1.86, 5 8 1.97, 5 46 4.01, 5 9 2.13, 
Transaction 975:10 62 3.4, 18 97 5.92, 1 201 0.28, 1 119 1.68, 7 165 3.25, 13 46 2.65, 15 313 1.9, 6 186 1.02, 17 24 6.84, 4 118 3.37, 9 152 2.73, 2 1062 8.48, 2 42 6.14, 2 320 13.97, 2 57 12.89, 3 61 1.58, 3 37 3.92, 
Transaction 976:14 92 9.62, 12 267 6.66, 12 63 5.2, 12 31 6.09, 12 42 5.34, 12 21 8.76, 12 27 5.97, 1 71 0.56, 1 26 0.51, 7 11 7.89, 13 50 1.94, 13 30 2.49, 18 312 3.37, 12 98 1.58, 12 45 11.56, 1 64 0.7, 1 21 0.14, 1 108 1.67, 1 34 2.04, 1 23 1.41, 1 111 0.87, 1 22 2.01, 7 13 0.91, 7 10 5.3, 7 10 8.36, 13 57 1.79, 15 61 4.4, 15 187 1.99, 8 154 5.07, 6 69 1.34, 4 69 6.72, 4 48 6.27, 4 67 2.41, 4 30 2.14, 4 39 1.88, 4 37 4.45, 9 62 1.8, 9 34 0.88, 1 30 1.79, 15 151 3.43, 14 612 3.17, 12 238 6.53, 12 41 7.76, 12 70 1.17, 1 19 0.89, 1 30 0.39, 7 24 5.78, 7 10 4.97, 13 49 1.07, 13 37 0.8, 13 47 0.03, 15 174 1.51, 6 130 2.12, 4 137 3.92, 16 47 1.47, 16 29 4.72, 9 23 1.73, 2 59 9.71, 
Transaction 977:10 47 0.8, 10 62 0.92, 10 35 1.2, 14 83 2.5, 18 44 2.2, 18 144 1.01, 18 80 1.32, 18 40 2.18, 12 44 5.41, 12 51 0.7, 12 80 5.68, 13 136 1.26, 13 56 0.36, 15 82 2.68, 8 38 1.09, 6 34 0.08, 17 95 2, 15 131 2.6, 15 23 3.93, 15 22 1.77, 8 71 1.56, 17 59 2.73, 16 61 0.54, 9 74 6.43, 2 243 0.62, 5 121 0.53, 5 40 2.08, 3 45 1.86, 
Transaction 978:18 269 1.34, 18 45 1.3, 14 88 2.76, 18 82 0.26, 18 58 1.77, 18 112 0.43, 15 245 5.64, 8 74 1.45, 8 23 1.05, 6 24 0.14, 17 53 1.82, 4 102 1.18, 
Transaction 979:10 87 0.59, 14 24 5.34, 12 263 6.04, 12 59 2.11, 1 212 3.76, 12 88 3.73, 1 115 2.67, 7 143 2.24, 8 157 1.86, 8 16 1.47, 17 91 2.21, 9 223 6.74, 9 183 7.34, 2 253 7.18, 2 43 2.93, 11 15 1.89, 11 352 2.05, 5 145 2.37, 
Transaction 980:10 29 7.15, 10 37 2.5, 10 37 8.82, 10 27 5.74, 10 30 1.43, 10 41 3.14, 10 27 6, 14 76 9.38, 14 85 11.12, 18 97 6.63, 18 56 10.01, 18 41 1.4, 15 199 4.22, 15 40 2.03, 15 49 1.98, 15 90 1.81, 6 151 1.62, 6 148 0.68, 6 121 2.15, 6 58 1.59, 6 68 0.64, 6 188 2.65, 17 28 4.5, 13 261 1.39, 8 71 4.3, 6 254 1.52, 6 75 1.46, 17 27 5.01, 17 69 9.17, 17 31 8.91, 17 31 11.66, 16 340 2.31, 3 210 7.14, 
Transaction 981:10 30 0.77, 10 39 1.66, 10 23 0.81, 10 25 0.9, 10 31 1.32, 10 29 0.82, 10 33 0.87, 18 113 1.19, 18 78 0.48, 18 34 0.92, 18 53 0.46, 1 220 3.82, 13 343 1, 13 188 0.66, 13 54 1.03, 13 58 1.57, 13 55 1.77, 15 51 2.25, 15 31 1.06, 17 72 0.43, 4 56 1.38, 16 120 0.25, 9 509 9.3, 9 108 8.48, 2 43 3.89, 5 65 1.35, 5 34 2.17, 3 64 5.46, 3 47 6.52, 3 67 1.71, 
Transaction 982:10 181 6.76, 14 152 0.37, 12 331 3.92, 12 52 8.02, 12 69 0.89, 1 77 1.54, 7 44 7.81, 7 33 2.62, 13 48 2.48, 6 485 2.1, 6 68 2.46, 4 299 5.76, 16 65 1.64, 9 59 2.54, 9 108 2.58, 9 87 0.92, 9 129 1.09, 9 120 2.66, 9 93 0.04, 9 90 2.81, 2 62 9.74, 2 87 10.67, 2 51 0.44, 11 22 11.51, 
Transaction 983:10 34 3.17, 10 33 3.56, 12 246 4.77, 1 110 1.26, 7 117 3.54, 15 132 1.5, 15 39 1.53, 17 54 3.05, 2 263 4.78, 2 201 1.77, 11 76 3.86, 5 79 4.2, 
Transaction 984:10 46 1.11, 10 35 0.62, 14 18 3.36, 18 64 1.64, 18 39 0.05, 18 61 1.07, 18 102 1.13, 18 38 2.33, 18 62 2.22, 18 72 1.96, 13 296 1.7, 15 47 2.93, 8 170 0.9, 8 121 0.56, 8 35 1.08, 6 115 1.06, 6 38 1.71, 6 14 1.83, 17 28 1.33, 17 25 1.07, 4 51 3.34, 16 87 1.55, 11 305 1.15, 16 822 1.68, 5 136 1.62, 3 62 5.41, 3 46 2.65, 3 88 3.43, 3 55 0.72, 3 52 3.4, 3 61 7.08, 
Transaction 985:10 29 0.64, 10 27 0.99, 18 264 0.95, 12 99 3.9, 12 61 3.14, 1 74 3.11, 1 72 2.69, 15 151 3.47, 15 39 2.53, 15 74 4.91, 15 108 1.42, 15 40 3.84, 8 119 1.1, 8 25 1.81, 6 116 1.67, 17 95 0.78, 16 110 1.34, 
Transaction 986:12 498 2.84, 12 55 6.42, 12 50 3.74, 1 299 2.39, 13 57 0.51, 15 54 3.47, 6 222 1.06, 6 57 3, 6 29 0.82, 6 12 1.69, 6 37 1.35, 6 53 2.16, 17 38 1.37, 17 48 1.36, 16 125 0.81, 9 477 4.08, 3 451 4.15, 
Transaction 987:10 19 7.29, 15 22 3.04, 6 193 0.43, 17 23 5.26, 17 36 6.32, 5 644 3.53, 3 158 6.95, 3 72 4.83, 5 59 3.53, 3 39 4.42, 3 55 5.44, 
Transaction 988:18 181 1.16, 18 66 1.17, 18 74 0.8, 1 109 3.4, 7 28 0.15, 15 86 2.95, 15 45 4.04, 8 63 1.66, 6 9 1.62, 17 34 1.93, 4 120 1.97, 9 105 3.68, 3 447 3.85, 3 35 4.2, 
Transaction 989:18 276 0.99, 16 389 2.16, 15 263 3.2, 17 29 1.48, 17 33 2.62, 2 261 3.97, 11 153 1.64, 5 10 1.2, 3 51 3.16, 
Transaction 990:10 65 7.69, 10 35 3.99, 10 28 4.98, 14 35 11.7, 12 141 2.13, 7 136 1.79, 13 130 1.58, 8 102 8.25, 8 44 4.8, 8 56 0.1, 6 125 1.07, 17 76 2.95, 4 352 4.88, 1 432 1.07, 7 50 5.94, 13 156 1.86, 15 60 3.35, 15 52 1.92, 15 46 0.66, 15 132 3.55, 16 128 4.02, 7 108 8.65, 13 270 1.99, 13 154 1.84, 13 486 2.88, 15 50 2.53, 8 38 0.12, 8 23 7.96, 16 214 3.29, 2 559 14.59, 5 50 4.39, 3 60 2.91, 3 54 6.14, 
Transaction 991:10 44 2.5, 18 79 2.51, 18 68 5.52, 18 58 3.87, 18 43 2.13, 15 202 2.69, 15 45 3.49, 15 38 2.16, 8 124 0.06, 8 209 2.32, 6 163 1.65, 6 32 1.28, 6 47 0.67, 17 51 4.99, 17 12 4.87, 17 66 9.95, 15 30 3.13, 15 23 1.75, 6 152 0.34, 6 42 1.35, 6 18 1.35, 6 42 0.66, 6 32 0.65, 6 41 1.6, 6 29 1.81, 17 60 10.98, 3 42 8.03, 
Transaction 992:14 113 0.25, 12 204 2.64, 1 76 0.61, 1 55 0.87, 7 45 1.36, 7 22 2.79, 7 46 2.51, 7 28 0.52, 7 46 0.69, 16 45 1.31, 16 46 1.54, 16 33 1.43, 9 87 4.41, 9 110 3.38, 2 60 2.08, 11 81 1.54, 4 154 0.74, 4 135 0.88, 4 63 1.96, 4 58 0.06, 4 42 0.99, 16 68 1.99, 7 40 1.2, 7 58 1.37, 16 91 0.82, 7 48 1.16, 7 61 0.63, 7 44 0.84, 7 184 1.49, 16 64 1.11, 9 88 2.05, 2 51 4.47, 
Transaction 993:10 69 1.76, 18 73 7.09, 1 130 0.25, 1 57 0.58, 3 886 6.69, 
Transaction 994:10 48 1.07, 10 32 1.17, 18 108 1.43, 18 58 1.76, 18 56 0.62, 18 48 1.95, 18 51 0.71, 18 35 0.55, 1 628 1.98, 1 101 5.18, 1 66 3.65, 1 96 1.91, 1 94 3.16, 1 82 1.21, 7 124 0.02, 7 45 2.84, 13 182 1.49, 13 76 1.68, 13 50 1.07, 15 32 2.89, 6 121 1.8, 6 197 1.49, 6 135 1.45, 6 51 0.07, 17 173 2.26, 17 20 1.93, 17 31 2.03, 17 33 2.77, 17 24 0.52, 17 33 1.98, 4 50 0.06, 9 268 0.21, 9 136 2.13, 5 157 3.31, 5 174 0.23, 5 66 1.51, 5 33 2.68, 3 72 4.23, 
Transaction 995:10 32 6.89, 10 28 11.86, 10 26 5.11, 18 107 6.88, 18 220 1.37, 1 519 0.47, 13 211 0.73, 15 111 2.01, 15 64 3.62, 6 260 2.1, 6 170 0.49, 6 4 1.26, 6 228 1.54, 17 29 6.01, 17 45 12.51, 16 122 4.27, 6 859 1.55, 6 27 0.53, 17 32 9.97, 3 36 0.43, 3 51 0.39, 
Transaction 996:10 67 1.54, 14 93 0.65, 18 99 0.18, 18 62 0.86, 18 77 1.53, 1 269 2.63, 15 454 3.79, 8 72 2.11, 8 26 0.74, 6 236 1.65, 6 156 0.65, 6 220 0.87, 6 96 0.76, 6 53 1.47, 6 69 0.48, 6 127 0.59, 17 37 0.99, 17 30 1.36, 17 21 2.81, 17 32 1.21, 5 139 1.8, 3 54 2.54, 
Transaction 997:14 51 1.48, 14 63 1.07, 14 45 3.71, 14 52 1.29, 12 109 2.77, 1 96 1.78, 1 48 3.5, 13 192 1.06, 13 41 1.65, 4 229 1.99, 4 68 2.7, 4 69 0.92, 16 62 1.7, 16 54 1.43, 16 101 1.52, 11 18 1.46, 
Transaction 998:10 19 1.38, 10 37 1.28, 15 54 1.45, 10 34 0.28, 10 34 1.48, 10 39 1.81, 10 49 1.51, 10 67 1.04, 10 83 0.79, 10 86 1.53, 15 38 2.41, 17 52 0.82, 17 56 1.33, 17 39 1.03, 17 53 1.78, 17 55 0.05, 17 33 2.28, 17 36 0.28, 16 298 0.47, 9 473 4.29, 11 355 2, 5 53 4.08, 
Transaction 999:10 48 1.3, 10 33 0.86, 10 50 0.54, 10 55 1.45, 13 159 0.72, 13 111 1.74, 7 124 1.2, 13 103 0.6, 15 21 3.81, 17 127 1.63, 17 12 2.4, 17 31 1.91, 17 56 0.94, 17 28 2.21, 3 417 5.18, 